#ifndef MSPM_HASH_TABLE0_H
#define MSPM_HASH_TABLE0_H
#define MSPM_HASH_TABLE0_WIDTH (16)
#define MSPM_HASH_TABLE0_DEPTH (16384)
#define MSPM_HASH_TABLE0_LGDEPTH (14)


#define MSPM_HASH_TABLE0_MAXLGDEPTH (14)


#if SPUMP_PRGMA
[[intel::singlepump]]
#endif
#if DPUMP_PRGMA
[[intel::doublepump]]
#endif
#if DPORT_PRGMA
[[intel::simple_dual_port]]
#endif
const static unsigned short MSPM_HASH_TABLE0[16384] = {
 0x0000,
 0x0000,
 0x0000,
 0x0000,
 0x0000,
 0x0000,
 0x0000,
 0x0000,
 0x0000,
 0x0000,
 0x0000,
 0x0000,
 0x0000,
 0x0000,
 0x8148,
 0x0000,
 0x0000,
 0x0000,
 0x0000,
 0x0000,
 0x0000,
 0x0000,
 0x0000,
 0x0000,
 0x0000,
 0x0000,
 0x0000,
 0x0000,
 0x0000,
 0x0000,
 0x0000,
 0x0000,
 0x0000,
 0x0000,
 0x0000,
 0x0000,
 0x0000,
 0x0000,
 0x0000,
 0x0000,
 0x0000,
 0x0000,
 0x0000,
 0x0000,
 0x0000,
 0x0000,
 0x0000,
 0x0000,
 0x0000,
 0x0000,
 0x0000,
 0x0000,
 0x0443,
 0x0000,
 0x0000,
 0x0000,
 0x0000,
 0x0000,
 0x0000,
 0x0000,
 0x8002,
 0x0000,
 0x0000,
 0x0000,
 0x0000,
 0x0000,
 0x0000,
 0x0000,
 0x0000,
 0x0000,
 0x0000,
 0x0000,
 0x0000,
 0x0000,
 0x0000,
 0x0000,
 0x0000,
 0x0000,
 0x0000,
 0x0000,
 0x0000,
 0x083d,
 0x0000,
 0x0000,
 0x0000,
 0x0000,
 0x0000,
 0x0000,
 0x0000,
 0x0000,
 0x0000,
 0x0000,
 0x0000,
 0x0000,
 0x0000,
 0x0000,
 0x0000,
 0x0000,
 0x0000,
 0x1118,
 0x0000,
 0x0000,
 0x0000,
 0x0000,
 0x0000,
 0x0000,
 0x0000,
 0x0000,
 0x0000,
 0x0000,
 0x0000,
 0x0000,
 0x0000,
 0x0000,
 0x0000,
 0x0000,
 0x0000,
 0x0000,
 0x0000,
 0x0000,
 0x0000,
 0x0000,
 0x0000,
 0x0000,
 0x00af,
 0x0000,
 0x0000,
 0x0000,
 0x0000,
 0x0000,
 0x0000,
 0x0000,
 0x0000,
 0x0000,
 0x0000,
 0x0000,
 0x0000,
 0x0000,
 0x0000,
 0x0000,
 0x0000,
 0x0000,
 0x0000,
 0x0000,
 0x0000,
 0x0000,
 0x0000,
 0x0000,
 0x0000,
 0x0000,
 0x0000,
 0x0000,
 0x0000,
 0x0000,
 0x0000,
 0x0000,
 0x0000,
 0x0000,
 0x0000,
 0x0000,
 0x0000,
 0x0000,
 0x0000,
 0x0000,
 0x0000,
 0x0000,
 0x0000,
 0x0000,
 0x0000,
 0x0000,
 0x0000,
 0x0000,
 0x0000,
 0x0000,
 0x0000,
 0x0000,
 0x0000,
 0x0000,
 0x0000,
 0x0000,
 0x0000,
 0x0000,
 0x0000,
 0x0000,
 0x0000,
 0x0000,
 0x0000,
 0x0000,
 0x0000,
 0x0000,
 0x0000,
 0x0000,
 0x0000,
 0x0000,
 0x0000,
 0x0000,
 0x0000,
 0x0000,
 0x0000,
 0x0000,
 0x0000,
 0x0000,
 0x0000,
 0x0000,
 0x0000,
 0x0000,
 0x0000,
 0x0000,
 0x0000,
 0x0000,
 0x0000,
 0x0000,
 0x0000,
 0x0000,
 0x0000,
 0x0000,
 0x0000,
 0x0000,
 0x0000,
 0x0000,
 0x0000,
 0x0000,
 0x0000,
 0x0000,
 0x0000,
 0x0000,
 0x0000,
 0x0000,
 0x0000,
 0x0000,
 0x0000,
 0x0000,
 0x0000,
 0x0000,
 0x0000,
 0x0000,
 0x0000,
 0x0000,
 0x0000,
 0x0000,
 0x0000,
 0x0000,
 0x0000,
 0x0000,
 0x0000,
 0x0000,
 0x0000,
 0x0000,
 0x0000,
 0x0000,
 0x0000,
 0x0000,
 0x0000,
 0x0000,
 0x0000,
 0x0000,
 0x0000,
 0x0000,
 0x0000,
 0x0000,
 0x0000,
 0x0000,
 0x0000,
 0x0000,
 0x0000,
 0x0000,
 0x0000,
 0x0000,
 0x0000,
 0x0000,
 0x0000,
 0x0000,
 0x0000,
 0x0000,
 0x0000,
 0x0974,
 0x0000,
 0x0000,
 0x0000,
 0x0000,
 0x0000,
 0x0000,
 0x0000,
 0x0000,
 0x0000,
 0x0000,
 0x0000,
 0x0000,
 0x0000,
 0x0000,
 0x0000,
 0x0000,
 0x0000,
 0x0000,
 0x0000,
 0x0000,
 0x0000,
 0x0000,
 0x0000,
 0x0000,
 0x0000,
 0x0102,
 0x0000,
 0x0000,
 0x0000,
 0x0000,
 0x0000,
 0x0000,
 0x0000,
 0x0000,
 0x0000,
 0x0000,
 0x0000,
 0x0000,
 0x0000,
 0x0000,
 0x0000,
 0x0000,
 0x0000,
 0x0000,
 0x0000,
 0x0000,
 0x0000,
 0x0000,
 0x0000,
 0x0000,
 0x0000,
 0x0000,
 0x0000,
 0x002c,
 0x0000,
 0x0000,
 0x0000,
 0x0000,
 0x0000,
 0x0000,
 0x0000,
 0x0000,
 0x0000,
 0x0000,
 0x0000,
 0x0000,
 0x0000,
 0x0000,
 0x0000,
 0x0691,
 0x0000,
 0x0000,
 0x0000,
 0x0000,
 0x0000,
 0x0000,
 0x0000,
 0x0000,
 0x0000,
 0x0000,
 0x0000,
 0x0000,
 0x0000,
 0x0000,
 0x0000,
 0x0000,
 0x0000,
 0x0000,
 0x0000,
 0x0000,
 0x0000,
 0x0000,
 0x0000,
 0x0000,
 0x0000,
 0x0000,
 0x0000,
 0x0000,
 0x0000,
 0x0000,
 0x0000,
 0x0000,
 0x0000,
 0x0000,
 0x0000,
 0x0000,
 0x0000,
 0x0000,
 0x0000,
 0x0000,
 0x0000,
 0x0000,
 0x0000,
 0x0000,
 0x0000,
 0x0000,
 0x0000,
 0x0000,
 0x0000,
 0x0000,
 0x0000,
 0x0000,
 0x0000,
 0x0000,
 0x0000,
 0x0000,
 0x0000,
 0x0000,
 0x096b,
 0x0000,
 0x0000,
 0x0000,
 0x0000,
 0x0000,
 0x0000,
 0x0000,
 0x0000,
 0x0000,
 0x0000,
 0x0000,
 0x0000,
 0x0000,
 0x0000,
 0x0000,
 0x0000,
 0x0000,
 0x0000,
 0x0000,
 0x0000,
 0x0000,
 0x0000,
 0x0000,
 0x0000,
 0x0000,
 0x0000,
 0x0000,
 0x0000,
 0x0000,
 0x0000,
 0x0000,
 0x0000,
 0x0000,
 0x0000,
 0x0000,
 0x0000,
 0x0000,
 0x0000,
 0x0000,
 0x0000,
 0x0000,
 0x0000,
 0x0000,
 0x0000,
 0x0000,
 0x0000,
 0x0000,
 0x0000,
 0x0000,
 0x0000,
 0x0000,
 0x0000,
 0x0000,
 0x0c6b,
 0x0000,
 0x0000,
 0x0000,
 0x0000,
 0x0000,
 0x0000,
 0x0000,
 0x0000,
 0x811c,
 0x0000,
 0x0000,
 0x0000,
 0x0749,
 0x0000,
 0x0000,
 0x0000,
 0x0000,
 0x0000,
 0x0000,
 0x0000,
 0x0000,
 0x0000,
 0x0000,
 0x0000,
 0x0000,
 0x0000,
 0x0000,
 0x0000,
 0x0000,
 0x0000,
 0x0000,
 0x0000,
 0x031d,
 0x0000,
 0x0844,
 0x0000,
 0x0000,
 0x0000,
 0x0000,
 0x0000,
 0x0000,
 0x0000,
 0x0000,
 0x0000,
 0x0000,
 0x0000,
 0x0000,
 0x0223,
 0x0000,
 0x0000,
 0x0000,
 0x0000,
 0x0000,
 0x0000,
 0x0000,
 0x0000,
 0x0000,
 0x0000,
 0x0000,
 0x0000,
 0x0000,
 0x0000,
 0x0000,
 0x8140,
 0x0000,
 0x0000,
 0x0000,
 0x0000,
 0x0000,
 0x0000,
 0x0000,
 0x0000,
 0x0000,
 0x0000,
 0x0000,
 0x0000,
 0x0000,
 0x0000,
 0x0000,
 0x0000,
 0x0000,
 0x0000,
 0x0000,
 0x0000,
 0x0000,
 0x0000,
 0x0000,
 0x0000,
 0x0000,
 0x0000,
 0x0000,
 0x0000,
 0x0000,
 0x0000,
 0x0000,
 0x0000,
 0x0000,
 0x0000,
 0x0000,
 0x075d,
 0x0000,
 0x0000,
 0x0000,
 0x0000,
 0x0000,
 0x0000,
 0x0000,
 0x0000,
 0x0000,
 0x0000,
 0x0000,
 0x0000,
 0x0000,
 0x0000,
 0x0000,
 0x0000,
 0x0000,
 0x0000,
 0x0000,
 0x0000,
 0x0000,
 0x0000,
 0x0000,
 0x0000,
 0x0000,
 0x0000,
 0x0000,
 0x0000,
 0x0000,
 0x0000,
 0x0000,
 0x0000,
 0x0000,
 0x0000,
 0x0000,
 0x0000,
 0x0000,
 0x0000,
 0x0000,
 0x0000,
 0x0000,
 0x0000,
 0x0000,
 0x0000,
 0x0000,
 0x0000,
 0x0000,
 0x0000,
 0x0000,
 0x0000,
 0x0000,
 0x8059,
 0x0000,
 0x0000,
 0x0000,
 0x0000,
 0x0000,
 0x0000,
 0x0000,
 0x0000,
 0x0000,
 0x0000,
 0x0000,
 0x0000,
 0x0000,
 0x0000,
 0x0000,
 0x0000,
 0x0000,
 0x0000,
 0x0000,
 0x0000,
 0x0000,
 0x0000,
 0x0000,
 0x0000,
 0x0000,
 0x0000,
 0x0000,
 0x0000,
 0x0000,
 0x0000,
 0x0000,
 0x0000,
 0x0000,
 0x0000,
 0x0000,
 0x0000,
 0x0000,
 0x0000,
 0x0000,
 0x0000,
 0x0000,
 0x0000,
 0x0000,
 0x0000,
 0x0000,
 0x0000,
 0x0000,
 0x0000,
 0x0000,
 0x0000,
 0x0000,
 0x0000,
 0x0000,
 0x0000,
 0x0000,
 0x0000,
 0x0000,
 0x0000,
 0x0000,
 0x0000,
 0x0000,
 0x0000,
 0x0000,
 0x0000,
 0x0000,
 0x0000,
 0x0000,
 0x0000,
 0x0000,
 0x0000,
 0x0000,
 0x0000,
 0x0000,
 0x0000,
 0x80e5,
 0x0000,
 0x0000,
 0x0000,
 0x0000,
 0x0000,
 0x0000,
 0x8093,
 0x0000,
 0x0000,
 0x0000,
 0x0000,
 0x0000,
 0x0000,
 0x0000,
 0x0000,
 0x0000,
 0x0000,
 0x0000,
 0x0000,
 0x0000,
 0x0000,
 0x0000,
 0x0000,
 0x0000,
 0x0000,
 0x0000,
 0x0000,
 0x0000,
 0x0000,
 0x0000,
 0x0000,
 0x0000,
 0x0000,
 0x0000,
 0x0000,
 0x0000,
 0x0000,
 0x0000,
 0x0000,
 0x0000,
 0x0000,
 0x0000,
 0x0000,
 0x0000,
 0x0000,
 0x0000,
 0x0000,
 0x0000,
 0x0000,
 0x0000,
 0x0000,
 0x0000,
 0x0000,
 0x0000,
 0x0000,
 0x0000,
 0x0000,
 0x0000,
 0x0000,
 0x0000,
 0x0000,
 0x0000,
 0x0000,
 0x0000,
 0x0000,
 0x0000,
 0x0000,
 0x0000,
 0x0000,
 0x0000,
 0x0000,
 0x0000,
 0x0000,
 0x0000,
 0x0000,
 0x0000,
 0x0000,
 0x0000,
 0x0000,
 0x0000,
 0x0000,
 0x0000,
 0x0000,
 0x0000,
 0x0000,
 0x0000,
 0x0000,
 0x0000,
 0x0000,
 0x0000,
 0x0000,
 0x0000,
 0x0000,
 0x0000,
 0x0000,
 0x0000,
 0x0000,
 0x0000,
 0x0000,
 0x0000,
 0x0000,
 0x0000,
 0x0000,
 0x0000,
 0x0000,
 0x0000,
 0x0000,
 0x0000,
 0x0000,
 0x0000,
 0x0000,
 0x0000,
 0x0000,
 0x0000,
 0x0000,
 0x0000,
 0x0000,
 0x0000,
 0x0000,
 0x0000,
 0x0000,
 0x0000,
 0x0000,
 0x0000,
 0x0000,
 0x0000,
 0x0000,
 0x0000,
 0x0000,
 0x0000,
 0x0000,
 0x0000,
 0x0000,
 0x0000,
 0x0000,
 0x0000,
 0x0000,
 0x0000,
 0x0000,
 0x0000,
 0x0000,
 0x0000,
 0x0000,
 0x0000,
 0x0000,
 0x0000,
 0x0000,
 0x0000,
 0x0000,
 0x0000,
 0x8053,
 0x0000,
 0x0000,
 0x0000,
 0x0000,
 0x0000,
 0x0000,
 0x0000,
 0x0000,
 0x0000,
 0x0000,
 0x0000,
 0x0000,
 0x0000,
 0x8106,
 0x0000,
 0x0000,
 0x0000,
 0x0000,
 0x0000,
 0x0000,
 0x0000,
 0x0000,
 0x0000,
 0x0000,
 0x0000,
 0x0000,
 0x0000,
 0x0000,
 0x0000,
 0x0000,
 0x0000,
 0x0000,
 0x0000,
 0x0000,
 0x0000,
 0x0000,
 0x0000,
 0x818d,
 0x0000,
 0x0000,
 0x0000,
 0x0000,
 0x0000,
 0x0000,
 0x0000,
 0x0000,
 0x0000,
 0x0000,
 0x0000,
 0x0000,
 0x0000,
 0x0000,
 0x0000,
 0x0000,
 0x0000,
 0x0000,
 0x0000,
 0x0000,
 0x0000,
 0x0000,
 0x0000,
 0x0000,
 0x0000,
 0x0000,
 0x0000,
 0x0000,
 0x0000,
 0x0000,
 0x0000,
 0x0000,
 0x0000,
 0x0000,
 0x0000,
 0x0000,
 0x0000,
 0x0000,
 0x0000,
 0x0000,
 0x0000,
 0x0000,
 0x0000,
 0x0000,
 0x0000,
 0x0000,
 0x0000,
 0x0000,
 0x0000,
 0x0000,
 0x0000,
 0x0000,
 0x0000,
 0x0000,
 0x0000,
 0x0000,
 0x0000,
 0x0000,
 0x0000,
 0x0000,
 0x0000,
 0x0000,
 0x0000,
 0x0000,
 0x0000,
 0x0000,
 0x0000,
 0x0000,
 0x0000,
 0x0000,
 0x0000,
 0x0000,
 0x0000,
 0x0000,
 0x0000,
 0x0000,
 0x0000,
 0x0000,
 0x0000,
 0x0000,
 0x0000,
 0x0000,
 0x0000,
 0x0000,
 0x0000,
 0x0000,
 0x0000,
 0x0000,
 0x0000,
 0x0000,
 0x0000,
 0x8132,
 0x0000,
 0x0000,
 0x0000,
 0x0000,
 0x0000,
 0x0000,
 0x0000,
 0x0000,
 0x0000,
 0x0000,
 0x0000,
 0x0000,
 0x0000,
 0x0000,
 0x0000,
 0x0000,
 0x0000,
 0x0000,
 0x0000,
 0x0000,
 0x0000,
 0x0000,
 0x0000,
 0x0000,
 0x0000,
 0x0000,
 0x0000,
 0x0000,
 0x0000,
 0x0000,
 0x0000,
 0x0000,
 0x0000,
 0x0000,
 0x0000,
 0x0000,
 0x0000,
 0x0000,
 0x0000,
 0x0000,
 0x0000,
 0x0000,
 0x0000,
 0x0000,
 0x0000,
 0x01ff,
 0x0000,
 0x0000,
 0x0000,
 0x0000,
 0x0000,
 0x0000,
 0x0000,
 0x0000,
 0x0000,
 0x0000,
 0x0000,
 0x0000,
 0x0000,
 0x0000,
 0x0000,
 0x0000,
 0x0000,
 0x0000,
 0x0000,
 0x0000,
 0x0000,
 0x8028,
 0x0000,
 0x0000,
 0x0000,
 0x0000,
 0x0000,
 0x0000,
 0x0000,
 0x0000,
 0x0000,
 0x8155,
 0x0000,
 0x0000,
 0x0000,
 0x0000,
 0x0000,
 0x0000,
 0x0000,
 0x0000,
 0x0000,
 0x0000,
 0x0000,
 0x0000,
 0x0000,
 0x0000,
 0x0000,
 0x0000,
 0x8034,
 0x0000,
 0x0000,
 0x0000,
 0x0000,
 0x0000,
 0x0000,
 0x0000,
 0x0000,
 0x0000,
 0x0000,
 0x0000,
 0x0000,
 0x0000,
 0x0000,
 0x0000,
 0x0000,
 0x0000,
 0x0000,
 0x0000,
 0x0000,
 0x0000,
 0x0000,
 0x0000,
 0x0000,
 0x0000,
 0x0000,
 0x0000,
 0x0000,
 0x0000,
 0x0000,
 0x0000,
 0x0000,
 0x0000,
 0x0000,
 0x0000,
 0x0000,
 0x0000,
 0x0000,
 0x0000,
 0x0000,
 0x0000,
 0x0000,
 0x0000,
 0x0000,
 0x0000,
 0x0000,
 0x0000,
 0x0000,
 0x0000,
 0x0741,
 0x0000,
 0x0000,
 0x0000,
 0x0000,
 0x0000,
 0x0000,
 0x0000,
 0x0000,
 0x0000,
 0x07a8,
 0x0000,
 0x0000,
 0x0000,
 0x0000,
 0x0000,
 0x0000,
 0x0000,
 0x0000,
 0x8103,
 0x0000,
 0x0000,
 0x0000,
 0x0000,
 0x0000,
 0x0000,
 0x0000,
 0x0000,
 0x0000,
 0x0000,
 0x0000,
 0x0000,
 0x0000,
 0x0000,
 0x0000,
 0x0000,
 0x0000,
 0x0000,
 0x0000,
 0x0000,
 0x0000,
 0x0000,
 0x0000,
 0x0000,
 0x0000,
 0x0000,
 0x0000,
 0x0000,
 0x0000,
 0x0000,
 0x0000,
 0x0000,
 0x0000,
 0x0000,
 0x0000,
 0x0000,
 0x0000,
 0x0000,
 0x0000,
 0x0000,
 0x0000,
 0x0000,
 0x0000,
 0x0000,
 0x0000,
 0x0000,
 0x0000,
 0x0000,
 0x0000,
 0x0000,
 0x0000,
 0x0000,
 0x0000,
 0x0000,
 0x0000,
 0x0000,
 0x0000,
 0x0000,
 0x0000,
 0x0000,
 0x0000,
 0x0000,
 0x0000,
 0x0000,
 0x0000,
 0x0000,
 0x8094,
 0x0000,
 0x0000,
 0x0000,
 0x0000,
 0x0000,
 0x0000,
 0x0000,
 0x0000,
 0x0000,
 0x0000,
 0x0000,
 0x0000,
 0x0000,
 0x0000,
 0x0000,
 0x0000,
 0x0000,
 0x0000,
 0x0000,
 0x0000,
 0x0000,
 0x0000,
 0x0000,
 0x0000,
 0x0000,
 0x0000,
 0x0000,
 0x0000,
 0x0000,
 0x0000,
 0x0000,
 0x0000,
 0x0000,
 0x0000,
 0x0000,
 0x0000,
 0x0000,
 0x0000,
 0x0000,
 0x0000,
 0x0000,
 0x0000,
 0x0000,
 0x0000,
 0x0000,
 0x0000,
 0x0000,
 0x0000,
 0x0000,
 0x0000,
 0x0000,
 0x0000,
 0x0000,
 0x0000,
 0x0000,
 0x0000,
 0x0000,
 0x0000,
 0x0000,
 0x0000,
 0x0000,
 0x0000,
 0x0000,
 0x8144,
 0x0000,
 0x0000,
 0x0000,
 0x0000,
 0x0000,
 0x0000,
 0x022f,
 0x0000,
 0x0000,
 0x0000,
 0x0000,
 0x0000,
 0x0000,
 0x0000,
 0x0000,
 0x0000,
 0x0000,
 0x0000,
 0x0000,
 0x0000,
 0x0000,
 0x0000,
 0x0000,
 0x0000,
 0x0000,
 0x0000,
 0x0000,
 0x0000,
 0x0000,
 0x0000,
 0x0000,
 0x0000,
 0x0000,
 0x0000,
 0x0000,
 0x0000,
 0x0000,
 0x0000,
 0x0000,
 0x0000,
 0x0000,
 0x0000,
 0x0000,
 0x0000,
 0x0000,
 0x0000,
 0x0000,
 0x0000,
 0x0000,
 0x0000,
 0x0000,
 0x0000,
 0x0000,
 0x0000,
 0x0000,
 0x0000,
 0x0000,
 0x0000,
 0x0000,
 0x0000,
 0x0000,
 0x0000,
 0x0000,
 0x0000,
 0x0000,
 0x0000,
 0x0000,
 0x0000,
 0x0000,
 0x0000,
 0x0000,
 0x0000,
 0x0000,
 0x0000,
 0x0000,
 0x0000,
 0x0000,
 0x0000,
 0x0000,
 0x0000,
 0x0000,
 0x0000,
 0x0000,
 0x0000,
 0x0000,
 0x0000,
 0x0000,
 0x0000,
 0x0000,
 0x0000,
 0x0000,
 0x0000,
 0x0000,
 0x0000,
 0x0000,
 0x0000,
 0x0000,
 0x0000,
 0x0000,
 0x0000,
 0x0000,
 0x0000,
 0x0000,
 0x0000,
 0x0000,
 0x0000,
 0x0000,
 0x0000,
 0x80a0,
 0x0000,
 0x0000,
 0x0000,
 0x0000,
 0x0000,
 0x0000,
 0x0000,
 0x0000,
 0x0000,
 0x0000,
 0x0000,
 0x0000,
 0x0000,
 0x0000,
 0x0000,
 0x0000,
 0x0000,
 0x0000,
 0x0000,
 0x0000,
 0x0000,
 0x0000,
 0x0000,
 0x0000,
 0x0000,
 0x0000,
 0x0000,
 0x0000,
 0x0000,
 0x0000,
 0x0000,
 0x0000,
 0x0000,
 0x0000,
 0x0000,
 0x0000,
 0x0000,
 0x0000,
 0x0000,
 0x0000,
 0x0000,
 0x0000,
 0x0000,
 0x0000,
 0x0000,
 0x0000,
 0x0000,
 0x0000,
 0x0000,
 0x0000,
 0x0000,
 0x0000,
 0x0000,
 0x0000,
 0x0000,
 0x0000,
 0x0000,
 0x0000,
 0x0000,
 0x0000,
 0x0000,
 0x0000,
 0x0000,
 0x0000,
 0x0000,
 0x0000,
 0x0000,
 0x0000,
 0x0000,
 0x0000,
 0x0000,
 0x0000,
 0x0000,
 0x0000,
 0x0000,
 0x0000,
 0x0000,
 0x0000,
 0x0000,
 0x0000,
 0x0000,
 0x0000,
 0x0000,
 0x0000,
 0x0000,
 0x0000,
 0x0000,
 0x0000,
 0x0000,
 0x0000,
 0x0000,
 0x0000,
 0x0000,
 0x0000,
 0x0000,
 0x0000,
 0x0000,
 0x0000,
 0x0000,
 0x0000,
 0x0000,
 0x0000,
 0x0000,
 0x096f,
 0x0000,
 0x0000,
 0x0000,
 0x0000,
 0x0000,
 0x0000,
 0x0000,
 0x0000,
 0x0000,
 0x0000,
 0x0000,
 0x0000,
 0x0000,
 0x0000,
 0x0000,
 0x0000,
 0x0000,
 0x0000,
 0x0000,
 0x80bf,
 0x0000,
 0x0000,
 0x0000,
 0x0000,
 0x0000,
 0x0000,
 0x0000,
 0x0000,
 0x0000,
 0x0000,
 0x0000,
 0x0000,
 0x0000,
 0x0000,
 0x0000,
 0x0000,
 0x0000,
 0x0000,
 0x0000,
 0x0000,
 0x0000,
 0x0000,
 0x0000,
 0x0000,
 0x0000,
 0x0000,
 0x0000,
 0x0000,
 0x0000,
 0x0000,
 0x0000,
 0x0000,
 0x0000,
 0x0000,
 0x805d,
 0x0000,
 0x0000,
 0x0000,
 0x0000,
 0x0000,
 0x0000,
 0x0000,
 0x8000,
 0x0000,
 0x0000,
 0x0000,
 0x0000,
 0x0000,
 0x0000,
 0x0000,
 0x0000,
 0x0000,
 0x0000,
 0x0000,
 0x0000,
 0x0000,
 0x817d,
 0x0000,
 0x0000,
 0x0000,
 0x0000,
 0x0000,
 0x0000,
 0x0000,
 0x0000,
 0x0000,
 0x0000,
 0x0000,
 0x0000,
 0x0000,
 0x0000,
 0x0000,
 0x0000,
 0x0000,
 0x0000,
 0x0000,
 0x0000,
 0x0000,
 0x0000,
 0x0000,
 0x0000,
 0x0000,
 0x0000,
 0x0000,
 0x0000,
 0x0000,
 0x8130,
 0x0000,
 0x0000,
 0x0000,
 0x0000,
 0x0000,
 0x0000,
 0x0000,
 0x0000,
 0x0000,
 0x0000,
 0x0000,
 0x0000,
 0x0000,
 0x0000,
 0x0000,
 0x0000,
 0x812e,
 0x0000,
 0x0000,
 0x0000,
 0x0000,
 0x0000,
 0x0000,
 0x0000,
 0x0000,
 0x0000,
 0x0000,
 0x0000,
 0x0000,
 0x0000,
 0x809c,
 0x0000,
 0x0000,
 0x0000,
 0x0000,
 0x0000,
 0x0000,
 0x0000,
 0x0000,
 0x0000,
 0x0000,
 0x0000,
 0x0000,
 0x0c10,
 0x0000,
 0x0000,
 0x0000,
 0x0000,
 0x0000,
 0x0000,
 0x0000,
 0x0000,
 0x0000,
 0x0000,
 0x0000,
 0x0000,
 0x0000,
 0x0000,
 0x0000,
 0x0000,
 0x0000,
 0x0000,
 0x0000,
 0x0000,
 0x0000,
 0x0000,
 0x0000,
 0x0000,
 0x0000,
 0x0000,
 0x0000,
 0x0000,
 0x0000,
 0x0000,
 0x0000,
 0x0000,
 0x0000,
 0x0000,
 0x0000,
 0x0000,
 0x0000,
 0x0000,
 0x0000,
 0x0000,
 0x0000,
 0x0000,
 0x0000,
 0x0000,
 0x0000,
 0x0000,
 0x0000,
 0x0000,
 0x0000,
 0x0000,
 0x0000,
 0x0000,
 0x0000,
 0x0000,
 0x0000,
 0x0000,
 0x817b,
 0x0000,
 0x0000,
 0x0000,
 0x0000,
 0x0000,
 0x0000,
 0x0000,
 0x0000,
 0x0000,
 0x0000,
 0x0000,
 0x0000,
 0x0000,
 0x0000,
 0x0000,
 0x0000,
 0x0000,
 0x0000,
 0x0000,
 0x0000,
 0x0000,
 0x0000,
 0x0000,
 0x0000,
 0x0000,
 0x0000,
 0x0000,
 0x0000,
 0x0000,
 0x0000,
 0x0000,
 0x0000,
 0x0000,
 0x0000,
 0x0000,
 0x0000,
 0x0000,
 0x0000,
 0x0000,
 0x0000,
 0x0000,
 0x0000,
 0x0000,
 0x0000,
 0x0000,
 0x8193,
 0x0000,
 0x0000,
 0x0000,
 0x0000,
 0x0000,
 0x0000,
 0x0000,
 0x0000,
 0x0000,
 0x0000,
 0x0000,
 0x0000,
 0x0000,
 0x0000,
 0x0000,
 0x0000,
 0x0000,
 0x0000,
 0x0000,
 0x0000,
 0x0000,
 0x0000,
 0x0000,
 0x0000,
 0x0000,
 0x0000,
 0x0000,
 0x0000,
 0x0000,
 0x0000,
 0x0000,
 0x0000,
 0x0000,
 0x0000,
 0x0000,
 0x0000,
 0x0000,
 0x0000,
 0x0000,
 0x0000,
 0x0000,
 0x0000,
 0x0000,
 0x0000,
 0x0000,
 0x0000,
 0x0000,
 0x0000,
 0x0000,
 0x0000,
 0x0000,
 0x0000,
 0x0000,
 0x0000,
 0x0000,
 0x0000,
 0x0000,
 0x0000,
 0x0000,
 0x0000,
 0x0000,
 0x0000,
 0x0000,
 0x0000,
 0x0c9c,
 0x0000,
 0x0000,
 0x0000,
 0x0000,
 0x0000,
 0x0000,
 0x0000,
 0x0000,
 0x0000,
 0x0000,
 0x0000,
 0x0000,
 0x0000,
 0x0000,
 0x0000,
 0x0000,
 0x0000,
 0x0000,
 0x0000,
 0x0000,
 0x0000,
 0x0000,
 0x0000,
 0x80d0,
 0x0000,
 0x0000,
 0x0000,
 0x0000,
 0x0000,
 0x0000,
 0x0bf5,
 0x0000,
 0x0000,
 0x0000,
 0x0000,
 0x0000,
 0x8020,
 0x0000,
 0x0000,
 0x0000,
 0x0000,
 0x0000,
 0x0000,
 0x0000,
 0x0000,
 0x0000,
 0x0000,
 0x0000,
 0x0000,
 0x0000,
 0x0000,
 0x0000,
 0x0000,
 0x0000,
 0x0000,
 0x0000,
 0x0000,
 0x0000,
 0x0000,
 0x0000,
 0x0000,
 0x0000,
 0x0000,
 0x0000,
 0x0000,
 0x0000,
 0x0000,
 0x0000,
 0x0000,
 0x0000,
 0x0000,
 0x0000,
 0x0000,
 0x0000,
 0x0000,
 0x0000,
 0x0000,
 0x0000,
 0x0000,
 0x0000,
 0x0000,
 0x0000,
 0x0000,
 0x0000,
 0x0000,
 0x0000,
 0x0000,
 0x0000,
 0x0000,
 0x0000,
 0x0000,
 0x0000,
 0x0000,
 0x0000,
 0x0000,
 0x0000,
 0x0000,
 0x0000,
 0x0000,
 0x0000,
 0x0000,
 0x0000,
 0x0000,
 0x0000,
 0x0000,
 0x0000,
 0x0000,
 0x0000,
 0x0000,
 0x0000,
 0x0000,
 0x0000,
 0x0000,
 0x0000,
 0x0000,
 0x0000,
 0x807d,
 0x0e86,
 0x073d,
 0x0000,
 0x0000,
 0x0000,
 0x0000,
 0x0000,
 0x0000,
 0x0000,
 0x0000,
 0x0000,
 0x0000,
 0x0000,
 0x0000,
 0x0000,
 0x0000,
 0x0000,
 0x0000,
 0x0000,
 0x0000,
 0x01bd,
 0x0000,
 0x0000,
 0x0000,
 0x0000,
 0x0000,
 0x0000,
 0x0000,
 0x0000,
 0x0000,
 0x0000,
 0x0000,
 0x0000,
 0x0000,
 0x0000,
 0x0000,
 0x0000,
 0x0000,
 0x0000,
 0x0000,
 0x0000,
 0x0000,
 0x0000,
 0x0000,
 0x0000,
 0x0000,
 0x0000,
 0x0000,
 0x0000,
 0x0000,
 0x0000,
 0x0000,
 0x0000,
 0x0000,
 0x0000,
 0x0000,
 0x0000,
 0x0000,
 0x0000,
 0x0000,
 0x0000,
 0x0000,
 0x0000,
 0x0000,
 0x0000,
 0x0000,
 0x0000,
 0x0000,
 0x0000,
 0x0000,
 0x0000,
 0x0000,
 0x0000,
 0x0000,
 0x0000,
 0x0000,
 0x0000,
 0x0000,
 0x0000,
 0x0000,
 0x0000,
 0x0000,
 0x0000,
 0x0000,
 0x0000,
 0x0000,
 0x0000,
 0x0000,
 0x0000,
 0x0000,
 0x0000,
 0x0000,
 0x0000,
 0x0000,
 0x0000,
 0x0000,
 0x0000,
 0x0000,
 0x0000,
 0x0000,
 0x0000,
 0x0000,
 0x0000,
 0x0000,
 0x0000,
 0x0ca2,
 0x0000,
 0x0000,
 0x0000,
 0x0000,
 0x0000,
 0x0000,
 0x0000,
 0x0000,
 0x0000,
 0x0000,
 0x0000,
 0x0000,
 0x0000,
 0x0000,
 0x0000,
 0x0000,
 0x0000,
 0x0000,
 0x0000,
 0x0000,
 0x0000,
 0x0000,
 0x0000,
 0x0000,
 0x0000,
 0x0000,
 0x0000,
 0x05fe,
 0x0000,
 0x0000,
 0x0000,
 0x0000,
 0x0000,
 0x0000,
 0x0000,
 0x0000,
 0x0000,
 0x0000,
 0x0000,
 0x0000,
 0x0000,
 0x0000,
 0x0000,
 0x0000,
 0x0000,
 0x0000,
 0x0000,
 0x0000,
 0x0000,
 0x0000,
 0x0000,
 0x0000,
 0x0000,
 0x0000,
 0x0000,
 0x0000,
 0x0000,
 0x0000,
 0x0000,
 0x0000,
 0x0000,
 0x0000,
 0x0000,
 0x0000,
 0x80c3,
 0x0000,
 0x0000,
 0x0000,
 0x0000,
 0x0000,
 0x0000,
 0x0000,
 0x0000,
 0x0000,
 0x0000,
 0x0000,
 0x0000,
 0x0000,
 0x0000,
 0x0000,
 0x0000,
 0x0000,
 0x0000,
 0x0000,
 0x0000,
 0x0000,
 0x0000,
 0x0000,
 0x0000,
 0x0000,
 0x0000,
 0x0000,
 0x0000,
 0x0000,
 0x0000,
 0x0000,
 0x0000,
 0x0000,
 0x0000,
 0x0000,
 0x0000,
 0x0000,
 0x0000,
 0x0000,
 0x0000,
 0x0000,
 0x0000,
 0x0000,
 0x0000,
 0x0000,
 0x0000,
 0x0000,
 0x08bd,
 0x0000,
 0x0000,
 0x0000,
 0x0000,
 0x0000,
 0x0000,
 0x0000,
 0x800a,
 0x0000,
 0x0000,
 0x0000,
 0x0000,
 0x0000,
 0x0000,
 0x0000,
 0x0000,
 0x0000,
 0x0000,
 0x0000,
 0x0000,
 0x0000,
 0x0000,
 0x0000,
 0x0000,
 0x0000,
 0x0000,
 0x0000,
 0x0000,
 0x0000,
 0x0000,
 0x0000,
 0x0000,
 0x0000,
 0x0000,
 0x0000,
 0x0000,
 0x0000,
 0x0000,
 0x0000,
 0x0000,
 0x0000,
 0x0000,
 0x0000,
 0x0000,
 0x0000,
 0x0000,
 0x0000,
 0x0000,
 0x0000,
 0x0000,
 0x0000,
 0x0000,
 0x0000,
 0x0000,
 0x0000,
 0x0000,
 0x0000,
 0x0000,
 0x0000,
 0x0000,
 0x0000,
 0x0000,
 0x0000,
 0x0000,
 0x0000,
 0x0000,
 0x111a,
 0x0000,
 0x0000,
 0x0000,
 0x0000,
 0x013f,
 0x0000,
 0x0000,
 0x0000,
 0x0000,
 0x0000,
 0x0b09,
 0x0000,
 0x0000,
 0x0000,
 0x0000,
 0x0000,
 0x0000,
 0x0000,
 0x0000,
 0x0000,
 0x0000,
 0x0000,
 0x0000,
 0x0000,
 0x0000,
 0x8138,
 0x0000,
 0x0000,
 0x0000,
 0x0000,
 0x0000,
 0x0000,
 0x0000,
 0x0000,
 0x0000,
 0x0000,
 0x0000,
 0x0000,
 0x0000,
 0x0000,
 0x0000,
 0x0000,
 0x0000,
 0x0000,
 0x0000,
 0x0000,
 0x0000,
 0x0000,
 0x0000,
 0x0000,
 0x0000,
 0x0000,
 0x0000,
 0x0000,
 0x0000,
 0x0000,
 0x0000,
 0x0000,
 0x0000,
 0x0000,
 0x0000,
 0x0000,
 0x0000,
 0x0000,
 0x0000,
 0x0000,
 0x0000,
 0x0000,
 0x0000,
 0x0000,
 0x814c,
 0x0000,
 0x0000,
 0x0000,
 0x0000,
 0x0000,
 0x0000,
 0x0000,
 0x0000,
 0x0000,
 0x0000,
 0x0000,
 0x0000,
 0x0000,
 0x0000,
 0x0000,
 0x0000,
 0x0000,
 0x0000,
 0x0000,
 0x0000,
 0x0000,
 0x0000,
 0x0000,
 0x0000,
 0x0000,
 0x0000,
 0x0000,
 0x0000,
 0x0000,
 0x0000,
 0x0000,
 0x0000,
 0x0000,
 0x0000,
 0x80f5,
 0x0000,
 0x0000,
 0x0000,
 0x0000,
 0x0000,
 0x0000,
 0x0000,
 0x0000,
 0x05e7,
 0x0000,
 0x0000,
 0x0000,
 0x0000,
 0x0000,
 0x0000,
 0x0000,
 0x0000,
 0x0000,
 0x0000,
 0x0000,
 0x0000,
 0x0000,
 0x0000,
 0x0000,
 0x0000,
 0x0000,
 0x0000,
 0x0000,
 0x0000,
 0x0000,
 0x0000,
 0x0000,
 0x0000,
 0x0000,
 0x0000,
 0x0000,
 0x0000,
 0x0000,
 0x0000,
 0x0000,
 0x0000,
 0x0000,
 0x0000,
 0x0000,
 0x0000,
 0x0000,
 0x0000,
 0x0000,
 0x0000,
 0x0000,
 0x0000,
 0x0000,
 0x0000,
 0x0000,
 0x0000,
 0x0000,
 0x0000,
 0x0000,
 0x0000,
 0x0000,
 0x0000,
 0x0000,
 0x0000,
 0x80fa,
 0x0000,
 0x0000,
 0x0000,
 0x0000,
 0x0000,
 0x0000,
 0x0000,
 0x0000,
 0x0000,
 0x0000,
 0x0000,
 0x0000,
 0x0000,
 0x0000,
 0x8079,
 0x0000,
 0x0000,
 0x0000,
 0x0000,
 0x0000,
 0x0000,
 0x0000,
 0x0000,
 0x0000,
 0x0000,
 0x0000,
 0x0000,
 0x0000,
 0x0000,
 0x0000,
 0x0000,
 0x0000,
 0x0000,
 0x0000,
 0x0000,
 0x01aa,
 0x0000,
 0x0000,
 0x0000,
 0x0000,
 0x0000,
 0x0000,
 0x0000,
 0x0000,
 0x0000,
 0x0000,
 0x0000,
 0x0000,
 0x0000,
 0x0000,
 0x0000,
 0x0000,
 0x0000,
 0x0000,
 0x0000,
 0x0000,
 0x0000,
 0x0000,
 0x0000,
 0x0000,
 0x0d12,
 0x0000,
 0x0000,
 0x0000,
 0x0000,
 0x0000,
 0x0000,
 0x0000,
 0x0000,
 0x0000,
 0x0000,
 0x0000,
 0x0000,
 0x0000,
 0x0000,
 0x0000,
 0x0000,
 0x0000,
 0x0000,
 0x0000,
 0x0000,
 0x0000,
 0x0000,
 0x0000,
 0x0000,
 0x0000,
 0x0bab,
 0x0000,
 0x0000,
 0x0000,
 0x0000,
 0x0000,
 0x0000,
 0x0000,
 0x0000,
 0x0000,
 0x0000,
 0x0000,
 0x0000,
 0x0000,
 0x0000,
 0x0000,
 0x0000,
 0x0000,
 0x0000,
 0x0000,
 0x0000,
 0x0000,
 0x0000,
 0x0000,
 0x0000,
 0x0000,
 0x0000,
 0x0000,
 0x0000,
 0x0000,
 0x0000,
 0x0000,
 0x0000,
 0x0000,
 0x0000,
 0x0000,
 0x0000,
 0x0000,
 0x0000,
 0x0cd2,
 0x0000,
 0x0000,
 0x0000,
 0x0000,
 0x0000,
 0x0000,
 0x0000,
 0x0000,
 0x0000,
 0x0000,
 0x0000,
 0x0000,
 0x0000,
 0x0000,
 0x0000,
 0x0000,
 0x0000,
 0x0000,
 0x0000,
 0x0000,
 0x0000,
 0x0000,
 0x0000,
 0x0000,
 0x0000,
 0x0000,
 0x0000,
 0x0000,
 0x0000,
 0x0000,
 0x0000,
 0x0000,
 0x0000,
 0x0000,
 0x0000,
 0x0000,
 0x0000,
 0x0000,
 0x0000,
 0x0000,
 0x0000,
 0x0000,
 0x0000,
 0x0000,
 0x0000,
 0x0000,
 0x0000,
 0x819c,
 0x0000,
 0x0000,
 0x0000,
 0x0838,
 0x0000,
 0x0000,
 0x0000,
 0x0000,
 0x802d,
 0x0000,
 0x0000,
 0x0000,
 0x0000,
 0x0000,
 0x0000,
 0x0000,
 0x0000,
 0x0000,
 0x0000,
 0x0000,
 0x0982,
 0x0000,
 0x0000,
 0x0000,
 0x0000,
 0x0000,
 0x0000,
 0x0000,
 0x0000,
 0x0000,
 0x0000,
 0x0000,
 0x0000,
 0x0000,
 0x0000,
 0x0000,
 0x0000,
 0x8143,
 0x0000,
 0x0000,
 0x0000,
 0x0000,
 0x0000,
 0x0000,
 0x0000,
 0x0000,
 0x0000,
 0x0000,
 0x0000,
 0x0000,
 0x0000,
 0x0000,
 0x0000,
 0x0000,
 0x0000,
 0x0000,
 0x0000,
 0x0000,
 0x0000,
 0x0000,
 0x0000,
 0x0000,
 0x0000,
 0x0000,
 0x0000,
 0x0000,
 0x0000,
 0x0000,
 0x0000,
 0x0000,
 0x0000,
 0x0000,
 0x0000,
 0x0000,
 0x0000,
 0x0000,
 0x0000,
 0x0000,
 0x0000,
 0x0000,
 0x0356,
 0x0000,
 0x0000,
 0x0000,
 0x0000,
 0x0000,
 0x0000,
 0x0000,
 0x0000,
 0x0000,
 0x0000,
 0x0000,
 0x0000,
 0x0000,
 0x0000,
 0x0000,
 0x0000,
 0x0000,
 0x818f,
 0x0000,
 0x0000,
 0x0000,
 0x0000,
 0x0000,
 0x0000,
 0x0000,
 0x0000,
 0x0000,
 0x0000,
 0x0000,
 0x0000,
 0x0000,
 0x0000,
 0x0000,
 0x0000,
 0x0000,
 0x0000,
 0x07ec,
 0x0000,
 0x0000,
 0x0000,
 0x0000,
 0x0000,
 0x0000,
 0x0000,
 0x0000,
 0x0000,
 0x0000,
 0x0000,
 0x80d6,
 0x0000,
 0x0000,
 0x0000,
 0x0000,
 0x0000,
 0x0000,
 0x0000,
 0x0000,
 0x0000,
 0x0000,
 0x0000,
 0x0000,
 0x0000,
 0x0000,
 0x0000,
 0x0000,
 0x0000,
 0x0000,
 0x0000,
 0x0000,
 0x0bd6,
 0x0000,
 0x0000,
 0x0000,
 0x0000,
 0x0000,
 0x0000,
 0x0000,
 0x0000,
 0x0000,
 0x0000,
 0x0000,
 0x0000,
 0x0000,
 0x0000,
 0x0000,
 0x0000,
 0x0000,
 0x0000,
 0x0000,
 0x0000,
 0x0000,
 0x0000,
 0x0000,
 0x0000,
 0x0000,
 0x0000,
 0x0000,
 0x0000,
 0x0000,
 0x0000,
 0x0000,
 0x0000,
 0x0000,
 0x0000,
 0x0000,
 0x0000,
 0x0000,
 0x0000,
 0x0000,
 0x0000,
 0x0000,
 0x0000,
 0x0000,
 0x0000,
 0x0000,
 0x0000,
 0x0000,
 0x0000,
 0x0000,
 0x0000,
 0x0000,
 0x0000,
 0x0000,
 0x0000,
 0x0000,
 0x0000,
 0x0000,
 0x0000,
 0x0000,
 0x0000,
 0x0000,
 0x0000,
 0x0000,
 0x0000,
 0x0000,
 0x0000,
 0x0000,
 0x0000,
 0x0000,
 0x0000,
 0x0000,
 0x0000,
 0x0000,
 0x0000,
 0x0000,
 0x0000,
 0x0000,
 0x0000,
 0x0000,
 0x0000,
 0x0000,
 0x0000,
 0x0000,
 0x0000,
 0x0000,
 0x0000,
 0x0000,
 0x0000,
 0x0000,
 0x0000,
 0x0000,
 0x0000,
 0x0000,
 0x0000,
 0x0000,
 0x0000,
 0x0000,
 0x0000,
 0x0000,
 0x0000,
 0x0000,
 0x0000,
 0x0000,
 0x0000,
 0x0000,
 0x0000,
 0x0000,
 0x0000,
 0x0000,
 0x0000,
 0x0000,
 0x0000,
 0x0000,
 0x0000,
 0x0000,
 0x0000,
 0x0000,
 0x0000,
 0x0000,
 0x0000,
 0x0000,
 0x0000,
 0x0000,
 0x0000,
 0x0000,
 0x099b,
 0x0000,
 0x0000,
 0x0000,
 0x0000,
 0x0000,
 0x0000,
 0x0000,
 0x0000,
 0x0000,
 0x0000,
 0x0000,
 0x0000,
 0x0000,
 0x0000,
 0x0000,
 0x0000,
 0x0000,
 0x0000,
 0x0000,
 0x0000,
 0x0000,
 0x0000,
 0x0000,
 0x0000,
 0x0000,
 0x0000,
 0x0000,
 0x0000,
 0x0000,
 0x0000,
 0x0000,
 0x0000,
 0x0000,
 0x0000,
 0x0000,
 0x0000,
 0x0000,
 0x0000,
 0x0000,
 0x0000,
 0x0000,
 0x0000,
 0x0000,
 0x0000,
 0x0000,
 0x0000,
 0x0000,
 0x0000,
 0x0000,
 0x0000,
 0x0000,
 0x0000,
 0x0000,
 0x0000,
 0x0000,
 0x0000,
 0x0000,
 0x0000,
 0x0000,
 0x0000,
 0x0000,
 0x0000,
 0x0000,
 0x1129,
 0x0000,
 0x0000,
 0x0000,
 0x0000,
 0x0000,
 0x0000,
 0x0000,
 0x0000,
 0x0000,
 0x0000,
 0x0000,
 0x0000,
 0x0000,
 0x0000,
 0x0000,
 0x0000,
 0x0000,
 0x0000,
 0x0000,
 0x0000,
 0x0000,
 0x0000,
 0x0000,
 0x0000,
 0x0000,
 0x0000,
 0x0000,
 0x0000,
 0x0000,
 0x0000,
 0x0000,
 0x0000,
 0x0000,
 0x0000,
 0x0000,
 0x0000,
 0x0000,
 0x0000,
 0x0000,
 0x0000,
 0x0000,
 0x0000,
 0x0000,
 0x0000,
 0x0000,
 0x0000,
 0x0000,
 0x0000,
 0x0000,
 0x0000,
 0x0000,
 0x0000,
 0x0000,
 0x0000,
 0x0000,
 0x0000,
 0x0000,
 0x0000,
 0x0000,
 0x0000,
 0x0000,
 0x0000,
 0x0000,
 0x0000,
 0x0000,
 0x0000,
 0x0000,
 0x0000,
 0x0000,
 0x0000,
 0x0000,
 0x0000,
 0x0000,
 0x0000,
 0x0000,
 0x0000,
 0x0000,
 0x0000,
 0x0000,
 0x0000,
 0x0000,
 0x0000,
 0x0000,
 0x0000,
 0x0000,
 0x0000,
 0x0000,
 0x0000,
 0x0000,
 0x0000,
 0x0000,
 0x0000,
 0x0000,
 0x0000,
 0x0000,
 0x0000,
 0x0000,
 0x0000,
 0x0000,
 0x0000,
 0x0000,
 0x0000,
 0x0000,
 0x0000,
 0x0000,
 0x0000,
 0x0000,
 0x0000,
 0x0000,
 0x0000,
 0x0000,
 0x0000,
 0x0000,
 0x0000,
 0x0000,
 0x0000,
 0x0000,
 0x0000,
 0x0000,
 0x0000,
 0x0000,
 0x0000,
 0x0000,
 0x0000,
 0x0000,
 0x0000,
 0x0000,
 0x0000,
 0x0000,
 0x0000,
 0x0000,
 0x0000,
 0x0000,
 0x0000,
 0x0000,
 0x0000,
 0x0000,
 0x0000,
 0x0000,
 0x0000,
 0x0000,
 0x0000,
 0x0000,
 0x0000,
 0x0000,
 0x0000,
 0x0000,
 0x0000,
 0x0000,
 0x0000,
 0x0000,
 0x0000,
 0x0000,
 0x0000,
 0x0000,
 0x0000,
 0x0000,
 0x0000,
 0x0000,
 0x0000,
 0x0000,
 0x0000,
 0x0000,
 0x0000,
 0x00b6,
 0x0000,
 0x0000,
 0x0000,
 0x0000,
 0x0000,
 0x0000,
 0x0000,
 0x0000,
 0x819f,
 0x0000,
 0x0000,
 0x0000,
 0x0000,
 0x0000,
 0x0000,
 0x0000,
 0x0000,
 0x0000,
 0x0000,
 0x0000,
 0x0000,
 0x0000,
 0x0000,
 0x0000,
 0x0000,
 0x0000,
 0x0000,
 0x0000,
 0x0000,
 0x0000,
 0x0000,
 0x0000,
 0x0000,
 0x0000,
 0x0000,
 0x0000,
 0x0000,
 0x0000,
 0x0000,
 0x0000,
 0x0000,
 0x0000,
 0x0000,
 0x0000,
 0x0000,
 0x0000,
 0x0000,
 0x0000,
 0x0000,
 0x0000,
 0x0000,
 0x0000,
 0x0000,
 0x0000,
 0x0000,
 0x0000,
 0x0000,
 0x0000,
 0x0000,
 0x0000,
 0x0000,
 0x810c,
 0x0000,
 0x0000,
 0x0000,
 0x0000,
 0x0000,
 0x0000,
 0x0000,
 0x0000,
 0x0000,
 0x0000,
 0x0000,
 0x0000,
 0x0000,
 0x0000,
 0x0000,
 0x0000,
 0x0000,
 0x800e,
 0x0000,
 0x0000,
 0x0000,
 0x0000,
 0x0000,
 0x0000,
 0x0000,
 0x0000,
 0x0000,
 0x0000,
 0x8187,
 0x0000,
 0x0000,
 0x0000,
 0x0000,
 0x0000,
 0x0000,
 0x0000,
 0x0000,
 0x0000,
 0x0000,
 0x0000,
 0x0000,
 0x0000,
 0x0000,
 0x0000,
 0x0000,
 0x0000,
 0x0000,
 0x0000,
 0x0231,
 0x0000,
 0x0000,
 0x0000,
 0x0000,
 0x0000,
 0x0000,
 0x0000,
 0x0000,
 0x0000,
 0x0000,
 0x0000,
 0x0000,
 0x0000,
 0x0000,
 0x0000,
 0x0000,
 0x0000,
 0x0000,
 0x0000,
 0x0000,
 0x0000,
 0x0000,
 0x0000,
 0x0000,
 0x0000,
 0x0000,
 0x0000,
 0x0000,
 0x0000,
 0x0000,
 0x0000,
 0x0000,
 0x0000,
 0x0000,
 0x0000,
 0x0000,
 0x0000,
 0x0000,
 0x0000,
 0x0000,
 0x0000,
 0x0000,
 0x0000,
 0x0000,
 0x0000,
 0x0000,
 0x0000,
 0x0000,
 0x0000,
 0x0000,
 0x0000,
 0x0000,
 0x0000,
 0x0000,
 0x0000,
 0x0000,
 0x0000,
 0x8043,
 0x08de,
 0x0000,
 0x0000,
 0x0000,
 0x0000,
 0x0000,
 0x0000,
 0x0000,
 0x0000,
 0x0000,
 0x0000,
 0x0000,
 0x0000,
 0x0000,
 0x0000,
 0x0000,
 0x0000,
 0x0000,
 0x0000,
 0x0000,
 0x0000,
 0x015a,
 0x0000,
 0x0000,
 0x0000,
 0x0000,
 0x0000,
 0x0000,
 0x0000,
 0x0000,
 0x0000,
 0x0000,
 0x0967,
 0x0000,
 0x0000,
 0x0000,
 0x0000,
 0x0000,
 0x0000,
 0x0000,
 0x0000,
 0x0000,
 0x0000,
 0x0000,
 0x0000,
 0x0000,
 0x0000,
 0x0000,
 0x0000,
 0x0000,
 0x0000,
 0x0000,
 0x0000,
 0x0000,
 0x0000,
 0x0000,
 0x0000,
 0x0000,
 0x0000,
 0x0000,
 0x0000,
 0x0000,
 0x0000,
 0x0000,
 0x0000,
 0x0000,
 0x0000,
 0x0000,
 0x0000,
 0x0000,
 0x0000,
 0x0000,
 0x0000,
 0x0000,
 0x0000,
 0x0000,
 0x0000,
 0x0000,
 0x0000,
 0x0000,
 0x0000,
 0x80fe,
 0x0000,
 0x0000,
 0x0000,
 0x0000,
 0x0000,
 0x0000,
 0x0000,
 0x0000,
 0x0000,
 0x0000,
 0x0000,
 0x0000,
 0x0000,
 0x0000,
 0x0000,
 0x0000,
 0x0000,
 0x0000,
 0x0000,
 0x0000,
 0x0000,
 0x0000,
 0x0000,
 0x0000,
 0x0000,
 0x0000,
 0x0000,
 0x0000,
 0x0000,
 0x0000,
 0x0000,
 0x0000,
 0x0000,
 0x0000,
 0x0000,
 0x0000,
 0x0000,
 0x0000,
 0x0000,
 0x0000,
 0x0000,
 0x0000,
 0x0000,
 0x0000,
 0x0000,
 0x0000,
 0x0000,
 0x0000,
 0x0000,
 0x0000,
 0x0000,
 0x0000,
 0x0000,
 0x0000,
 0x0000,
 0x0000,
 0x0000,
 0x0000,
 0x0000,
 0x0000,
 0x0000,
 0x0000,
 0x0000,
 0x0000,
 0x0000,
 0x0000,
 0x0000,
 0x0000,
 0x0000,
 0x0000,
 0x0000,
 0x0000,
 0x0000,
 0x0000,
 0x0000,
 0x0000,
 0x0000,
 0x0000,
 0x0000,
 0x0000,
 0x0000,
 0x0000,
 0x0000,
 0x0000,
 0x0000,
 0x0000,
 0x0000,
 0x0000,
 0x0000,
 0x0000,
 0x0000,
 0x0000,
 0x0000,
 0x0000,
 0x0000,
 0x0000,
 0x0000,
 0x0000,
 0x0000,
 0x0000,
 0x0000,
 0x0000,
 0x0000,
 0x0000,
 0x0000,
 0x0000,
 0x0000,
 0x0000,
 0x0000,
 0x0000,
 0x0000,
 0x0000,
 0x0000,
 0x0000,
 0x0000,
 0x0000,
 0x0000,
 0x0000,
 0x0000,
 0x0000,
 0x0000,
 0x0000,
 0x0000,
 0x0000,
 0x0000,
 0x0000,
 0x0000,
 0x0000,
 0x0000,
 0x0000,
 0x0000,
 0x0000,
 0x0000,
 0x0000,
 0x0000,
 0x0000,
 0x0000,
 0x0000,
 0x0000,
 0x0000,
 0x0000,
 0x0000,
 0x0000,
 0x0000,
 0x0000,
 0x0000,
 0x0000,
 0x0000,
 0x0000,
 0x0000,
 0x0000,
 0x0b5a,
 0x0000,
 0x0000,
 0x0000,
 0x0000,
 0x0000,
 0x0000,
 0x0000,
 0x0000,
 0x0000,
 0x0000,
 0x0000,
 0x0000,
 0x0000,
 0x0000,
 0x0000,
 0x0000,
 0x0000,
 0x0000,
 0x0000,
 0x0000,
 0x0000,
 0x0000,
 0x0000,
 0x0000,
 0x0000,
 0x0000,
 0x0000,
 0x0000,
 0x0000,
 0x0000,
 0x0000,
 0x0000,
 0x0000,
 0x0000,
 0x0000,
 0x0000,
 0x0000,
 0x0000,
 0x0000,
 0x0000,
 0x0000,
 0x0469,
 0x0000,
 0x0000,
 0x0000,
 0x0000,
 0x0000,
 0x0000,
 0x0000,
 0x0000,
 0x0000,
 0x0000,
 0x0000,
 0x0000,
 0x0000,
 0x0000,
 0x0000,
 0x0000,
 0x0000,
 0x0000,
 0x0000,
 0x0000,
 0x0000,
 0x0000,
 0x0000,
 0x0000,
 0x0000,
 0x0000,
 0x0000,
 0x0000,
 0x0000,
 0x0000,
 0x0000,
 0x0000,
 0x0000,
 0x01bb,
 0x0000,
 0x0000,
 0x0000,
 0x0000,
 0x0000,
 0x0000,
 0x0000,
 0x0000,
 0x0000,
 0x0000,
 0x0000,
 0x0000,
 0x0000,
 0x0000,
 0x0000,
 0x0000,
 0x0000,
 0x0000,
 0x0000,
 0x0000,
 0x0000,
 0x0000,
 0x0000,
 0x0000,
 0x0000,
 0x0000,
 0x0000,
 0x0000,
 0x0000,
 0x0000,
 0x0000,
 0x0000,
 0x0000,
 0x0000,
 0x0000,
 0x0000,
 0x0000,
 0x0000,
 0x0000,
 0x0000,
 0x0000,
 0x0000,
 0x0000,
 0x0000,
 0x0000,
 0x0000,
 0x0000,
 0x0000,
 0x0000,
 0x0000,
 0x0000,
 0x0000,
 0x0000,
 0x0000,
 0x0000,
 0x0000,
 0x0000,
 0x0000,
 0x0000,
 0x0000,
 0x0000,
 0x0000,
 0x0000,
 0x0000,
 0x0000,
 0x0000,
 0x0000,
 0x0000,
 0x0000,
 0x0000,
 0x0000,
 0x0000,
 0x0000,
 0x0000,
 0x0000,
 0x0000,
 0x0000,
 0x0000,
 0x0000,
 0x0000,
 0x0000,
 0x0000,
 0x0000,
 0x0000,
 0x0000,
 0x0000,
 0x0000,
 0x0000,
 0x0000,
 0x0000,
 0x0000,
 0x0000,
 0x0000,
 0x0000,
 0x0000,
 0x0000,
 0x0000,
 0x0000,
 0x0000,
 0x0000,
 0x0000,
 0x0000,
 0x0000,
 0x0000,
 0x0000,
 0x0000,
 0x0000,
 0x0000,
 0x0000,
 0x0000,
 0x0000,
 0x0000,
 0x0000,
 0x0000,
 0x019a,
 0x0000,
 0x0000,
 0x0000,
 0x0000,
 0x0000,
 0x0000,
 0x0000,
 0x0000,
 0x0000,
 0x0000,
 0x0000,
 0x0000,
 0x0000,
 0x0000,
 0x0000,
 0x0000,
 0x0000,
 0x0000,
 0x0000,
 0x0000,
 0x0000,
 0x0000,
 0x0000,
 0x0000,
 0x0000,
 0x0000,
 0x0000,
 0x0000,
 0x0000,
 0x0000,
 0x0000,
 0x815b,
 0x0000,
 0x0000,
 0x0000,
 0x0000,
 0x0000,
 0x0000,
 0x0000,
 0x0000,
 0x0000,
 0x0000,
 0x0000,
 0x0000,
 0x0000,
 0x0000,
 0x0000,
 0x0000,
 0x0000,
 0x0000,
 0x0000,
 0x0000,
 0x0000,
 0x0000,
 0x0000,
 0x0000,
 0x0000,
 0x0000,
 0x0000,
 0x0000,
 0x0000,
 0x0000,
 0x0000,
 0x0000,
 0x0000,
 0x0000,
 0x0000,
 0x0000,
 0x07a2,
 0x0000,
 0x0000,
 0x0000,
 0x0000,
 0x80c9,
 0x0000,
 0x0000,
 0x0000,
 0x0000,
 0x0000,
 0x0000,
 0x0000,
 0x8039,
 0x0000,
 0x0000,
 0x0000,
 0x0000,
 0x0000,
 0x002a,
 0x0000,
 0x0000,
 0x0000,
 0x0000,
 0x0000,
 0x0000,
 0x0000,
 0x0000,
 0x0000,
 0x0000,
 0x0000,
 0x0000,
 0x0000,
 0x0000,
 0x0000,
 0x0000,
 0x0000,
 0x0000,
 0x0000,
 0x0000,
 0x0000,
 0x0000,
 0x0000,
 0x0000,
 0x0000,
 0x0000,
 0x020e,
 0x0000,
 0x0000,
 0x0000,
 0x0000,
 0x0000,
 0x0000,
 0x0000,
 0x0b0f,
 0x0000,
 0x0000,
 0x0000,
 0x0000,
 0x0000,
 0x0000,
 0x0000,
 0x0000,
 0x0000,
 0x0000,
 0x0000,
 0x0000,
 0x81b8,
 0x0000,
 0x0000,
 0x0000,
 0x0000,
 0x0000,
 0x0000,
 0x0000,
 0x0000,
 0x0000,
 0x80ad,
 0x0000,
 0x0000,
 0x0000,
 0x0000,
 0x0762,
 0x0000,
 0x0000,
 0x0000,
 0x0000,
 0x0000,
 0x0000,
 0x0000,
 0x0000,
 0x0000,
 0x0000,
 0x0000,
 0x0000,
 0x0000,
 0x0000,
 0x0000,
 0x0000,
 0x0000,
 0x0000,
 0x0000,
 0x0000,
 0x0000,
 0x0000,
 0x0000,
 0x0000,
 0x0000,
 0x0000,
 0x0000,
 0x0000,
 0x0000,
 0x0000,
 0x0000,
 0x0000,
 0x0000,
 0x0000,
 0x0000,
 0x0000,
 0x0000,
 0x0000,
 0x0000,
 0x0000,
 0x0000,
 0x0000,
 0x0000,
 0x0000,
 0x0000,
 0x0000,
 0x0000,
 0x0000,
 0x0000,
 0x0000,
 0x0000,
 0x0000,
 0x8077,
 0x0000,
 0x0000,
 0x0000,
 0x0000,
 0x0000,
 0x0000,
 0x0000,
 0x0000,
 0x0000,
 0x0000,
 0x0000,
 0x0000,
 0x0000,
 0x0000,
 0x0000,
 0x0000,
 0x0000,
 0x0000,
 0x0000,
 0x0000,
 0x0000,
 0x0000,
 0x0000,
 0x0000,
 0x0000,
 0x0000,
 0x0000,
 0x0000,
 0x0000,
 0x0000,
 0x0000,
 0x0000,
 0x0000,
 0x0000,
 0x0000,
 0x0000,
 0x0000,
 0x0000,
 0x0000,
 0x0000,
 0x0000,
 0x0000,
 0x0000,
 0x0000,
 0x0000,
 0x0000,
 0x0000,
 0x0000,
 0x0000,
 0x0000,
 0x0000,
 0x0000,
 0x0000,
 0x0000,
 0x0000,
 0x0000,
 0x0000,
 0x0000,
 0x8119,
 0x0000,
 0x0000,
 0x0000,
 0x0000,
 0x0000,
 0x0000,
 0x0000,
 0x0000,
 0x0000,
 0x0000,
 0x0000,
 0x0000,
 0x0000,
 0x0000,
 0x0000,
 0x0976,
 0x0000,
 0x0000,
 0x0000,
 0x0000,
 0x0000,
 0x0000,
 0x0000,
 0x8008,
 0x0000,
 0x0000,
 0x0000,
 0x0000,
 0x0000,
 0x0000,
 0x0000,
 0x0000,
 0x0000,
 0x0000,
 0x0000,
 0x816a,
 0x0000,
 0x0000,
 0x0000,
 0x0000,
 0x0000,
 0x0000,
 0x0000,
 0x0000,
 0x0000,
 0x0000,
 0x0000,
 0x0000,
 0x0000,
 0x0000,
 0x0000,
 0x0000,
 0x0000,
 0x0000,
 0x0ba2,
 0x0000,
 0x0000,
 0x0000,
 0x0000,
 0x0000,
 0x0000,
 0x0000,
 0x0000,
 0x0000,
 0x0000,
 0x0000,
 0x0000,
 0x0000,
 0x0000,
 0x0000,
 0x0000,
 0x0000,
 0x0000,
 0x0000,
 0x0000,
 0x0000,
 0x0000,
 0x0000,
 0x0000,
 0x0000,
 0x0000,
 0x0000,
 0x0000,
 0x0000,
 0x0000,
 0x0000,
 0x0000,
 0x0000,
 0x0000,
 0x0000,
 0x813f,
 0x0000,
 0x0000,
 0x0000,
 0x0000,
 0x0000,
 0x0000,
 0x0000,
 0x0000,
 0x0000,
 0x0000,
 0x0000,
 0x0000,
 0x0000,
 0x0000,
 0x0000,
 0x0000,
 0x0000,
 0x0000,
 0x0000,
 0x0000,
 0x0000,
 0x0000,
 0x0000,
 0x0000,
 0x0000,
 0x0000,
 0x0000,
 0x0000,
 0x0000,
 0x0000,
 0x0000,
 0x0000,
 0x0000,
 0x0000,
 0x0000,
 0x0000,
 0x0000,
 0x0000,
 0x0000,
 0x0000,
 0x0000,
 0x0000,
 0x0000,
 0x0000,
 0x0000,
 0x0000,
 0x0000,
 0x0000,
 0x0000,
 0x0000,
 0x0000,
 0x0000,
 0x0000,
 0x0000,
 0x0000,
 0x0000,
 0x0000,
 0x0000,
 0x0000,
 0x0000,
 0x0000,
 0x0000,
 0x0000,
 0x0000,
 0x0000,
 0x0000,
 0x0000,
 0x0000,
 0x0000,
 0x0000,
 0x80f0,
 0x0000,
 0x0000,
 0x0000,
 0x0000,
 0x0000,
 0x0000,
 0x0000,
 0x0000,
 0x0000,
 0x0000,
 0x0000,
 0x0000,
 0x0000,
 0x0000,
 0x0000,
 0x0000,
 0x0000,
 0x0000,
 0x0000,
 0x0000,
 0x0000,
 0x0000,
 0x0000,
 0x0000,
 0x0000,
 0x0000,
 0x0000,
 0x0000,
 0x0000,
 0x0000,
 0x0000,
 0x0000,
 0x0000,
 0x0000,
 0x0000,
 0x0000,
 0x0000,
 0x0000,
 0x0000,
 0x0000,
 0x0000,
 0x0000,
 0x0000,
 0x0000,
 0x0000,
 0x0000,
 0x0000,
 0x0000,
 0x0000,
 0x0000,
 0x0000,
 0x0000,
 0x0000,
 0x0000,
 0x0000,
 0x0000,
 0x0000,
 0x0000,
 0x0000,
 0x0000,
 0x0000,
 0x0000,
 0x0000,
 0x0000,
 0x0000,
 0x0000,
 0x0000,
 0x0000,
 0x0000,
 0x0000,
 0x0000,
 0x0000,
 0x0000,
 0x0000,
 0x0000,
 0x0000,
 0x0000,
 0x0000,
 0x0000,
 0x0000,
 0x0000,
 0x0000,
 0x0000,
 0x0000,
 0x0000,
 0x0000,
 0x0000,
 0x0000,
 0x0000,
 0x0000,
 0x0000,
 0x0000,
 0x0000,
 0x0000,
 0x0000,
 0x0000,
 0x0000,
 0x0000,
 0x0000,
 0x0000,
 0x0000,
 0x0000,
 0x0000,
 0x097e,
 0x0000,
 0x0000,
 0x0000,
 0x0000,
 0x0000,
 0x0000,
 0x0000,
 0x0000,
 0x0000,
 0x0000,
 0x8073,
 0x0000,
 0x0000,
 0x0000,
 0x0000,
 0x0000,
 0x0000,
 0x0000,
 0x0000,
 0x0000,
 0x0000,
 0x0000,
 0x0000,
 0x0000,
 0x0000,
 0x0000,
 0x0000,
 0x0000,
 0x0000,
 0x0000,
 0x0000,
 0x0000,
 0x0000,
 0x0000,
 0x8157,
 0x0000,
 0x0000,
 0x0000,
 0x0000,
 0x0000,
 0x0000,
 0x0000,
 0x0000,
 0x0000,
 0x0000,
 0x0000,
 0x0000,
 0x0000,
 0x0000,
 0x0000,
 0x0000,
 0x0000,
 0x0000,
 0x0000,
 0x0000,
 0x0000,
 0x0000,
 0x0000,
 0x0000,
 0x0000,
 0x0000,
 0x0000,
 0x0000,
 0x0000,
 0x0000,
 0x0000,
 0x0000,
 0x0000,
 0x0000,
 0x0000,
 0x0000,
 0x0000,
 0x0000,
 0x0000,
 0x0000,
 0x0000,
 0x0000,
 0x0000,
 0x0000,
 0x0000,
 0x0000,
 0x0000,
 0x0000,
 0x0000,
 0x0000,
 0x0000,
 0x0000,
 0x0000,
 0x0000,
 0x0000,
 0x0000,
 0x0000,
 0x0000,
 0x0000,
 0x0000,
 0x0000,
 0x80d4,
 0x0000,
 0x0000,
 0x0000,
 0x0000,
 0x0000,
 0x0000,
 0x0000,
 0x0000,
 0x0000,
 0x0000,
 0x0000,
 0x0000,
 0x0000,
 0x0000,
 0x0000,
 0x0000,
 0x0000,
 0x0000,
 0x0000,
 0x0000,
 0x0000,
 0x0000,
 0x0000,
 0x0000,
 0x0000,
 0x0000,
 0x0000,
 0x0000,
 0x0750,
 0x0000,
 0x0000,
 0x0000,
 0x0000,
 0x0000,
 0x0000,
 0x0000,
 0x0000,
 0x0000,
 0x0000,
 0x0000,
 0x0000,
 0x0000,
 0x0000,
 0x0000,
 0x0000,
 0x0000,
 0x0000,
 0x0000,
 0x0000,
 0x0000,
 0x0000,
 0x0000,
 0x0000,
 0x0000,
 0x0000,
 0x0000,
 0x0000,
 0x0000,
 0x0000,
 0x0000,
 0x0c64,
 0x0000,
 0x0000,
 0x0000,
 0x0000,
 0x0000,
 0x0000,
 0x0000,
 0x0000,
 0x0000,
 0x0000,
 0x0000,
 0x0000,
 0x0000,
 0x0000,
 0x0000,
 0x0000,
 0x0000,
 0x0000,
 0x0000,
 0x0000,
 0x0000,
 0x0000,
 0x0000,
 0x0000,
 0x0000,
 0x0000,
 0x0000,
 0x0000,
 0x0000,
 0x0000,
 0x0000,
 0x0000,
 0x0000,
 0x0000,
 0x0000,
 0x0000,
 0x0000,
 0x0000,
 0x0000,
 0x0000,
 0x0000,
 0x0000,
 0x0000,
 0x0000,
 0x0000,
 0x0000,
 0x0000,
 0x0000,
 0x0000,
 0x0000,
 0x0000,
 0x0000,
 0x0000,
 0x0000,
 0x0000,
 0x0000,
 0x0000,
 0x0000,
 0x0000,
 0x0000,
 0x0000,
 0x0000,
 0x0000,
 0x0000,
 0x0000,
 0x0000,
 0x0000,
 0x0000,
 0x0000,
 0x0000,
 0x0000,
 0x0000,
 0x0000,
 0x0000,
 0x0000,
 0x0000,
 0x0000,
 0x0000,
 0x0000,
 0x0000,
 0x0000,
 0x0000,
 0x0000,
 0x0000,
 0x0000,
 0x0000,
 0x0000,
 0x0000,
 0x0000,
 0x0000,
 0x0000,
 0x0000,
 0x0000,
 0x0000,
 0x0000,
 0x0000,
 0x0000,
 0x8175,
 0x0000,
 0x0000,
 0x0000,
 0x0000,
 0x0000,
 0x0000,
 0x0000,
 0x0000,
 0x0000,
 0x0000,
 0x0000,
 0x0000,
 0x0000,
 0x0000,
 0x0000,
 0x0000,
 0x0000,
 0x0000,
 0x0000,
 0x0000,
 0x0000,
 0x0000,
 0x0000,
 0x0000,
 0x0000,
 0x0000,
 0x0000,
 0x0000,
 0x0000,
 0x0000,
 0x0000,
 0x0000,
 0x0000,
 0x0000,
 0x0000,
 0x0000,
 0x0000,
 0x0000,
 0x0000,
 0x0000,
 0x0000,
 0x0000,
 0x0000,
 0x0000,
 0x0000,
 0x0000,
 0x0000,
 0x0000,
 0x0000,
 0x0000,
 0x0000,
 0x0000,
 0x80f1,
 0x0000,
 0x0000,
 0x0000,
 0x0000,
 0x0000,
 0x0000,
 0x0000,
 0x0000,
 0x0000,
 0x0000,
 0x0000,
 0x0000,
 0x0000,
 0x0000,
 0x0000,
 0x0000,
 0x0000,
 0x0000,
 0x0000,
 0x0000,
 0x0000,
 0x0000,
 0x0000,
 0x0000,
 0x0000,
 0x0000,
 0x0000,
 0x0000,
 0x049b,
 0x0000,
 0x0000,
 0x0000,
 0x0000,
 0x0000,
 0x0000,
 0x0000,
 0x0000,
 0x0000,
 0x0000,
 0x0000,
 0x0000,
 0x0000,
 0x0000,
 0x0000,
 0x0000,
 0x0000,
 0x0000,
 0x0000,
 0x0000,
 0x0000,
 0x0000,
 0x0000,
 0x0000,
 0x0000,
 0x0000,
 0x0000,
 0x0000,
 0x0000,
 0x0000,
 0x0000,
 0x0000,
 0x0000,
 0x0000,
 0x0000,
 0x0000,
 0x0000,
 0x0000,
 0x0000,
 0x0000,
 0x0000,
 0x0000,
 0x0000,
 0x0000,
 0x0000,
 0x0000,
 0x0000,
 0x0000,
 0x0000,
 0x0000,
 0x0000,
 0x0000,
 0x0000,
 0x0000,
 0x0000,
 0x0000,
 0x0000,
 0x0000,
 0x0000,
 0x0000,
 0x0000,
 0x0000,
 0x0000,
 0x0000,
 0x0000,
 0x0000,
 0x0000,
 0x0000,
 0x0000,
 0x0000,
 0x0000,
 0x806d,
 0x0000,
 0x0000,
 0x0000,
 0x0000,
 0x0000,
 0x0000,
 0x0000,
 0x0000,
 0x0000,
 0x0000,
 0x0506,
 0x0000,
 0x0000,
 0x0000,
 0x0000,
 0x0000,
 0x0000,
 0x0000,
 0x0000,
 0x0000,
 0x0000,
 0x0000,
 0x0000,
 0x0000,
 0x0000,
 0x0000,
 0x0000,
 0x0000,
 0x0000,
 0x0000,
 0x0000,
 0x0000,
 0x0000,
 0x0000,
 0x0000,
 0x0000,
 0x0000,
 0x0000,
 0x0000,
 0x0000,
 0x0000,
 0x0000,
 0x0000,
 0x0000,
 0x0000,
 0x0000,
 0x0000,
 0x0000,
 0x0000,
 0x0000,
 0x0000,
 0x0000,
 0x0000,
 0x0000,
 0x0000,
 0x0000,
 0x80e0,
 0x0000,
 0x0000,
 0x0000,
 0x0000,
 0x0000,
 0x0000,
 0x0000,
 0x0000,
 0x0000,
 0x0000,
 0x0000,
 0x0000,
 0x0000,
 0x0000,
 0x0000,
 0x0000,
 0x0000,
 0x0000,
 0x0000,
 0x0000,
 0x0000,
 0x0000,
 0x0000,
 0x0000,
 0x0000,
 0x0000,
 0x0000,
 0x0000,
 0x0000,
 0x0000,
 0x0000,
 0x0000,
 0x0000,
 0x0000,
 0x0000,
 0x0000,
 0x0000,
 0x0000,
 0x0000,
 0x0000,
 0x0000,
 0x0000,
 0x0000,
 0x0000,
 0x0000,
 0x0000,
 0x0000,
 0x0000,
 0x0000,
 0x0000,
 0x0000,
 0x0000,
 0x0000,
 0x0000,
 0x0000,
 0x0000,
 0x0000,
 0x0000,
 0x0000,
 0x0000,
 0x0000,
 0x0000,
 0x0000,
 0x0000,
 0x0000,
 0x0000,
 0x0000,
 0x0000,
 0x0000,
 0x0000,
 0x0000,
 0x0000,
 0x0000,
 0x0000,
 0x0000,
 0x0000,
 0x0000,
 0x0000,
 0x0000,
 0x0000,
 0x0000,
 0x0000,
 0x0000,
 0x0000,
 0x0000,
 0x0000,
 0x0000,
 0x0000,
 0x0000,
 0x0000,
 0x0000,
 0x0000,
 0x0000,
 0x0000,
 0x0000,
 0x0000,
 0x0000,
 0x0000,
 0x0000,
 0x0000,
 0x0000,
 0x0000,
 0x0000,
 0x0000,
 0x0000,
 0x0000,
 0x060c,
 0x0000,
 0x0000,
 0x0000,
 0x0000,
 0x0000,
 0x0000,
 0x0000,
 0x0000,
 0x0000,
 0x0000,
 0x0000,
 0x0000,
 0x0000,
 0x0000,
 0x0000,
 0x0000,
 0x0000,
 0x0000,
 0x0000,
 0x0000,
 0x0000,
 0x0000,
 0x0000,
 0x0000,
 0x0000,
 0x0000,
 0x0000,
 0x0000,
 0x09c9,
 0x0000,
 0x0000,
 0x0000,
 0x0000,
 0x0000,
 0x0000,
 0x0000,
 0x0000,
 0x0000,
 0x0000,
 0x0000,
 0x0000,
 0x0000,
 0x0000,
 0x801c,
 0x0000,
 0x0000,
 0x0000,
 0x0000,
 0x0000,
 0x0000,
 0x0000,
 0x0000,
 0x0000,
 0x0000,
 0x0000,
 0x0000,
 0x0000,
 0x0000,
 0x0000,
 0x0000,
 0x0000,
 0x0000,
 0x0000,
 0x0000,
 0x0000,
 0x0000,
 0x0000,
 0x0000,
 0x0000,
 0x0000,
 0x0000,
 0x0000,
 0x0000,
 0x0000,
 0x0000,
 0x0000,
 0x0000,
 0x0000,
 0x0000,
 0x0000,
 0x0000,
 0x0000,
 0x0000,
 0x0000,
 0x0000,
 0x0000,
 0x0000,
 0x0000,
 0x0000,
 0x0000,
 0x0000,
 0x0000,
 0x0000,
 0x0000,
 0x0000,
 0x0000,
 0x0000,
 0x0000,
 0x0000,
 0x0000,
 0x0000,
 0x0000,
 0x0000,
 0x0000,
 0x0000,
 0x0000,
 0x0000,
 0x0000,
 0x0000,
 0x0000,
 0x0000,
 0x0000,
 0x0000,
 0x0000,
 0x0000,
 0x0000,
 0x0000,
 0x0000,
 0x0000,
 0x0000,
 0x0000,
 0x0000,
 0x0000,
 0x0604,
 0x0000,
 0x0000,
 0x0000,
 0x0000,
 0x0000,
 0x0000,
 0x0000,
 0x0000,
 0x0000,
 0x0000,
 0x0000,
 0x0000,
 0x0000,
 0x0000,
 0x0000,
 0x0000,
 0x0000,
 0x0000,
 0x0000,
 0x0000,
 0x0000,
 0x0000,
 0x0000,
 0x0000,
 0x0000,
 0x0000,
 0x0000,
 0x0000,
 0x0000,
 0x80f8,
 0x0000,
 0x0000,
 0x0000,
 0x0000,
 0x0000,
 0x0000,
 0x0000,
 0x0000,
 0x0000,
 0x0000,
 0x0000,
 0x0000,
 0x0000,
 0x0000,
 0x0000,
 0x8116,
 0x0000,
 0x0000,
 0x0000,
 0x0000,
 0x0000,
 0x0000,
 0x0000,
 0x0000,
 0x0000,
 0x0000,
 0x0000,
 0x0000,
 0x0000,
 0x0000,
 0x0000,
 0x0000,
 0x0000,
 0x0000,
 0x0000,
 0x0000,
 0x0000,
 0x0000,
 0x0000,
 0x0000,
 0x0000,
 0x0000,
 0x0000,
 0x0000,
 0x0000,
 0x0000,
 0x0000,
 0x0000,
 0x0000,
 0x0000,
 0x0000,
 0x0000,
 0x0000,
 0x0000,
 0x0000,
 0x0000,
 0x0000,
 0x0000,
 0x0000,
 0x0000,
 0x0000,
 0x0000,
 0x0000,
 0x0000,
 0x0000,
 0x0000,
 0x0000,
 0x0000,
 0x0000,
 0x0000,
 0x0000,
 0x0000,
 0x0000,
 0x0000,
 0x0000,
 0x0000,
 0x0000,
 0x0000,
 0x0000,
 0x0000,
 0x0000,
 0x0000,
 0x0000,
 0x0000,
 0x0000,
 0x0000,
 0x0000,
 0x0000,
 0x0000,
 0x0000,
 0x0000,
 0x0000,
 0x0000,
 0x0000,
 0x0000,
 0x0000,
 0x0000,
 0x0000,
 0x0000,
 0x0000,
 0x0000,
 0x0000,
 0x0000,
 0x0000,
 0x0000,
 0x0000,
 0x0000,
 0x0000,
 0x0000,
 0x0000,
 0x0000,
 0x0000,
 0x0000,
 0x0000,
 0x0000,
 0x0000,
 0x0000,
 0x0000,
 0x0000,
 0x0000,
 0x0000,
 0x0000,
 0x0000,
 0x0000,
 0x0000,
 0x0000,
 0x0000,
 0x0000,
 0x0000,
 0x0000,
 0x0000,
 0x0000,
 0x0000,
 0x0022,
 0x0000,
 0x0000,
 0x0000,
 0x0000,
 0x0000,
 0x0000,
 0x0000,
 0x0000,
 0x0000,
 0x0000,
 0x0000,
 0x0000,
 0x0000,
 0x0000,
 0x0000,
 0x0000,
 0x0000,
 0x0000,
 0x0000,
 0x0000,
 0x0000,
 0x0000,
 0x0000,
 0x0000,
 0x0000,
 0x0000,
 0x0000,
 0x0000,
 0x0000,
 0x0000,
 0x0000,
 0x0000,
 0x0000,
 0x0000,
 0x0000,
 0x0000,
 0x0000,
 0x0000,
 0x0000,
 0x0000,
 0x0000,
 0x0000,
 0x0000,
 0x0000,
 0x0000,
 0x0000,
 0x0000,
 0x0000,
 0x0000,
 0x0000,
 0x0000,
 0x0000,
 0x0000,
 0x0000,
 0x0000,
 0x0000,
 0x0000,
 0x0000,
 0x0000,
 0x0000,
 0x0000,
 0x0000,
 0x0000,
 0x0000,
 0x0000,
 0x0000,
 0x0000,
 0x0cdb,
 0x0000,
 0x0000,
 0x0000,
 0x0000,
 0x0000,
 0x0000,
 0x0000,
 0x0000,
 0x0000,
 0x0000,
 0x0000,
 0x0000,
 0x0000,
 0x0000,
 0x0000,
 0x0000,
 0x0000,
 0x0000,
 0x0000,
 0x0000,
 0x0000,
 0x0000,
 0x0000,
 0x0000,
 0x0000,
 0x0000,
 0x0000,
 0x0000,
 0x0000,
 0x0000,
 0x0000,
 0x0000,
 0x0000,
 0x0000,
 0x0000,
 0x0000,
 0x0000,
 0x0000,
 0x0000,
 0x0000,
 0x0000,
 0x0000,
 0x0000,
 0x0000,
 0x0000,
 0x0000,
 0x0000,
 0x0000,
 0x0000,
 0x0000,
 0x0000,
 0x0000,
 0x0000,
 0x0000,
 0x0000,
 0x0000,
 0x0000,
 0x0000,
 0x0000,
 0x0000,
 0x0000,
 0x0000,
 0x0000,
 0x0000,
 0x0000,
 0x09a9,
 0x0000,
 0x0000,
 0x0000,
 0x0000,
 0x0000,
 0x0000,
 0x0000,
 0x0000,
 0x0000,
 0x0000,
 0x0000,
 0x0000,
 0x0000,
 0x0000,
 0x0000,
 0x0000,
 0x0000,
 0x0000,
 0x0000,
 0x0000,
 0x0000,
 0x0000,
 0x0000,
 0x0000,
 0x0000,
 0x09af,
 0x0000,
 0x0000,
 0x0000,
 0x0000,
 0x0000,
 0x0000,
 0x0000,
 0x0000,
 0x0000,
 0x0000,
 0x0000,
 0x0000,
 0x0000,
 0x0000,
 0x0000,
 0x0000,
 0x0000,
 0x0000,
 0x0000,
 0x0000,
 0x0000,
 0x0000,
 0x0000,
 0x0000,
 0x0000,
 0x0000,
 0x0000,
 0x0000,
 0x0000,
 0x0000,
 0x0000,
 0x0000,
 0x0000,
 0x0000,
 0x0000,
 0x0000,
 0x0000,
 0x0000,
 0x0000,
 0x0000,
 0x0000,
 0x0000,
 0x0000,
 0x0000,
 0x0000,
 0x0000,
 0x0000,
 0x0000,
 0x0000,
 0x0000,
 0x0000,
 0x0000,
 0x0000,
 0x0000,
 0x0227,
 0x0000,
 0x0000,
 0x0000,
 0x0000,
 0x0000,
 0x0000,
 0x0000,
 0x0000,
 0x0000,
 0x0000,
 0x0000,
 0x0000,
 0x0000,
 0x0000,
 0x0000,
 0x0000,
 0x0000,
 0x0000,
 0x0000,
 0x0000,
 0x0000,
 0x0000,
 0x022d,
 0x0000,
 0x0000,
 0x0000,
 0x0000,
 0x0000,
 0x0000,
 0x0000,
 0x0000,
 0x0000,
 0x0000,
 0x0000,
 0x0000,
 0x0000,
 0x0000,
 0x0000,
 0x0be8,
 0x0000,
 0x0000,
 0x0000,
 0x0000,
 0x0000,
 0x0000,
 0x0000,
 0x0000,
 0x0000,
 0x0000,
 0x0000,
 0x0000,
 0x0000,
 0x0000,
 0x0000,
 0x0000,
 0x0000,
 0x0000,
 0x0000,
 0x0000,
 0x0000,
 0x0000,
 0x0000,
 0x0000,
 0x0000,
 0x0000,
 0x0000,
 0x0000,
 0x0000,
 0x0000,
 0x0000,
 0x0000,
 0x0000,
 0x0000,
 0x0000,
 0x0000,
 0x0000,
 0x0000,
 0x0000,
 0x0000,
 0x0000,
 0x0000,
 0x0000,
 0x0000,
 0x0000,
 0x0000,
 0x0000,
 0x0000,
 0x0000,
 0x0000,
 0x0000,
 0x0000,
 0x0000,
 0x0000,
 0x0000,
 0x0000,
 0x0000,
 0x0000,
 0x0000,
 0x0000,
 0x0000,
 0x0000,
 0x0000,
 0x0000,
 0x0000,
 0x0000,
 0x0000,
 0x0000,
 0x0000,
 0x0000,
 0x0000,
 0x0000,
 0x0000,
 0x0000,
 0x0000,
 0x0000,
 0x0000,
 0x04bf,
 0x0000,
 0x0000,
 0x0000,
 0x0000,
 0x0000,
 0x0000,
 0x0000,
 0x0000,
 0x0000,
 0x0000,
 0x0000,
 0x0000,
 0x0000,
 0x0000,
 0x0000,
 0x0000,
 0x0000,
 0x0000,
 0x0000,
 0x0000,
 0x0000,
 0x0000,
 0x0000,
 0x0000,
 0x810b,
 0x0000,
 0x0000,
 0x0000,
 0x0000,
 0x0000,
 0x0000,
 0x0000,
 0x0000,
 0x0000,
 0x0000,
 0x0000,
 0x0000,
 0x0000,
 0x0000,
 0x0000,
 0x0000,
 0x0000,
 0x0000,
 0x0000,
 0x0000,
 0x0000,
 0x0000,
 0x0000,
 0x0000,
 0x0000,
 0x0000,
 0x0000,
 0x0000,
 0x0000,
 0x0000,
 0x0000,
 0x0000,
 0x0000,
 0x0000,
 0x0000,
 0x0000,
 0x0000,
 0x0000,
 0x0000,
 0x0000,
 0x0000,
 0x0000,
 0x0000,
 0x0000,
 0x0000,
 0x0000,
 0x0000,
 0x0000,
 0x0000,
 0x0000,
 0x0000,
 0x0000,
 0x0000,
 0x0000,
 0x0000,
 0x0000,
 0x0000,
 0x0000,
 0x0000,
 0x0000,
 0x0000,
 0x0000,
 0x0000,
 0x0000,
 0x0000,
 0x0000,
 0x0000,
 0x0000,
 0x0000,
 0x0000,
 0x0000,
 0x0000,
 0x0000,
 0x0000,
 0x0000,
 0x0000,
 0x0000,
 0x0000,
 0x0000,
 0x0000,
 0x0000,
 0x0000,
 0x0000,
 0x0000,
 0x0000,
 0x0000,
 0x0000,
 0x0000,
 0x0000,
 0x0000,
 0x0000,
 0x0000,
 0x0000,
 0x0000,
 0x0000,
 0x0000,
 0x0000,
 0x0000,
 0x0000,
 0x0000,
 0x0000,
 0x0000,
 0x0000,
 0x0000,
 0x0000,
 0x0000,
 0x0000,
 0x0000,
 0x0000,
 0x0000,
 0x0000,
 0x0000,
 0x0000,
 0x812c,
 0x0000,
 0x0000,
 0x0000,
 0x0000,
 0x0000,
 0x0000,
 0x0000,
 0x0000,
 0x0000,
 0x0000,
 0x0000,
 0x0000,
 0x0000,
 0x0000,
 0x0000,
 0x0000,
 0x0000,
 0x0000,
 0x0000,
 0x0000,
 0x0000,
 0x0000,
 0x0000,
 0x0000,
 0x0000,
 0x0000,
 0x0000,
 0x0000,
 0x0000,
 0x0000,
 0x0000,
 0x0000,
 0x0000,
 0x0000,
 0x0000,
 0x0000,
 0x0000,
 0x0000,
 0x0000,
 0x0000,
 0x0000,
 0x0000,
 0x0000,
 0x0000,
 0x0000,
 0x0000,
 0x0000,
 0x0000,
 0x0000,
 0x0000,
 0x0000,
 0x0000,
 0x0000,
 0x0000,
 0x0000,
 0x0000,
 0x0000,
 0x0000,
 0x0000,
 0x0000,
 0x0000,
 0x0000,
 0x0000,
 0x0000,
 0x0000,
 0x0000,
 0x0000,
 0x0000,
 0x0000,
 0x0000,
 0x0000,
 0x0000,
 0x0000,
 0x0000,
 0x0000,
 0x0000,
 0x0000,
 0x0000,
 0x0000,
 0x0000,
 0x0000,
 0x0000,
 0x0000,
 0x0000,
 0x0000,
 0x0000,
 0x0000,
 0x0000,
 0x0000,
 0x0000,
 0x0000,
 0x0000,
 0x0000,
 0x0000,
 0x0000,
 0x0000,
 0x0000,
 0x0000,
 0x0000,
 0x0000,
 0x0000,
 0x0000,
 0x0000,
 0x0000,
 0x0000,
 0x0000,
 0x0000,
 0x0000,
 0x0000,
 0x0000,
 0x80a2,
 0x0000,
 0x0000,
 0x0000,
 0x0000,
 0x0000,
 0x0000,
 0x0000,
 0x0000,
 0x0000,
 0x0000,
 0x0000,
 0x0000,
 0x0000,
 0x0000,
 0x0000,
 0x0000,
 0x0000,
 0x0000,
 0x0000,
 0x0000,
 0x0000,
 0x0000,
 0x0000,
 0x0000,
 0x0000,
 0x8047,
 0x0000,
 0x0000,
 0x0000,
 0x0000,
 0x0000,
 0x0000,
 0x0000,
 0x0000,
 0x0000,
 0x0000,
 0x0000,
 0x0026,
 0x0000,
 0x0000,
 0x0000,
 0x0000,
 0x0000,
 0x0000,
 0x0000,
 0x0000,
 0x0000,
 0x0000,
 0x0000,
 0x0000,
 0x0000,
 0x0000,
 0x0000,
 0x0000,
 0x0000,
 0x0000,
 0x0000,
 0x0000,
 0x0000,
 0x0000,
 0x0000,
 0x0000,
 0x0000,
 0x0000,
 0x0000,
 0x0000,
 0x0000,
 0x0000,
 0x0000,
 0x0000,
 0x0000,
 0x0000,
 0x0000,
 0x0000,
 0x0000,
 0x0000,
 0x0000,
 0x0000,
 0x0000,
 0x0000,
 0x0000,
 0x0000,
 0x0000,
 0x0000,
 0x0000,
 0x0000,
 0x0000,
 0x0000,
 0x0000,
 0x0000,
 0x0000,
 0x0000,
 0x0000,
 0x0000,
 0x0000,
 0x0000,
 0x0000,
 0x0000,
 0x0000,
 0x0000,
 0x0000,
 0x0000,
 0x0000,
 0x0000,
 0x0000,
 0x0000,
 0x0000,
 0x0000,
 0x0000,
 0x0000,
 0x0000,
 0x0000,
 0x0000,
 0x0000,
 0x0000,
 0x0000,
 0x0000,
 0x0000,
 0x0000,
 0x0000,
 0x0000,
 0x0000,
 0x8098,
 0x0000,
 0x0000,
 0x0000,
 0x0000,
 0x0000,
 0x0000,
 0x0000,
 0x0000,
 0x0000,
 0x0000,
 0x0000,
 0x0000,
 0x0000,
 0x0000,
 0x0000,
 0x0000,
 0x0000,
 0x0000,
 0x0000,
 0x0000,
 0x0000,
 0x0000,
 0x0000,
 0x803d,
 0x0000,
 0x0000,
 0x0000,
 0x0000,
 0x0000,
 0x0000,
 0x0000,
 0x0000,
 0x8110,
 0x0000,
 0x0156,
 0x80b7,
 0x0000,
 0x0000,
 0x0000,
 0x0000,
 0x0000,
 0x0000,
 0x0000,
 0x0000,
 0x0000,
 0x0000,
 0x0000,
 0x0000,
 0x0000,
 0x0000,
 0x0000,
 0x0000,
 0x0000,
 0x0000,
 0x0000,
 0x0000,
 0x0000,
 0x0000,
 0x0000,
 0x0000,
 0x0000,
 0x0000,
 0x0000,
 0x0000,
 0x0000,
 0x0000,
 0x0000,
 0x0000,
 0x0000,
 0x0000,
 0x0000,
 0x0000,
 0x0000,
 0x0000,
 0x0000,
 0x0000,
 0x0000,
 0x0000,
 0x0000,
 0x0000,
 0x0000,
 0x0000,
 0x0000,
 0x0000,
 0x0000,
 0x0000,
 0x0000,
 0x0000,
 0x0000,
 0x0000,
 0x0000,
 0x0000,
 0x0000,
 0x0000,
 0x0000,
 0x80cb,
 0x0000,
 0x0000,
 0x0000,
 0x0000,
 0x0000,
 0x0000,
 0x0000,
 0x0000,
 0x0000,
 0x0000,
 0x0000,
 0x0000,
 0x0000,
 0x8184,
 0x0000,
 0x0000,
 0x0000,
 0x0000,
 0x0000,
 0x0000,
 0x0000,
 0x0000,
 0x0000,
 0x0000,
 0x0000,
 0x0000,
 0x0000,
 0x0000,
 0x0000,
 0x0000,
 0x0000,
 0x0000,
 0x0000,
 0x0000,
 0x0000,
 0x0000,
 0x0000,
 0x0000,
 0x0000,
 0x0000,
 0x0000,
 0x0000,
 0x0000,
 0x0000,
 0x0000,
 0x0000,
 0x0000,
 0x0000,
 0x0000,
 0x0000,
 0x0000,
 0x0225,
 0x0000,
 0x0000,
 0x0000,
 0x0000,
 0x0000,
 0x0000,
 0x0000,
 0x0000,
 0x0000,
 0x0000,
 0x0000,
 0x0000,
 0x0000,
 0x0000,
 0x0000,
 0x0000,
 0x0000,
 0x0000,
 0x0000,
 0x0000,
 0x0000,
 0x0000,
 0x0000,
 0x0000,
 0x0000,
 0x0000,
 0x0000,
 0x0000,
 0x0000,
 0x0000,
 0x0000,
 0x0000,
 0x0000,
 0x0000,
 0x0000,
 0x0000,
 0x0000,
 0x0000,
 0x0000,
 0x0000,
 0x0000,
 0x0000,
 0x0000,
 0x0000,
 0x0000,
 0x0000,
 0x0000,
 0x0000,
 0x0000,
 0x0000,
 0x0000,
 0x0000,
 0x0000,
 0x0000,
 0x0000,
 0x0000,
 0x0000,
 0x0000,
 0x0000,
 0x0000,
 0x0000,
 0x0000,
 0x0000,
 0x0000,
 0x0000,
 0x0000,
 0x0000,
 0x0000,
 0x0000,
 0x0000,
 0x0000,
 0x0000,
 0x0000,
 0x0000,
 0x0000,
 0x0000,
 0x0000,
 0x0000,
 0x0000,
 0x0000,
 0x0000,
 0x0000,
 0x0000,
 0x0000,
 0x0000,
 0x0000,
 0x0000,
 0x0000,
 0x0000,
 0x0000,
 0x0000,
 0x0000,
 0x0000,
 0x0000,
 0x0000,
 0x0000,
 0x0216,
 0x0000,
 0x0000,
 0x0000,
 0x0000,
 0x0000,
 0x0000,
 0x0000,
 0x0000,
 0x0000,
 0x0000,
 0x0000,
 0x0000,
 0x0000,
 0x0000,
 0x0000,
 0x0000,
 0x0000,
 0x0000,
 0x0000,
 0x0000,
 0x0000,
 0x0000,
 0x0000,
 0x0000,
 0x0000,
 0x0000,
 0x0000,
 0x0000,
 0x0000,
 0x0000,
 0x0000,
 0x0000,
 0x0000,
 0x0000,
 0x0000,
 0x0000,
 0x0000,
 0x0000,
 0x0000,
 0x0832,
 0x0000,
 0x0000,
 0x0000,
 0x0000,
 0x0000,
 0x0000,
 0x0000,
 0x0000,
 0x0000,
 0x0000,
 0x0000,
 0x0000,
 0x0000,
 0x0000,
 0x0000,
 0x0000,
 0x0000,
 0x0000,
 0x0000,
 0x0000,
 0x0000,
 0x0000,
 0x0bec,
 0x0000,
 0x0000,
 0x0000,
 0x0000,
 0x0000,
 0x0000,
 0x0000,
 0x0000,
 0x0000,
 0x0000,
 0x0000,
 0x0000,
 0x0000,
 0x0000,
 0x0000,
 0x0000,
 0x0000,
 0x0000,
 0x0000,
 0x0000,
 0x0000,
 0x0000,
 0x0000,
 0x0000,
 0x0000,
 0x0000,
 0x0000,
 0x0000,
 0x0000,
 0x0000,
 0x0000,
 0x0000,
 0x0000,
 0x0000,
 0x0000,
 0x0000,
 0x0000,
 0x0000,
 0x0000,
 0x0000,
 0x0000,
 0x0000,
 0x0000,
 0x0000,
 0x0000,
 0x0000,
 0x0000,
 0x0000,
 0x0000,
 0x0000,
 0x0000,
 0x0000,
 0x0000,
 0x0000,
 0x0000,
 0x0000,
 0x0000,
 0x0000,
 0x0000,
 0x0000,
 0x0000,
 0x0000,
 0x0018,
 0x0000,
 0x0000,
 0x0000,
 0x0000,
 0x0000,
 0x0000,
 0x0000,
 0x0000,
 0x0000,
 0x0000,
 0x0000,
 0x0000,
 0x0000,
 0x0000,
 0x0000,
 0x0000,
 0x0000,
 0x810e,
 0x0000,
 0x0000,
 0x0000,
 0x0000,
 0x0000,
 0x0000,
 0x0000,
 0x0000,
 0x0000,
 0x0000,
 0x0000,
 0x0000,
 0x0000,
 0x0000,
 0x0000,
 0x0000,
 0x0000,
 0x0000,
 0x0000,
 0x0000,
 0x0000,
 0x0000,
 0x0000,
 0x0000,
 0x0000,
 0x0000,
 0x0000,
 0x0000,
 0x0000,
 0x0000,
 0x0000,
 0x0000,
 0x0000,
 0x0000,
 0x0000,
 0x0000,
 0x0000,
 0x0000,
 0x0000,
 0x0000,
 0x0000,
 0x0000,
 0x0000,
 0x0000,
 0x0212,
 0x0000,
 0x0000,
 0x0000,
 0x0000,
 0x0000,
 0x0000,
 0x0000,
 0x01c1,
 0x0000,
 0x0000,
 0x0000,
 0x0000,
 0x0000,
 0x0000,
 0x0000,
 0x0000,
 0x0000,
 0x0000,
 0x0000,
 0x0000,
 0x0000,
 0x0000,
 0x0000,
 0x0000,
 0x0000,
 0x0000,
 0x0000,
 0x0000,
 0x0000,
 0x0000,
 0x0000,
 0x0000,
 0x0000,
 0x0000,
 0x0000,
 0x0000,
 0x0000,
 0x0000,
 0x0000,
 0x0000,
 0x0000,
 0x0000,
 0x0000,
 0x0000,
 0x0000,
 0x0000,
 0x0000,
 0x0000,
 0x0000,
 0x8091,
 0x0000,
 0x0000,
 0x0000,
 0x0000,
 0x0000,
 0x0000,
 0x0000,
 0x0000,
 0x0000,
 0x0000,
 0x0000,
 0x0000,
 0x0000,
 0x0000,
 0x0000,
 0x0000,
 0x0000,
 0x0000,
 0x0000,
 0x0000,
 0x0000,
 0x0000,
 0x0000,
 0x0000,
 0x0000,
 0x0000,
 0x0000,
 0x0000,
 0x0000,
 0x0000,
 0x0000,
 0x0000,
 0x0000,
 0x0000,
 0x0000,
 0x0000,
 0x0000,
 0x0000,
 0x0000,
 0x0000,
 0x0000,
 0x0000,
 0x0000,
 0x0000,
 0x0000,
 0x0000,
 0x0000,
 0x0000,
 0x0000,
 0x0000,
 0x0000,
 0x0000,
 0x0000,
 0x0000,
 0x0000,
 0x0000,
 0x0000,
 0x0000,
 0x0000,
 0x0000,
 0x0000,
 0x0000,
 0x0000,
 0x0000,
 0x0000,
 0x0000,
 0x0000,
 0x0000,
 0x0000,
 0x0000,
 0x0000,
 0x0000,
 0x0000,
 0x0000,
 0x0000,
 0x0000,
 0x0000,
 0x0000,
 0x0000,
 0x0000,
 0x0000,
 0x0000,
 0x0000,
 0x0000,
 0x0000,
 0x0000,
 0x0000,
 0x0000,
 0x0000,
 0x0000,
 0x0000,
 0x0000,
 0x0000,
 0x0000,
 0x0000,
 0x0000,
 0x0000,
 0x0000,
 0x0000,
 0x0201,
 0x0000,
 0x0000,
 0x0000,
 0x0000,
 0x0000,
 0x0000,
 0x0000,
 0x0000,
 0x0000,
 0x0000,
 0x0000,
 0x0000,
 0x0000,
 0x0000,
 0x0000,
 0x0000,
 0x0000,
 0x0000,
 0x0000,
 0x0000,
 0x0000,
 0x0000,
 0x0000,
 0x0000,
 0x0000,
 0x0000,
 0x0000,
 0x0000,
 0x0000,
 0x0000,
 0x0000,
 0x0000,
 0x0000,
 0x0000,
 0x0000,
 0x0000,
 0x0000,
 0x0000,
 0x0000,
 0x0000,
 0x0000,
 0x0000,
 0x0000,
 0x0000,
 0x0000,
 0x0000,
 0x0000,
 0x0000,
 0x0000,
 0x0000,
 0x0000,
 0x0000,
 0x0000,
 0x0000,
 0x0000,
 0x0000,
 0x0000,
 0x0000,
 0x0000,
 0x0000,
 0x0000,
 0x0000,
 0x0000,
 0x0000,
 0x0000,
 0x0000,
 0x0000,
 0x0000,
 0x0000,
 0x0000,
 0x0000,
 0x0000,
 0x0000,
 0x0000,
 0x0000,
 0x0000,
 0x0000,
 0x0000,
 0x0000,
 0x0000,
 0x0000,
 0x0000,
 0x0000,
 0x0000,
 0x0000,
 0x0000,
 0x0000,
 0x0000,
 0x0000,
 0x0000,
 0x0000,
 0x0000,
 0x0000,
 0x0000,
 0x0000,
 0x0000,
 0x0000,
 0x0000,
 0x0000,
 0x0000,
 0x0000,
 0x0000,
 0x0020,
 0x81a8,
 0x0000,
 0x0000,
 0x0000,
 0x0000,
 0x0000,
 0x0000,
 0x0000,
 0x0000,
 0x0000,
 0x0000,
 0x0000,
 0x0000,
 0x0000,
 0x0000,
 0x0000,
 0x0000,
 0x0000,
 0x0000,
 0x0000,
 0x0000,
 0x0000,
 0x0000,
 0x0743,
 0x0000,
 0x0000,
 0x0000,
 0x0000,
 0x0000,
 0x0000,
 0x0000,
 0x0000,
 0x0000,
 0x0000,
 0x0000,
 0x807a,
 0x0000,
 0x0000,
 0x0000,
 0x0000,
 0x0000,
 0x0000,
 0x0000,
 0x0000,
 0x0000,
 0x0000,
 0x0000,
 0x0000,
 0x0000,
 0x0000,
 0x0000,
 0x0000,
 0x0000,
 0x0000,
 0x0000,
 0x0000,
 0x0000,
 0x0000,
 0x0000,
 0x0000,
 0x0000,
 0x0000,
 0x0000,
 0x0000,
 0x0000,
 0x0000,
 0x0000,
 0x0000,
 0x0000,
 0x0000,
 0x0000,
 0x0000,
 0x0000,
 0x0000,
 0x0000,
 0x0000,
 0x0000,
 0x0000,
 0x04d8,
 0x0000,
 0x0000,
 0x0000,
 0x0000,
 0x0000,
 0x0000,
 0x0000,
 0x0000,
 0x0000,
 0x0000,
 0x80ab,
 0x0000,
 0x0000,
 0x0000,
 0x0000,
 0x0000,
 0x0000,
 0x0000,
 0x0000,
 0x0000,
 0x0000,
 0x0000,
 0x0000,
 0x0000,
 0x0000,
 0x0000,
 0x0000,
 0x8166,
 0x0000,
 0x0000,
 0x0000,
 0x0000,
 0x0000,
 0x0000,
 0x0000,
 0x0000,
 0x0000,
 0x0000,
 0x0000,
 0x0000,
 0x0000,
 0x0000,
 0x0000,
 0x0000,
 0x0000,
 0x0000,
 0x0000,
 0x0000,
 0x0000,
 0x0000,
 0x0000,
 0x0000,
 0x019e,
 0x0000,
 0x0000,
 0x0000,
 0x0000,
 0x0000,
 0x0000,
 0x0000,
 0x0000,
 0x0000,
 0x0000,
 0x0000,
 0x0000,
 0x0000,
 0x0000,
 0x0000,
 0x0000,
 0x0000,
 0x0000,
 0x0000,
 0x0000,
 0x0000,
 0x0000,
 0x0000,
 0x0000,
 0x804b,
 0x0000,
 0x0000,
 0x0000,
 0x0000,
 0x0000,
 0x0000,
 0x0000,
 0x0000,
 0x0000,
 0x0ca0,
 0x0000,
 0x0000,
 0x0000,
 0x0000,
 0x807b,
 0x0000,
 0x0000,
 0x0000,
 0x0000,
 0x0000,
 0x0000,
 0x0000,
 0x0000,
 0x0000,
 0x0000,
 0x0000,
 0x0024,
 0x0000,
 0x0000,
 0x0000,
 0x0000,
 0x0000,
 0x0000,
 0x0000,
 0x0000,
 0x0000,
 0x0000,
 0x0000,
 0x0000,
 0x0000,
 0x0000,
 0x0000,
 0x0000,
 0x0000,
 0x0000,
 0x0000,
 0x0000,
 0x0000,
 0x0000,
 0x0000,
 0x0000,
 0x0000,
 0x0000,
 0x0000,
 0x0000,
 0x0000,
 0x0000,
 0x0000,
 0x0000,
 0x0000,
 0x0000,
 0x0000,
 0x0000,
 0x0986,
 0x0000,
 0x0000,
 0x060a,
 0x0000,
 0x0000,
 0x0000,
 0x0000,
 0x0000,
 0x0000,
 0x0000,
 0x0000,
 0x0000,
 0x0000,
 0x0000,
 0x0028,
 0x0000,
 0x0000,
 0x0000,
 0x0000,
 0x0000,
 0x0000,
 0x0000,
 0x0000,
 0x0000,
 0x0000,
 0x0000,
 0x0000,
 0x0000,
 0x0000,
 0x0000,
 0x0000,
 0x0000,
 0x0000,
 0x0000,
 0x0000,
 0x0000,
 0x0000,
 0x0000,
 0x0000,
 0x0000,
 0x0000,
 0x0000,
 0x0000,
 0x0000,
 0x0000,
 0x0000,
 0x0000,
 0x0000,
 0x81a3,
 0x0000,
 0x0000,
 0x0000,
 0x8150,
 0x0000,
 0x0000,
 0x0000,
 0x0000,
 0x0000,
 0x0000,
 0x0000,
 0x0000,
 0x0000,
 0x0000,
 0x0000,
 0x0000,
 0x0000,
 0x0000,
 0x0000,
 0x0000,
 0x0000,
 0x0000,
 0x0000,
 0x0000,
 0x0000,
 0x0000,
 0x0000,
 0x0000,
 0x0000,
 0x0000,
 0x0000,
 0x0000,
 0x0000,
 0x0000,
 0x0000,
 0x0000,
 0x0000,
 0x0000,
 0x0000,
 0x0000,
 0x0000,
 0x0000,
 0x0000,
 0x0000,
 0x0000,
 0x0000,
 0x0000,
 0x0000,
 0x0000,
 0x0000,
 0x0000,
 0x0000,
 0x0000,
 0x0000,
 0x0000,
 0x0000,
 0x0000,
 0x0000,
 0x0000,
 0x0000,
 0x0000,
 0x0000,
 0x0000,
 0x0000,
 0x0000,
 0x0000,
 0x0000,
 0x0000,
 0x0000,
 0x0000,
 0x0000,
 0x0000,
 0x0000,
 0x0000,
 0x0000,
 0x0000,
 0x0000,
 0x0000,
 0x0000,
 0x0000,
 0x0000,
 0x0000,
 0x0000,
 0x0000,
 0x0000,
 0x0000,
 0x0000,
 0x0000,
 0x0000,
 0x0000,
 0x0233,
 0x0000,
 0x0000,
 0x0000,
 0x0000,
 0x0000,
 0x0000,
 0x0000,
 0x0000,
 0x0000,
 0x0000,
 0x0000,
 0x0000,
 0x0000,
 0x0000,
 0x0000,
 0x0000,
 0x0000,
 0x0000,
 0x0000,
 0x0000,
 0x0000,
 0x0000,
 0x0000,
 0x0000,
 0x0000,
 0x0000,
 0x0000,
 0x0000,
 0x0000,
 0x0000,
 0x0000,
 0x0000,
 0x0000,
 0x0000,
 0x0000,
 0x10cf,
 0x0000,
 0x0000,
 0x0000,
 0x0000,
 0x0000,
 0x0000,
 0x0000,
 0x0000,
 0x0000,
 0x0000,
 0x0000,
 0x0000,
 0x0000,
 0x0000,
 0x0000,
 0x0000,
 0x0000,
 0x0000,
 0x0000,
 0x0000,
 0x0000,
 0x0000,
 0x0000,
 0x0000,
 0x0000,
 0x0000,
 0x0000,
 0x0000,
 0x0000,
 0x0000,
 0x0000,
 0x0000,
 0x0000,
 0x0000,
 0x0000,
 0x0000,
 0x0000,
 0x0000,
 0x0000,
 0x0000,
 0x0000,
 0x0000,
 0x0000,
 0x0000,
 0x0000,
 0x0000,
 0x0000,
 0x0000,
 0x0000,
 0x0000,
 0x0000,
 0x0000,
 0x0000,
 0x0000,
 0x0000,
 0x0000,
 0x0000,
 0x0000,
 0x0000,
 0x0000,
 0x0000,
 0x0000,
 0x0000,
 0x0000,
 0x0000,
 0x0000,
 0x0000,
 0x0000,
 0x0000,
 0x0000,
 0x0000,
 0x0000,
 0x0000,
 0x0000,
 0x0000,
 0x0000,
 0x0000,
 0x0000,
 0x0000,
 0x0000,
 0x0000,
 0x0000,
 0x0000,
 0x0000,
 0x0000,
 0x0000,
 0x0000,
 0x0000,
 0x0000,
 0x0000,
 0x0000,
 0x0000,
 0x0000,
 0x0000,
 0x0000,
 0x0000,
 0x0000,
 0x0000,
 0x0000,
 0x802f,
 0x0000,
 0x0000,
 0x0000,
 0x0000,
 0x0000,
 0x0000,
 0x0000,
 0x0000,
 0x0000,
 0x0000,
 0x0000,
 0x0000,
 0x0000,
 0x0000,
 0x0000,
 0x0000,
 0x0000,
 0x0000,
 0x0000,
 0x0000,
 0x0000,
 0x0000,
 0x0000,
 0x0000,
 0x0000,
 0x0000,
 0x0000,
 0x0000,
 0x0000,
 0x0000,
 0x0000,
 0x0000,
 0x0000,
 0x0000,
 0x0000,
 0x0000,
 0x0000,
 0x0000,
 0x0000,
 0x0000,
 0x0000,
 0x0000,
 0x0000,
 0x0000,
 0x0000,
 0x0000,
 0x0000,
 0x0000,
 0x0000,
 0x0000,
 0x0000,
 0x0000,
 0x0000,
 0x0000,
 0x0000,
 0x0000,
 0x0000,
 0x0000,
 0x0000,
 0x0000,
 0x0000,
 0x0000,
 0x0000,
 0x0000,
 0x0000,
 0x0000,
 0x0000,
 0x0000,
 0x0000,
 0x0000,
 0x0000,
 0x0000,
 0x0000,
 0x0000,
 0x0000,
 0x0000,
 0x0000,
 0x0000,
 0x0000,
 0x0000,
 0x0000,
 0x0000,
 0x0000,
 0x0000,
 0x0000,
 0x0000,
 0x0000,
 0x0000,
 0x0000,
 0x0000,
 0x0000,
 0x0000,
 0x0000,
 0x0000,
 0x0000,
 0x0000,
 0x0000,
 0x0000,
 0x0000,
 0x0000,
 0x0000,
 0x0000,
 0x0000,
 0x0000,
 0x0000,
 0x0000,
 0x0000,
 0x0000,
 0x0000,
 0x0000,
 0x0000,
 0x0000,
 0x0000,
 0x0000,
 0x0000,
 0x0000,
 0x0000,
 0x8060,
 0x0000,
 0x0000,
 0x0000,
 0x0000,
 0x0000,
 0x0000,
 0x0000,
 0x0000,
 0x0000,
 0x0000,
 0x0000,
 0x0000,
 0x0000,
 0x0000,
 0x0000,
 0x0000,
 0x0000,
 0x0000,
 0x0000,
 0x0000,
 0x0000,
 0x0000,
 0x0000,
 0x0000,
 0x0000,
 0x0000,
 0x0000,
 0x0000,
 0x0000,
 0x0000,
 0x0000,
 0x0000,
 0x0000,
 0x0000,
 0x0000,
 0x0000,
 0x0000,
 0x0000,
 0x0000,
 0x0000,
 0x0000,
 0x0000,
 0x0000,
 0x0000,
 0x0000,
 0x0000,
 0x0000,
 0x0209,
 0x0000,
 0x0000,
 0x0000,
 0x0000,
 0x0000,
 0x0000,
 0x0000,
 0x0000,
 0x0000,
 0x0000,
 0x0000,
 0x0000,
 0x0000,
 0x0000,
 0x0000,
 0x0000,
 0x0000,
 0x0000,
 0x0000,
 0x0000,
 0x0000,
 0x0000,
 0x0000,
 0x0000,
 0x0000,
 0x0000,
 0x0000,
 0x0000,
 0x0000,
 0x0000,
 0x0000,
 0x0000,
 0x0000,
 0x0000,
 0x0000,
 0x0000,
 0x0000,
 0x0000,
 0x0000,
 0x0000,
 0x0000,
 0x0000,
 0x0000,
 0x0000,
 0x0000,
 0x0000,
 0x0000,
 0x0000,
 0x0000,
 0x0000,
 0x0000,
 0x0000,
 0x0000,
 0x0000,
 0x0000,
 0x0000,
 0x0000,
 0x0000,
 0x0000,
 0x0000,
 0x0000,
 0x0000,
 0x0000,
 0x0000,
 0x0000,
 0x0000,
 0x0000,
 0x0000,
 0x0000,
 0x0000,
 0x0000,
 0x0000,
 0x0000,
 0x0000,
 0x0000,
 0x0000,
 0x0000,
 0x0000,
 0x0000,
 0x0000,
 0x0000,
 0x0000,
 0x0000,
 0x0000,
 0x0000,
 0x0000,
 0x0000,
 0x0000,
 0x0000,
 0x0000,
 0x0000,
 0x0000,
 0x0000,
 0x0000,
 0x0000,
 0x0000,
 0x0000,
 0x0000,
 0x0000,
 0x0000,
 0x0000,
 0x0000,
 0x0000,
 0x0000,
 0x0000,
 0x0000,
 0x0000,
 0x0000,
 0x0000,
 0x0000,
 0x0000,
 0x0000,
 0x0000,
 0x05eb,
 0x0000,
 0x0000,
 0x0000,
 0x0000,
 0x0000,
 0x0000,
 0x0000,
 0x0000,
 0x0000,
 0x0000,
 0x0000,
 0x0000,
 0x0000,
 0x0000,
 0x0000,
 0x0000,
 0x0000,
 0x0000,
 0x0000,
 0x0000,
 0x0000,
 0x0000,
 0x0000,
 0x0000,
 0x0000,
 0x0000,
 0x0000,
 0x0000,
 0x0000,
 0x0000,
 0x0000,
 0x0000,
 0x0000,
 0x0000,
 0x0000,
 0x0000,
 0x0000,
 0x0000,
 0x0000,
 0x0000,
 0x0000,
 0x0000,
 0x0000,
 0x0000,
 0x0000,
 0x0000,
 0x0000,
 0x0000,
 0x0000,
 0x0000,
 0x0000,
 0x0000,
 0x0000,
 0x0000,
 0x0000,
 0x0000,
 0x0000,
 0x0000,
 0x0000,
 0x0000,
 0x0980,
 0x0000,
 0x0000,
 0x0000,
 0x0000,
 0x0000,
 0x0000,
 0x0000,
 0x0000,
 0x0000,
 0x0000,
 0x0000,
 0x0000,
 0x0000,
 0x0000,
 0x0000,
 0x0000,
 0x0000,
 0x0000,
 0x0000,
 0x0000,
 0x0000,
 0x0214,
 0x0000,
 0x0000,
 0x0000,
 0x0000,
 0x0000,
 0x0000,
 0x0000,
 0x0000,
 0x0000,
 0x0000,
 0x0000,
 0x0000,
 0x0000,
 0x0000,
 0x0000,
 0x0000,
 0x0000,
 0x0000,
 0x0000,
 0x0000,
 0x0000,
 0x0000,
 0x0000,
 0x0000,
 0x0000,
 0x0000,
 0x0000,
 0x0000,
 0x0000,
 0x0000,
 0x0000,
 0x0000,
 0x0000,
 0x0000,
 0x0000,
 0x0000,
 0x0000,
 0x0000,
 0x0000,
 0x0000,
 0x0000,
 0x0000,
 0x0000,
 0x0000,
 0x0000,
 0x0000,
 0x0000,
 0x0000,
 0x0000,
 0x0000,
 0x0000,
 0x0000,
 0x0000,
 0x0000,
 0x0000,
 0x0000,
 0x0000,
 0x0000,
 0x0000,
 0x0000,
 0x0000,
 0x0000,
 0x0000,
 0x0000,
 0x0000,
 0x0000,
 0x0000,
 0x0000,
 0x0000,
 0x0000,
 0x0000,
 0x0000,
 0x0000,
 0x0000,
 0x0000,
 0x0000,
 0x0000,
 0x0000,
 0x0000,
 0x0000,
 0x0000,
 0x0000,
 0x0000,
 0x0000,
 0x0000,
 0x0000,
 0x0c2c,
 0x0000,
 0x0000,
 0x0000,
 0x0000,
 0x0000,
 0x0000,
 0x0000,
 0x0000,
 0x0000,
 0x0000,
 0x0000,
 0x0000,
 0x0000,
 0x0000,
 0x0000,
 0x0000,
 0x0000,
 0x0000,
 0x0000,
 0x0000,
 0x0000,
 0x0000,
 0x0000,
 0x0000,
 0x0000,
 0x0000,
 0x0000,
 0x0000,
 0x0000,
 0x0000,
 0x0000,
 0x0000,
 0x0000,
 0x0000,
 0x0000,
 0x0000,
 0x0000,
 0x0000,
 0x0000,
 0x0000,
 0x0000,
 0x0000,
 0x0000,
 0x0000,
 0x0000,
 0x0000,
 0x0000,
 0x0000,
 0x0000,
 0x0000,
 0x0000,
 0x0000,
 0x0000,
 0x0000,
 0x0000,
 0x0000,
 0x0000,
 0x0000,
 0x0000,
 0x0000,
 0x0000,
 0x0000,
 0x0000,
 0x0000,
 0x0000,
 0x0000,
 0x0000,
 0x0000,
 0x0000,
 0x0000,
 0x0000,
 0x0000,
 0x0000,
 0x0000,
 0x0000,
 0x0000,
 0x0000,
 0x0000,
 0x0000,
 0x0000,
 0x0000,
 0x0000,
 0x813c,
 0x0000,
 0x0000,
 0x0000,
 0x0000,
 0x0000,
 0x0000,
 0x0000,
 0x0000,
 0x0000,
 0x0000,
 0x0000,
 0x0000,
 0x0000,
 0x0000,
 0x0000,
 0x0000,
 0x0000,
 0x0000,
 0x0000,
 0x0000,
 0x0000,
 0x0000,
 0x0000,
 0x0000,
 0x0000,
 0x0000,
 0x0000,
 0x0000,
 0x0000,
 0x0000,
 0x0000,
 0x0000,
 0x0000,
 0x0000,
 0x0000,
 0x0000,
 0x0000,
 0x0000,
 0x0000,
 0x046f,
 0x0000,
 0x0000,
 0x0000,
 0x0000,
 0x0000,
 0x0000,
 0x0000,
 0x0000,
 0x0000,
 0x0000,
 0x0000,
 0x0000,
 0x0000,
 0x0000,
 0x0000,
 0x0000,
 0x0000,
 0x0000,
 0x0000,
 0x0000,
 0x0000,
 0x0000,
 0x0000,
 0x0000,
 0x068a,
 0x0000,
 0x0000,
 0x0000,
 0x0000,
 0x0000,
 0x0000,
 0x0000,
 0x0000,
 0x0000,
 0x0000,
 0x0000,
 0x0000,
 0x0000,
 0x0000,
 0x0000,
 0x0000,
 0x0000,
 0x0000,
 0x0000,
 0x0000,
 0x0000,
 0x0000,
 0x0000,
 0x0000,
 0x0000,
 0x0000,
 0x0000,
 0x0000,
 0x0000,
 0x0000,
 0x0000,
 0x0bf3,
 0x0000,
 0x0000,
 0x0000,
 0x0000,
 0x0000,
 0x0000,
 0x0000,
 0x0000,
 0x0000,
 0x0000,
 0x0000,
 0x0000,
 0x0000,
 0x0000,
 0x0000,
 0x0000,
 0x0000,
 0x0000,
 0x0000,
 0x0000,
 0x0000,
 0x813a,
 0x0000,
 0x0000,
 0x0000,
 0x0000,
 0x0000,
 0x0000,
 0x0000,
 0x0000,
 0x0000,
 0x0000,
 0x0000,
 0x0000,
 0x808f,
 0x800c,
 0x0000,
 0x0000,
 0x0000,
 0x0000,
 0x0000,
 0x0000,
 0x0000,
 0x0000,
 0x0000,
 0x0000,
 0x0000,
 0x0000,
 0x0000,
 0x0000,
 0x0000,
 0x0000,
 0x0000,
 0x8012,
 0x0000,
 0x0000,
 0x0000,
 0x0000,
 0x0000,
 0x0000,
 0x0000,
 0x0000,
 0x0000,
 0x0000,
 0x0000,
 0x0000,
 0x0000,
 0x0000,
 0x0000,
 0x0000,
 0x8004,
 0x0000,
 0x0000,
 0x0000,
 0x0000,
 0x0000,
 0x0000,
 0x0000,
 0x0000,
 0x0000,
 0x0000,
 0x0000,
 0x0000,
 0x0000,
 0x0000,
 0x0000,
 0x0000,
 0x0000,
 0x0000,
 0x0000,
 0x0000,
 0x0000,
 0x0000,
 0x0000,
 0x0000,
 0x0000,
 0x0000,
 0x0000,
 0x0000,
 0x0000,
 0x0000,
 0x0000,
 0x0000,
 0x0000,
 0x0000,
 0x0000,
 0x0000,
 0x0000,
 0x0000,
 0x0000,
 0x0000,
 0x0000,
 0x0000,
 0x0000,
 0x0000,
 0x0000,
 0x0000,
 0x0000,
 0x0000,
 0x0000,
 0x0000,
 0x0000,
 0x0000,
 0x0000,
 0x0000,
 0x0000,
 0x0000,
 0x8128,
 0x0000,
 0x0000,
 0x0000,
 0x0000,
 0x0000,
 0x0000,
 0x0000,
 0x0000,
 0x0000,
 0x0000,
 0x0000,
 0x0000,
 0x0000,
 0x0000,
 0x0000,
 0x0000,
 0x0000,
 0x0000,
 0x0000,
 0x0000,
 0x0000,
 0x0000,
 0x0000,
 0x0000,
 0x0000,
 0x043f,
 0x0000,
 0x8152,
 0x0000,
 0x0000,
 0x0000,
 0x0000,
 0x0000,
 0x0000,
 0x0000,
 0x0000,
 0x0000,
 0x0000,
 0x0000,
 0x0000,
 0x0000,
 0x0000,
 0x0000,
 0x0000,
 0x0000,
 0x0000,
 0x0000,
 0x0000,
 0x0000,
 0x0000,
 0x0000,
 0x08e2,
 0x0000,
 0x0000,
 0x0000,
 0x0000,
 0x046b,
 0x0000,
 0x0000,
 0x0000,
 0x0000,
 0x0000,
 0x0000,
 0x0000,
 0x0000,
 0x0000,
 0x0000,
 0x0000,
 0x0000,
 0x0000,
 0x0000,
 0x0000,
 0x0000,
 0x0000,
 0x0000,
 0x0000,
 0x0000,
 0x0000,
 0x0000,
 0x0000,
 0x0000,
 0x0000,
 0x0000,
 0x0000,
 0x0000,
 0x0000,
 0x0000,
 0x0000,
 0x0000,
 0x0000,
 0x0000,
 0x0000,
 0x0000,
 0x0000,
 0x8010,
 0x0000,
 0x0000,
 0x0000,
 0x0000,
 0x0000,
 0x0000,
 0x0000,
 0x0000,
 0x0000,
 0x0000,
 0x0000,
 0x0000,
 0x0000,
 0x0000,
 0x0000,
 0x0000,
 0x0000,
 0x0000,
 0x0000,
 0x0000,
 0x0000,
 0x0000,
 0x0000,
 0x0000,
 0x0000,
 0x0000,
 0x0000,
 0x0000,
 0x0000,
 0x81b5,
 0x0000,
 0x0000,
 0x0000,
 0x0000,
 0x0000,
 0x0000,
 0x0000,
 0x0000,
 0x0000,
 0x0000,
 0x0000,
 0x0000,
 0x0000,
 0x0000,
 0x0000,
 0x0000,
 0x0000,
 0x0000,
 0x0000,
 0x0000,
 0x0000,
 0x0000,
 0x0000,
 0x0000,
 0x0000,
 0x0000,
 0x0000,
 0x0000,
 0x0000,
 0x0000,
 0x0000,
 0x0000,
 0x0000,
 0x0000,
 0x0000,
 0x0000,
 0x0000,
 0x0000,
 0x0000,
 0x0000,
 0x0000,
 0x0000,
 0x0000,
 0x0000,
 0x0000,
 0x0000,
 0x0000,
 0x0000,
 0x0000,
 0x0000,
 0x0000,
 0x0000,
 0x0000,
 0x0000,
 0x0000,
 0x0000,
 0x0000,
 0x0000,
 0x0000,
 0x0000,
 0x0000,
 0x0000,
 0x0000,
 0x0000,
 0x0000,
 0x0000,
 0x0000,
 0x0000,
 0x0000,
 0x0000,
 0x0000,
 0x0000,
 0x0000,
 0x0000,
 0x0000,
 0x0000,
 0x0000,
 0x0000,
 0x0000,
 0x0000,
 0x0000,
 0x0000,
 0x0000,
 0x0000,
 0x0000,
 0x0000,
 0x0000,
 0x0000,
 0x0997,
 0x0000,
 0x0000,
 0x0000,
 0x0000,
 0x0000,
 0x0000,
 0x0000,
 0x0000,
 0x0000,
 0x0000,
 0x0000,
 0x0000,
 0x0000,
 0x0000,
 0x0000,
 0x0000,
 0x0000,
 0x0000,
 0x0000,
 0x0000,
 0x0000,
 0x0000,
 0x0000,
 0x0000,
 0x0000,
 0x0000,
 0x0000,
 0x0000,
 0x0000,
 0x0000,
 0x0000,
 0x0000,
 0x0000,
 0x0000,
 0x0000,
 0x0000,
 0x0000,
 0x0000,
 0x0000,
 0x0000,
 0x0000,
 0x0000,
 0x0000,
 0x0000,
 0x0000,
 0x0000,
 0x0000,
 0x0000,
 0x0000,
 0x0000,
 0x0000,
 0x0000,
 0x0000,
 0x0000,
 0x0000,
 0x0000,
 0x0000,
 0x0000,
 0x0000,
 0x0000,
 0x0000,
 0x0000,
 0x01ae,
 0x0000,
 0x08e0,
 0x0000,
 0x0000,
 0x0446,
 0x0000,
 0x0000,
 0x0000,
 0x0000,
 0x0000,
 0x0000,
 0x0000,
 0x0000,
 0x0000,
 0x0000,
 0x0000,
 0x0000,
 0x0000,
 0x0000,
 0x0000,
 0x0000,
 0x0000,
 0x81b3,
 0x0000,
 0x0000,
 0x0000,
 0x0000,
 0x0000,
 0x0000,
 0x0000,
 0x0000,
 0x0000,
 0x0000,
 0x0000,
 0x0000,
 0x0000,
 0x0000,
 0x0000,
 0x0000,
 0x0000,
 0x0000,
 0x0000,
 0x0000,
 0x0000,
 0x0000,
 0x801e,
 0x0000,
 0x0000,
 0x0000,
 0x0000,
 0x0000,
 0x0000,
 0x0000,
 0x0000,
 0x0000,
 0x806b,
 0x0000,
 0x0000,
 0x0000,
 0x0000,
 0x0000,
 0x0000,
 0x0000,
 0x0000,
 0x0000,
 0x0000,
 0x8035,
 0x0000,
 0x0840,
 0x0000,
 0x0000,
 0x0000,
 0x0000,
 0x0000,
 0x0000,
 0x0000,
 0x0000,
 0x0000,
 0x0000,
 0x0000,
 0x0000,
 0x0000,
 0x8154,
 0x0000,
 0x0000,
 0x0000,
 0x0000,
 0x0000,
 0x0000,
 0x0000,
 0x0000,
 0x0000,
 0x0000,
 0x0000,
 0x0000,
 0x0000,
 0x0000,
 0x0000,
 0x8057,
 0x0000,
 0x0000,
 0x8134,
 0x0000,
 0x0000,
 0x0000,
 0x0000,
 0x0000,
 0x0000,
 0x0000,
 0x0000,
 0x0000,
 0x0000,
 0x0000,
 0x0000,
 0x0000,
 0x0000,
 0x0000,
 0x0000,
 0x0000,
 0x0608,
 0x0000,
 0x0000,
 0x0000,
 0x0000,
 0x0000,
 0x0000,
 0x0000,
 0x0000,
 0x0000,
 0x0000,
 0x0000,
 0x0000,
 0x0000,
 0x0000,
 0x0000,
 0x0000,
 0x0000,
 0x0000,
 0x0000,
 0x0000,
 0x0000,
 0x1124,
 0x0000,
 0x0000,
 0x0000,
 0x0000,
 0x0000,
 0x0000,
 0x0000,
 0x0000,
 0x0000,
 0x0000,
 0x0000,
 0x0000,
 0x0000,
 0x0000,
 0x0000,
 0x0000,
 0x0000,
 0x0000,
 0x0000,
 0x0000,
 0x0000,
 0x0000,
 0x0000,
 0x0000,
 0x0000,
 0x0000,
 0x0000,
 0x0000,
 0x0000,
 0x0000,
 0x0000,
 0x0000,
 0x0000,
 0x0000,
 0x0000,
 0x0000,
 0x0000,
 0x0000,
 0x0000,
 0x0000,
 0x0000,
 0x0000,
 0x0000,
 0x0000,
 0x0000,
 0x0000,
 0x0000,
 0x0000,
 0x0000,
 0x0000,
 0x0000,
 0x0000,
 0x0000,
 0x0000,
 0x0000,
 0x0000,
 0x0000,
 0x0000,
 0x0000,
 0x0000,
 0x0000,
 0x0000,
 0x0000,
 0x0000,
 0x0000,
 0x0000,
 0x0000,
 0x0000,
 0x0000,
 0x0000,
 0x0000,
 0x0000,
 0x0000,
 0x0000,
 0x0000,
 0x0000,
 0x0000,
 0x0000,
 0x0000,
 0x0000,
 0x0745,
 0x0000,
 0x0000,
 0x0000,
 0x0000,
 0x0000,
 0x0000,
 0x0000,
 0x0000,
 0x0000,
 0x0000,
 0x0000,
 0x0000,
 0x0000,
 0x0000,
 0x0000,
 0x0000,
 0x0000,
 0x0000,
 0x0000,
 0x0000,
 0x0000,
 0x0000,
 0x0000,
 0x0000,
 0x01b1,
 0x060e,
 0x0000,
 0x0000,
 0x0000,
 0x0000,
 0x0000,
 0x0000,
 0x0000,
 0x0000,
 0x0000,
 0x0000,
 0x0000,
 0x0000,
 0x0000,
 0x0000,
 0x0000,
 0x0000,
 0x0000,
 0x0000,
 0x0000,
 0x0000,
 0x0000,
 0x0000,
 0x0000,
 0x0000,
 0x0000,
 0x0000,
 0x0000,
 0x0000,
 0x0000,
 0x0000,
 0x0000,
 0x0000,
 0x0000,
 0x0000,
 0x0000,
 0x0000,
 0x0000,
 0x0000,
 0x0000,
 0x0000,
 0x0000,
 0x0000,
 0x0000,
 0x0000,
 0x0000,
 0x0000,
 0x0000,
 0x0000,
 0x0000,
 0x0000,
 0x0000,
 0x0000,
 0x0000,
 0x0000,
 0x0000,
 0x0000,
 0x0000,
 0x0000,
 0x0000,
 0x0000,
 0x0000,
 0x0000,
 0x0000,
 0x0000,
 0x0000,
 0x0000,
 0x0000,
 0x0000,
 0x0000,
 0x0000,
 0x0000,
 0x0000,
 0x0000,
 0x0000,
 0x0000,
 0x0000,
 0x0000,
 0x0000,
 0x0000,
 0x0000,
 0x0000,
 0x0000,
 0x0000,
 0x8179,
 0x0000,
 0x0000,
 0x0000,
 0x0000,
 0x0000,
 0x0000,
 0x0000,
 0x0000,
 0x0000,
 0x0000,
 0x0000,
 0x0000,
 0x0000,
 0x0000,
 0x0000,
 0x0000,
 0x0000,
 0x0000,
 0x0000,
 0x0000,
 0x0000,
 0x0000,
 0x0000,
 0x0000,
 0x0000,
 0x0000,
 0x0000,
 0x0000,
 0x0000,
 0x0000,
 0x0000,
 0x0000,
 0x0000,
 0x0000,
 0x0000,
 0x0000,
 0x0000,
 0x0000,
 0x0000,
 0x0000,
 0x0000,
 0x0000,
 0x0000,
 0x0000,
 0x0000,
 0x0000,
 0x0000,
 0x0000,
 0x0000,
 0x0000,
 0x0000,
 0x0000,
 0x0000,
 0x0000,
 0x0000,
 0x0000,
 0x0000,
 0x0000,
 0x0000,
 0x0000,
 0x0000,
 0x0000,
 0x0000,
 0x0000,
 0x0000,
 0x0000,
 0x0000,
 0x0000,
 0x0000,
 0x0000,
 0x0000,
 0x0000,
 0x0000,
 0x0000,
 0x0000,
 0x0000,
 0x0000,
 0x0000,
 0x0000,
 0x0000,
 0x0000,
 0x0000,
 0x0000,
 0x0000,
 0x0000,
 0x0000,
 0x0000,
 0x0000,
 0x0000,
 0x0000,
 0x0000,
 0x0000,
 0x0000,
 0x0000,
 0x0000,
 0x0000,
 0x0000,
 0x0000,
 0x0000,
 0x0000,
 0x0000,
 0x0000,
 0x0000,
 0x0000,
 0x0000,
 0x0000,
 0x0000,
 0x0000,
 0x0000,
 0x0000,
 0x0000,
 0x0000,
 0x0000,
 0x0000,
 0x0000,
 0x0000,
 0x0000,
 0x0000,
 0x0000,
 0x0000,
 0x0000,
 0x0000,
 0x0000,
 0x0000,
 0x0000,
 0x0000,
 0x0000,
 0x0000,
 0x0000,
 0x0000,
 0x0000,
 0x0610,
 0x0000,
 0x0000,
 0x0000,
 0x0000,
 0x0000,
 0x0000,
 0x0000,
 0x0000,
 0x0000,
 0x0000,
 0x0000,
 0x0000,
 0x0000,
 0x0000,
 0x806f,
 0x0000,
 0x0000,
 0x0000,
 0x0000,
 0x0000,
 0x0000,
 0x0000,
 0x0000,
 0x0000,
 0x0000,
 0x0000,
 0x0000,
 0x0000,
 0x0000,
 0x0000,
 0x0000,
 0x0000,
 0x0000,
 0x0000,
 0x0000,
 0x0000,
 0x0000,
 0x0000,
 0x0000,
 0x0000,
 0x0000,
 0x0000,
 0x0000,
 0x0000,
 0x0000,
 0x0000,
 0x0000,
 0x0000,
 0x0000,
 0x0000,
 0x0000,
 0x0000,
 0x0000,
 0x0000,
 0x0000,
 0x0000,
 0x0000,
 0x0000,
 0x0000,
 0x0000,
 0x0000,
 0x0000,
 0x0000,
 0x0000,
 0x0000,
 0x0000,
 0x0000,
 0x0000,
 0x0000,
 0x0000,
 0x0000,
 0x0000,
 0x0000,
 0x0000,
 0x0000,
 0x0000,
 0x0000,
 0x0000,
 0x0000,
 0x0000,
 0x0000,
 0x0000,
 0x0000,
 0x0000,
 0x0000,
 0x0000,
 0x0000,
 0x0000,
 0x0000,
 0x0000,
 0x0000,
 0x0000,
 0x0000,
 0x0000,
 0x0000,
 0x0000,
 0x0000,
 0x0000,
 0x0000,
 0x8189,
 0x0000,
 0x0000,
 0x0000,
 0x0000,
 0x0000,
 0x0000,
 0x0000,
 0x0000,
 0x0000,
 0x8089,
 0x0000,
 0x0000,
 0x0000,
 0x0000,
 0x0000,
 0x0000,
 0x0000,
 0x0000,
 0x0000,
 0x0000,
 0x0000,
 0x0000,
 0x0000,
 0x0000,
 0x0000,
 0x0000,
 0x0000,
 0x0000,
 0x0000,
 0x0000,
 0x0000,
 0x0000,
 0x0000,
 0x0000,
 0x0000,
 0x0000,
 0x0000,
 0x0000,
 0x0000,
 0x0000,
 0x0000,
 0x0000,
 0x0000,
 0x0000,
 0x0000,
 0x0000,
 0x0000,
 0x0000,
 0x0000,
 0x0000,
 0x0000,
 0x0000,
 0x0000,
 0x0000,
 0x0000,
 0x0000,
 0x0000,
 0x0000,
 0x0000,
 0x0000,
 0x0000,
 0x0000,
 0x0000,
 0x0000,
 0x0000,
 0x0000,
 0x0000,
 0x0000,
 0x0000,
 0x0000,
 0x0000,
 0x0000,
 0x0000,
 0x80ec,
 0x0000,
 0x0000,
 0x0000,
 0x0000,
 0x0000,
 0x0000,
 0x0000,
 0x0000,
 0x0000,
 0x0000,
 0x0000,
 0x0000,
 0x0000,
 0x0000,
 0x0000,
 0x0000,
 0x0000,
 0x0000,
 0x0000,
 0x0000,
 0x0000,
 0x0000,
 0x0000,
 0x0000,
 0x0000,
 0x0000,
 0x0000,
 0x0000,
 0x0000,
 0x0000,
 0x0000,
 0x0000,
 0x0000,
 0x0000,
 0x0000,
 0x0000,
 0x0000,
 0x0000,
 0x0000,
 0x0000,
 0x0000,
 0x0000,
 0x0000,
 0x0000,
 0x0000,
 0x0000,
 0x0000,
 0x0000,
 0x0000,
 0x0000,
 0x0000,
 0x0000,
 0x0000,
 0x0000,
 0x0000,
 0x0000,
 0x0000,
 0x0000,
 0x0000,
 0x0000,
 0x0000,
 0x0000,
 0x0000,
 0x0000,
 0x0000,
 0x0000,
 0x0d14,
 0x0000,
 0x0000,
 0x0000,
 0x0000,
 0x0000,
 0x0000,
 0x0000,
 0x09ab,
 0x0000,
 0x0000,
 0x0000,
 0x0000,
 0x0000,
 0x0000,
 0x0000,
 0x0000,
 0x0bf1,
 0x0000,
 0x0000,
 0x0000,
 0x0000,
 0x0000,
 0x0000,
 0x0000,
 0x0000,
 0x0000,
 0x0000,
 0x0000,
 0x0000,
 0x0000,
 0x0000,
 0x0000,
 0x0000,
 0x0000,
 0x0000,
 0x0000,
 0x0000,
 0x0000,
 0x0000,
 0x0000,
 0x0000,
 0x0000,
 0x0000,
 0x0000,
 0x0000,
 0x0000,
 0x0000,
 0x0000,
 0x0000,
 0x8041,
 0x0000,
 0x0000,
 0x0000,
 0x0000,
 0x0000,
 0x0000,
 0x0000,
 0x0000,
 0x0000,
 0x0000,
 0x0000,
 0x0000,
 0x0000,
 0x0000,
 0x0000,
 0x0000,
 0x0000,
 0x0000,
 0x0000,
 0x0000,
 0x0000,
 0x0000,
 0x0000,
 0x0000,
 0x0000,
 0x0000,
 0x0000,
 0x0000,
 0x0000,
 0x0000,
 0x0000,
 0x0000,
 0x0000,
 0x0000,
 0x0000,
 0x0000,
 0x0000,
 0x0000,
 0x0000,
 0x0000,
 0x0000,
 0x0000,
 0x0000,
 0x0000,
 0x0000,
 0x0000,
 0x0000,
 0x0000,
 0x0000,
 0x0000,
 0x0000,
 0x0000,
 0x0000,
 0x0000,
 0x0000,
 0x0000,
 0x804f,
 0x0000,
 0x0000,
 0x0000,
 0x0000,
 0x0000,
 0x0000,
 0x0000,
 0x0000,
 0x0000,
 0x0000,
 0x0000,
 0x0000,
 0x0000,
 0x0000,
 0x0000,
 0x0000,
 0x0000,
 0x0000,
 0x0000,
 0x0000,
 0x0000,
 0x0000,
 0x0000,
 0x0000,
 0x0000,
 0x0000,
 0x0000,
 0x0000,
 0x0000,
 0x0000,
 0x0626,
 0x0000,
 0x0000,
 0x0000,
 0x0000,
 0x8108,
 0x0000,
 0x0000,
 0x0000,
 0x0000,
 0x0000,
 0x0000,
 0x0000,
 0x0000,
 0x0000,
 0x0000,
 0x0000,
 0x0000,
 0x0000,
 0x0000,
 0x0000,
 0x0000,
 0x0000,
 0x0000,
 0x0000,
 0x0000,
 0x0000,
 0x0000,
 0x0000,
 0x0000,
 0x0000,
 0x0000,
 0x0000,
 0x0000,
 0x0000,
 0x0000,
 0x0000,
 0x0000,
 0x0000,
 0x0000,
 0x0000,
 0x0000,
 0x0000,
 0x0000,
 0x0000,
 0x0000,
 0x0000,
 0x0000,
 0x0000,
 0x0000,
 0x0000,
 0x0000,
 0x0000,
 0x0000,
 0x0000,
 0x0000,
 0x0000,
 0x0000,
 0x0000,
 0x0000,
 0x0000,
 0x0000,
 0x0000,
 0x0000,
 0x0000,
 0x0000,
 0x0000,
 0x0000,
 0x0000,
 0x0000,
 0x0000,
 0x0000,
 0x0000,
 0x0000,
 0x0000,
 0x0000,
 0x0000,
 0x0000,
 0x0000,
 0x0000,
 0x0000,
 0x0000,
 0x0000,
 0x0000,
 0x0000,
 0x0000,
 0x0000,
 0x0000,
 0x0000,
 0x8066,
 0x0000,
 0x0000,
 0x0000,
 0x0000,
 0x0000,
 0x0000,
 0x0000,
 0x0000,
 0x0000,
 0x0000,
 0x0000,
 0x0000,
 0x0000,
 0x0000,
 0x0000,
 0x0000,
 0x0000,
 0x0000,
 0x0000,
 0x0000,
 0x0000,
 0x0000,
 0x0000,
 0x0000,
 0x0000,
 0x0000,
 0x0000,
 0x0000,
 0x0000,
 0x0000,
 0x0000,
 0x0000,
 0x0000,
 0x0000,
 0x0000,
 0x0000,
 0x0000,
 0x0000,
 0x0000,
 0x0000,
 0x0000,
 0x0000,
 0x0000,
 0x0000,
 0x0000,
 0x0000,
 0x0000,
 0x0000,
 0x0000,
 0x0000,
 0x0000,
 0x0000,
 0x0000,
 0x0000,
 0x0000,
 0x0000,
 0x0000,
 0x0000,
 0x0000,
 0x0000,
 0x0000,
 0x0000,
 0x0000,
 0x8032,
 0x0000,
 0x0000,
 0x0000,
 0x0000,
 0x0000,
 0x0000,
 0x0000,
 0x0000,
 0x0000,
 0x0000,
 0x0000,
 0x0000,
 0x0000,
 0x0000,
 0x0000,
 0x0000,
 0x0000,
 0x0000,
 0x0000,
 0x0000,
 0x0000,
 0x0000,
 0x0000,
 0x0000,
 0x0000,
 0x0000,
 0x0000,
 0x0000,
 0x0000,
 0x0000,
 0x0000,
 0x0000,
 0x0000,
 0x0000,
 0x0000,
 0x0000,
 0x0000,
 0x0000,
 0x8051,
 0x0000,
 0x0000,
 0x0000,
 0x0000,
 0x0000,
 0x0000,
 0x0000,
 0x0000,
 0x0000,
 0x0000,
 0x0000,
 0x0000,
 0x0000,
 0x0000,
 0x0000,
 0x0000,
 0x0000,
 0x0000,
 0x0000,
 0x0000,
 0x0000,
 0x0000,
 0x0000,
 0x0000,
 0x0000,
 0x0000,
 0x0000,
 0x0000,
 0x0000,
 0x0000,
 0x0000,
 0x0000,
 0x0000,
 0x0000,
 0x0000,
 0x0000,
 0x0000,
 0x0000,
 0x0000,
 0x0000,
 0x0000,
 0x0000,
 0x0000,
 0x0000,
 0x083a,
 0x0000,
 0x81b2,
 0x0000,
 0x0000,
 0x0000,
 0x0000,
 0x0000,
 0x0000,
 0x0000,
 0x0000,
 0x0000,
 0x0000,
 0x0000,
 0x0000,
 0x0000,
 0x0000,
 0x0000,
 0x0000,
 0x0000,
 0x0000,
 0x0000,
 0x0000,
 0x0000,
 0x0000,
 0x0000,
 0x0000,
 0x0000,
 0x0000,
 0x0000,
 0x0000,
 0x0000,
 0x0000,
 0x0000,
 0x0000,
 0x0000,
 0x0000,
 0x0000,
 0x0000,
 0x0000,
 0x0000,
 0x0000,
 0x0000,
 0x0000,
 0x0000,
 0x0000,
 0x0000,
 0x0000,
 0x0000,
 0x0000,
 0x0000,
 0x0000,
 0x0000,
 0x0000,
 0x0000,
 0x0000,
 0x0000,
 0x0000,
 0x0000,
 0x0000,
 0x0000,
 0x0000,
 0x0000,
 0x0000,
 0x0000,
 0x0000,
 0x0000,
 0x0000,
 0x0000,
 0x0000,
 0x0000,
 0x0000,
 0x0000,
 0x0000,
 0x0000,
 0x0000,
 0x0000,
 0x0000,
 0x0000,
 0x0000,
 0x0000,
 0x0000,
 0x0000,
 0x0000,
 0x0000,
 0x0000,
 0x0000,
 0x0000,
 0x0000,
 0x0000,
 0x0000,
 0x0000,
 0x0000,
 0x0000,
 0x0000,
 0x0000,
 0x0000,
 0x0000,
 0x0000,
 0x0000,
 0x0000,
 0x0000,
 0x0000,
 0x0000,
 0x0000,
 0x0000,
 0x0000,
 0x0000,
 0x0000,
 0x0000,
 0x0000,
 0x0000,
 0x0000,
 0x0000,
 0x0000,
 0x0000,
 0x0000,
 0x0000,
 0x0000,
 0x0000,
 0x0000,
 0x0000,
 0x0000,
 0x0000,
 0x0000,
 0x0000,
 0x0000,
 0x0000,
 0x0000,
 0x0000,
 0x0000,
 0x0000,
 0x0000,
 0x0000,
 0x0000,
 0x0000,
 0x0000,
 0x0000,
 0x0000,
 0x0000,
 0x0000,
 0x0000,
 0x0000,
 0x0000,
 0x0000,
 0x0000,
 0x0000,
 0x0000,
 0x0000,
 0x0000,
 0x0000,
 0x0000,
 0x0000,
 0x0000,
 0x0000,
 0x0000,
 0x0000,
 0x0000,
 0x0000,
 0x0000,
 0x0000,
 0x0000,
 0x0000,
 0x0000,
 0x0000,
 0x0000,
 0x0000,
 0x0000,
 0x0000,
 0x0000,
 0x0000,
 0x0000,
 0x0000,
 0x0000,
 0x0000,
 0x0000,
 0x0000,
 0x0000,
 0x0000,
 0x0000,
 0x0000,
 0x0000,
 0x0000,
 0x0000,
 0x0000,
 0x0000,
 0x0000,
 0x0000,
 0x0000,
 0x0000,
 0x0000,
 0x0000,
 0x0000,
 0x0000,
 0x0000,
 0x0000,
 0x0000,
 0x0000,
 0x0000,
 0x0000,
 0x0000,
 0x0000,
 0x0000,
 0x0000,
 0x0000,
 0x0000,
 0x0000,
 0x0000,
 0x0000,
 0x0000,
 0x0000,
 0x0000,
 0x0000,
 0x0000,
 0x0000,
 0x0000,
 0x8173,
 0x0000,
 0x0000,
 0x0000,
 0x0000,
 0x0000,
 0x0000,
 0x0000,
 0x0000,
 0x0000,
 0x0000,
 0x0000,
 0x0000,
 0x0000,
 0x0000,
 0x0000,
 0x0000,
 0x0000,
 0x0000,
 0x0000,
 0x0000,
 0x0000,
 0x0000,
 0x81a6,
 0x0000,
 0x0000,
 0x0000,
 0x0000,
 0x0000,
 0x0000,
 0x0000,
 0x0000,
 0x0000,
 0x0000,
 0x0000,
 0x80bd,
 0x0000,
 0x0000,
 0x0000,
 0x0000,
 0x0000,
 0x0000,
 0x0000,
 0x0000,
 0x0000,
 0x0000,
 0x0000,
 0x0000,
 0x0000,
 0x0000,
 0x0000,
 0x0000,
 0x0000,
 0x0000,
 0x0000,
 0x0000,
 0x0000,
 0x0000,
 0x0000,
 0x0000,
 0x0000,
 0x0000,
 0x0000,
 0x0000,
 0x0000,
 0x0000,
 0x0000,
 0x0000,
 0x0000,
 0x0000,
 0x0000,
 0x0000,
 0x0000,
 0x0000,
 0x0000,
 0x0000,
 0x0000,
 0x0000,
 0x0000,
 0x0000,
 0x0000,
 0x0000,
 0x0000,
 0x0000,
 0x0000,
 0x0000,
 0x0000,
 0x0000,
 0x0000,
 0x806a,
 0x0000,
 0x0000,
 0x0000,
 0x0000,
 0x0000,
 0x0000,
 0x0000,
 0x0000,
 0x0000,
 0x0000,
 0x0000,
 0x0000,
 0x0000,
 0x0000,
 0x0000,
 0x0000,
 0x0000,
 0x0000,
 0x0000,
 0x0000,
 0x8019,
 0x0000,
 0x0000,
 0x0000,
 0x0000,
 0x0000,
 0x0000,
 0x0000,
 0x0000,
 0x0000,
 0x0000,
 0x0000,
 0x0000,
 0x0000,
 0x0000,
 0x0000,
 0x0000,
 0x0000,
 0x0000,
 0x0000,
 0x0000,
 0x0000,
 0x0000,
 0x0000,
 0x0000,
 0x0000,
 0x0000,
 0x0000,
 0x0000,
 0x0000,
 0x0000,
 0x0000,
 0x0000,
 0x0000,
 0x0000,
 0x0000,
 0x0000,
 0x0000,
 0x0000,
 0x0000,
 0x0000,
 0x0000,
 0x0000,
 0x0000,
 0x0000,
 0x0000,
 0x0000,
 0x0000,
 0x0000,
 0x0000,
 0x0000,
 0x0000,
 0x0000,
 0x0000,
 0x0000,
 0x0000,
 0x0000,
 0x0000,
 0x0000,
 0x0000,
 0x0000,
 0x0000,
 0x0000,
 0x0000,
 0x0000,
 0x0000,
 0x0000,
 0x0000,
 0x0000,
 0x0000,
 0x0000,
 0x0000,
 0x0000,
 0x0000,
 0x0000,
 0x0000,
 0x0000,
 0x0000,
 0x0000,
 0x0000,
 0x0000,
 0x0000,
 0x0000,
 0x0000,
 0x0000,
 0x0000,
 0x0000,
 0x0000,
 0x0000,
 0x0000,
 0x0000,
 0x0000,
 0x0000,
 0x0000,
 0x0000,
 0x0000,
 0x0000,
 0x0000,
 0x0000,
 0x0000,
 0x0000,
 0x0000,
 0x0000,
 0x0000,
 0x0000,
 0x0000,
 0x0000,
 0x0000,
 0x0000,
 0x0000,
 0x0000,
 0x0000,
 0x0000,
 0x0000,
 0x0000,
 0x0000,
 0x0000,
 0x0000,
 0x0000,
 0x0000,
 0x0000,
 0x0000,
 0x0000,
 0x0000,
 0x0000,
 0x0000,
 0x0000,
 0x0000,
 0x0000,
 0x0000,
 0x0000,
 0x0000,
 0x0000,
 0x0000,
 0x0000,
 0x0000,
 0x0000,
 0x0000,
 0x0000,
 0x0000,
 0x0000,
 0x0000,
 0x0000,
 0x0000,
 0x0000,
 0x0000,
 0x0000,
 0x0000,
 0x0000,
 0x0000,
 0x0000,
 0x0000,
 0x0000,
 0x0000,
 0x0000,
 0x0000,
 0x0000,
 0x0000,
 0x0000,
 0x0000,
 0x0000,
 0x0000,
 0x0000,
 0x0000,
 0x81ac,
 0x0000,
 0x0000,
 0x0747,
 0x0000,
 0x0000,
 0x0000,
 0x0000,
 0x0000,
 0x0000,
 0x0000,
 0x0000,
 0x0000,
 0x0000,
 0x0000,
 0x0000,
 0x0000,
 0x0000,
 0x0000,
 0x0000,
 0x0000,
 0x0000,
 0x0000,
 0x0000,
 0x0000,
 0x0000,
 0x0000,
 0x0000,
 0x01a4,
 0x0000,
 0x0000,
 0x0000,
 0x0000,
 0x0000,
 0x0000,
 0x0000,
 0x0000,
 0x0000,
 0x0000,
 0x0000,
 0x0000,
 0x0000,
 0x0000,
 0x0000,
 0x0000,
 0x0000,
 0x0000,
 0x0000,
 0x0000,
 0x0000,
 0x0000,
 0x0000,
 0x0000,
 0x0000,
 0x0000,
 0x0000,
 0x0000,
 0x0000,
 0x0000,
 0x0000,
 0x0000,
 0x0000,
 0x0000,
 0x0000,
 0x0000,
 0x0000,
 0x0000,
 0x0000,
 0x0000,
 0x0000,
 0x0000,
 0x0000,
 0x0000,
 0x0000,
 0x0000,
 0x0000,
 0x0000,
 0x0000,
 0x0000,
 0x0000,
 0x0000,
 0x0000,
 0x0000,
 0x0000,
 0x0000,
 0x0000,
 0x0000,
 0x0000,
 0x80a8,
 0x0000,
 0x0000,
 0x0000,
 0x0000,
 0x0000,
 0x0000,
 0x0000,
 0x0000,
 0x0000,
 0x0000,
 0x0000,
 0x0000,
 0x0000,
 0x0000,
 0x0000,
 0x0000,
 0x0000,
 0x0000,
 0x0000,
 0x0000,
 0x0000,
 0x0000,
 0x0000,
 0x0000,
 0x803b,
 0x0000,
 0x0000,
 0x0000,
 0x0000,
 0x0000,
 0x0000,
 0x0000,
 0x0000,
 0x0000,
 0x0000,
 0x0000,
 0x0000,
 0x0000,
 0x0000,
 0x0000,
 0x0000,
 0x0000,
 0x0000,
 0x0000,
 0x0000,
 0x0000,
 0x0000,
 0x0000,
 0x0000,
 0x0000,
 0x0000,
 0x0000,
 0x0000,
 0x0000,
 0x0000,
 0x0000,
 0x0000,
 0x0000,
 0x0000,
 0x0000,
 0x0000,
 0x0000,
 0x0000,
 0x0000,
 0x0000,
 0x0000,
 0x0000,
 0x0000,
 0x0000,
 0x0000,
 0x0000,
 0x0000,
 0x0000,
 0x0000,
 0x0000,
 0x0000,
 0x0000,
 0x0000,
 0x0000,
 0x0000,
 0x0000,
 0x0000,
 0x0000,
 0x0000,
 0x0000,
 0x0000,
 0x0000,
 0x0000,
 0x0000,
 0x0000,
 0x0000,
 0x0000,
 0x0000,
 0x0000,
 0x0000,
 0x0000,
 0x0000,
 0x0000,
 0x0000,
 0x0000,
 0x0000,
 0x0000,
 0x0000,
 0x0000,
 0x0000,
 0x0000,
 0x0000,
 0x0000,
 0x0000,
 0x0000,
 0x0000,
 0x0000,
 0x0000,
 0x0000,
 0x0000,
 0x0000,
 0x0000,
 0x0000,
 0x0000,
 0x0000,
 0x0000,
 0x0000,
 0x0000,
 0x0000,
 0x0000,
 0x0000,
 0x0000,
 0x0000,
 0x0000,
 0x0000,
 0x0000,
 0x0000,
 0x0000,
 0x0000,
 0x0000,
 0x0000,
 0x0000,
 0x0000,
 0x0000,
 0x0000,
 0x0000,
 0x0000,
 0x0000,
 0x0000,
 0x0000,
 0x0000,
 0x0000,
 0x0000,
 0x0000,
 0x0000,
 0x0000,
 0x0000,
 0x0000,
 0x0000,
 0x0000,
 0x0000,
 0x0000,
 0x0000,
 0x0000,
 0x05e9,
 0x0000,
 0x0000,
 0x0000,
 0x0000,
 0x0000,
 0x097c,
 0x0000,
 0x0000,
 0x0000,
 0x0000,
 0x0000,
 0x8055,
 0x0000,
 0x0000,
 0x0000,
 0x0000,
 0x0000,
 0x0000,
 0x0000,
 0x0000,
 0x0000,
 0x0000,
 0x0000,
 0x0000,
 0x0000,
 0x0000,
 0x0000,
 0x0000,
 0x0000,
 0x0000,
 0x099d,
 0x0000,
 0x0000,
 0x0000,
 0x0000,
 0x0000,
 0x0000,
 0x0000,
 0x0000,
 0x0000,
 0x0000,
 0x0000,
 0x0000,
 0x0000,
 0x0000,
 0x0000,
 0x0000,
 0x0000,
 0x0000,
 0x0000,
 0x0000,
 0x0000,
 0x0000,
 0x0000,
 0x0000,
 0x0000,
 0x0000,
 0x0000,
 0x0000,
 0x0000,
 0x0000,
 0x0000,
 0x0000,
 0x0000,
 0x0000,
 0x0000,
 0x0000,
 0x0000,
 0x0000,
 0x0000,
 0x0000,
 0x0000,
 0x0000,
 0x0000,
 0x0000,
 0x0000,
 0x0000,
 0x0000,
 0x0000,
 0x0000,
 0x0000,
 0x0000,
 0x80a4,
 0x0000,
 0x0000,
 0x0000,
 0x0000,
 0x0000,
 0x0000,
 0x0000,
 0x0000,
 0x0000,
 0x0000,
 0x0000,
 0x0000,
 0x0000,
 0x0000,
 0x815f,
 0x0000,
 0x0000,
 0x0000,
 0x0000,
 0x0000,
 0x0000,
 0x0000,
 0x0000,
 0x0000,
 0x0000,
 0x0000,
 0x0000,
 0x0000,
 0x0000,
 0x0000,
 0x0000,
 0x0000,
 0x0000,
 0x0000,
 0x0000,
 0x0000,
 0x0000,
 0x0000,
 0x0000,
 0x0000,
 0x0000,
 0x0000,
 0x0000,
 0x0000,
 0x0000,
 0x0000,
 0x0000,
 0x0000,
 0x0000,
 0x0000,
 0x0000,
 0x0000,
 0x0000,
 0x0000,
 0x0000,
 0x0000,
 0x0000,
 0x0000,
 0x0000,
 0x0000,
 0x0000,
 0x0000,
 0x0000,
 0x0000,
 0x0000,
 0x0000,
 0x0000,
 0x0000,
 0x0000,
 0x0000,
 0x0000,
 0x0000,
 0x0000,
 0x0000,
 0x0000,
 0x0000,
 0x0000,
 0x0000,
 0x0000,
 0x0000,
 0x0000,
 0x08ca,
 0x0000,
 0x0000,
 0x0000,
 0x05fa,
 0x0000,
 0x0000,
 0x0000,
 0x0000,
 0x0000,
 0x0000,
 0x0000,
 0x0000,
 0x097a,
 0x0000,
 0x0000,
 0x0000,
 0x0000,
 0x0000,
 0x0000,
 0x0000,
 0x0000,
 0x0994,
 0x0000,
 0x0000,
 0x0000,
 0x0000,
 0x0000,
 0x0000,
 0x0000,
 0x0000,
 0x0000,
 0x0000,
 0x0000,
 0x0000,
 0x0000,
 0x0000,
 0x0000,
 0x0000,
 0x0000,
 0x0000,
 0x0000,
 0x0000,
 0x804d,
 0x0c2a,
 0x0000,
 0x0000,
 0x0000,
 0x0000,
 0x0000,
 0x0000,
 0x0000,
 0x0000,
 0x0000,
 0x0000,
 0x0000,
 0x0000,
 0x0000,
 0x0000,
 0x0000,
 0x80db,
 0x0000,
 0x0000,
 0x0000,
 0x0000,
 0x0000,
 0x0000,
 0x0000,
 0x0000,
 0x0000,
 0x0000,
 0x0000,
 0x0000,
 0x0000,
 0x0000,
 0x0000,
 0x0000,
 0x0000,
 0x0000,
 0x0000,
 0x0000,
 0x0000,
 0x0000,
 0x0000,
 0x0000,
 0x0000,
 0x0000,
 0x0000,
 0x0000,
 0x0000,
 0x0000,
 0x0000,
 0x0000,
 0x0000,
 0x0000,
 0x0000,
 0x0000,
 0x0000,
 0x0000,
 0x0000,
 0x0000,
 0x0000,
 0x0000,
 0x0000,
 0x0000,
 0x0000,
 0x0000,
 0x0000,
 0x0000,
 0x0000,
 0x0000,
 0x0000,
 0x0000,
 0x0000,
 0x0000,
 0x0000,
 0x0000,
 0x0000,
 0x0000,
 0x0000,
 0x0000,
 0x0000,
 0x0000,
 0x0000,
 0x0000,
 0x0000,
 0x0000,
 0x0000,
 0x0000,
 0x0000,
 0x0000,
 0x0000,
 0x0000,
 0x0000,
 0x0000,
 0x0000,
 0x0000,
 0x0000,
 0x0000,
 0x0000,
 0x0000,
 0x0000,
 0x0000,
 0x0000,
 0x0000,
 0x0000,
 0x0000,
 0x0000,
 0x0000,
 0x0000,
 0x0000,
 0x0000,
 0x0000,
 0x0000,
 0x0000,
 0x0000,
 0x0000,
 0x0000,
 0x0000,
 0x0000,
 0x0000,
 0x0000,
 0x0000,
 0x0000,
 0x0999,
 0x0000,
 0x0000,
 0x0000,
 0x0000,
 0x0000,
 0x0000,
 0x0000,
 0x0000,
 0x0000,
 0x0000,
 0x0000,
 0x0000,
 0x09ad,
 0x0000,
 0x0000,
 0x0000,
 0x0000,
 0x0000,
 0x0000,
 0x0000,
 0x0000,
 0x0000,
 0x0000,
 0x0000,
 0x0000,
 0x0000,
 0x0000,
 0x0000,
 0x0000,
 0x0000,
 0x0000,
 0x0000,
 0x0000,
 0x0000,
 0x0000,
 0x0000,
 0x0000,
 0x0000,
 0x0000,
 0x0000,
 0x0000,
 0x0000,
 0x0000,
 0x0000,
 0x0000,
 0x0000,
 0x0000,
 0x0000,
 0x0000,
 0x0000,
 0x0000,
 0x0000,
 0x0000,
 0x0000,
 0x0000,
 0x0000,
 0x0000,
 0x0000,
 0x0000,
 0x0000,
 0x0000,
 0x0000,
 0x0000,
 0x0000,
 0x0000,
 0x0000,
 0x0000,
 0x0000,
 0x0000,
 0x0000,
 0x0000,
 0x817f,
 0x0000,
 0x0000,
 0x0000,
 0x0000,
 0x0000,
 0x0000,
 0x0000,
 0x0000,
 0x0000,
 0x0000,
 0x0000,
 0x0000,
 0x0000,
 0x0000,
 0x0b5d,
 0x0000,
 0x0c15,
 0x0000,
 0x0000,
 0x0000,
 0x0000,
 0x0000,
 0x0000,
 0x0000,
 0x0000,
 0x0000,
 0x0000,
 0x0000,
 0x0000,
 0x0000,
 0x0000,
 0x0000,
 0x0000,
 0x0000,
 0x0000,
 0x0000,
 0x8191,
 0x0000,
 0x0000,
 0x0000,
 0x0000,
 0x0000,
 0x0000,
 0x0000,
 0x0000,
 0x0000,
 0x0000,
 0x0000,
 0x0000,
 0x0000,
 0x0000,
 0x0000,
 0x0000,
 0x0000,
 0x0000,
 0x0000,
 0x0000,
 0x0000,
 0x0000,
 0x0000,
 0x0000,
 0x0000,
 0x0000,
 0x0000,
 0x0000,
 0x0000,
 0x0000,
 0x0000,
 0x0000,
 0x0000,
 0x0000,
 0x0000,
 0x0000,
 0x0000,
 0x0000,
 0x0000,
 0x0000,
 0x0000,
 0x0000,
 0x0000,
 0x0000,
 0x0000,
 0x0000,
 0x0000,
 0x0000,
 0x0000,
 0x0988,
 0x0000,
 0x0000,
 0x10cb,
 0x0000,
 0x0000,
 0x0000,
 0x0000,
 0x0000,
 0x0000,
 0x0000,
 0x0000,
 0x0000,
 0x0000,
 0x0000,
 0x0000,
 0x0000,
 0x0000,
 0x0000,
 0x0000,
 0x0000,
 0x0000,
 0x0000,
 0x0000,
 0x0000,
 0x0000,
 0x0000,
 0x0000,
 0x0000,
 0x0000,
 0x0000,
 0x0000,
 0x0000,
 0x0000,
 0x0000,
 0x0000,
 0x0000,
 0x0000,
 0x021d,
 0x0000,
 0x0000,
 0x0000,
 0x0000,
 0x0000,
 0x0000,
 0x0000,
 0x0000,
 0x0000,
 0x0000,
 0x0000,
 0x0000,
 0x0000,
 0x0000,
 0x0000,
 0x0000,
 0x0000,
 0x0000,
 0x0000,
 0x818b,
 0x0000,
 0x0000,
 0x0000,
 0x0000,
 0x0000,
 0x0000,
 0x0000,
 0x0000,
 0x0000,
 0x0000,
 0x0000,
 0x0000,
 0x0000,
 0x0000,
 0x0000,
 0x0000,
 0x0000,
 0x0000,
 0x0000,
 0x0000,
 0x0000,
 0x0000,
 0x0000,
 0x0000,
 0x0000,
 0x0000,
 0x0000,
 0x0000,
 0x0000,
 0x0000,
 0x0000,
 0x0000,
 0x0000,
 0x0000,
 0x0000,
 0x0000,
 0x0000,
 0x0000,
 0x0000,
 0x0000,
 0x0000,
 0x0000,
 0x0000,
 0x0000,
 0x0000,
 0x0000,
 0x0000,
 0x0000,
 0x0000,
 0x0000,
 0x0000,
 0x0000,
 0x814e,
 0x0000,
 0x0000,
 0x0000,
 0x0000,
 0x0000,
 0x0000,
 0x0000,
 0x0000,
 0x0000,
 0x0000,
 0x0000,
 0x0000,
 0x0000,
 0x0000,
 0x0000,
 0x0000,
 0x0000,
 0x0000,
 0x0000,
 0x0000,
 0x0000,
 0x0000,
 0x0000,
 0x0000,
 0x0000,
 0x0000,
 0x0000,
 0x0000,
 0x0000,
 0x0000,
 0x0000,
 0x0000,
 0x0000,
 0x0000,
 0x0000,
 0x0000,
 0x0000,
 0x0000,
 0x0000,
 0x0000,
 0x0000,
 0x0000,
 0x0000,
 0x0000,
 0x0000,
 0x0000,
 0x0000,
 0x80bb,
 0x0000,
 0x0000,
 0x0000,
 0x0000,
 0x0000,
 0x0a23,
 0x0000,
 0x0000,
 0x0000,
 0x0000,
 0x0000,
 0x0000,
 0x0000,
 0x0000,
 0x0000,
 0x0000,
 0x0000,
 0x0000,
 0x0000,
 0x0000,
 0x0000,
 0x0000,
 0x0000,
 0x0000,
 0x0000,
 0x0000,
 0x0000,
 0x0000,
 0x0000,
 0x0000,
 0x0000,
 0x00b4,
 0x0000,
 0x0000,
 0x0000,
 0x0000,
 0x0000,
 0x0000,
 0x0000,
 0x0000,
 0x0000,
 0x0000,
 0x0000,
 0x0000,
 0x0000,
 0x0000,
 0x0000,
 0x0000,
 0x0000,
 0x0000,
 0x0000,
 0x0000,
 0x0000,
 0x0000,
 0x0000,
 0x0000,
 0x0000,
 0x0000,
 0x0000,
 0x0000,
 0x0000,
 0x0000,
 0x0000,
 0x0000,
 0x0000,
 0x0000,
 0x0000,
 0x0000,
 0x0000,
 0x0000,
 0x0000,
 0x0000,
 0x0000,
 0x0000,
 0x0000,
 0x0000,
 0x0000,
 0x0000,
 0x0000,
 0x0000,
 0x0000,
 0x0000,
 0x0000,
 0x0000,
 0x0000,
 0x0000,
 0x0000,
 0x0000,
 0x0000,
 0x0000,
 0x0965,
 0x0000,
 0x0000,
 0x0000,
 0x0000,
 0x0000,
 0x0000,
 0x0000,
 0x0000,
 0x0000,
 0x0000,
 0x0000,
 0x0000,
 0x0000,
 0x0000,
 0x0000,
 0x0000,
 0x0000,
 0x0000,
 0x0000,
 0x0000,
 0x0000,
 0x0000,
 0x0000,
 0x0000,
 0x0000,
 0x0000,
 0x0000,
 0x0000,
 0x0000,
 0x0000,
 0x0000,
 0x0000,
 0x0000,
 0x0000,
 0x0000,
 0x0000,
 0x0000,
 0x0000,
 0x0000,
 0x0000,
 0x0000,
 0x0000,
 0x0000,
 0x0000,
 0x0000,
 0x0000,
 0x0000,
 0x0000,
 0x0000,
 0x0000,
 0x0000,
 0x0000,
 0x0000,
 0x0000,
 0x0000,
 0x0000,
 0x0000,
 0x073f,
 0x0000,
 0x0bef,
 0x0000,
 0x0000,
 0x0000,
 0x0000,
 0x0000,
 0x0000,
 0x0000,
 0x0000,
 0x0000,
 0x0000,
 0x0000,
 0x0000,
 0x0000,
 0x0000,
 0x0000,
 0x0000,
 0x0000,
 0x0000,
 0x0000,
 0x0000,
 0x0000,
 0x0000,
 0x0000,
 0x0000,
 0x0000,
 0x0000,
 0x0000,
 0x0000,
 0x0000,
 0x0000,
 0x0000,
 0x0000,
 0x0000,
 0x0000,
 0x0000,
 0x0000,
 0x0000,
 0x0000,
 0x0000,
 0x0000,
 0x0000,
 0x0000,
 0x0000,
 0x0000,
 0x0000,
 0x0000,
 0x0000,
 0x80ee,
 0x0000,
 0x0000,
 0x0000,
 0x0b0d,
 0x0000,
 0x0000,
 0x0000,
 0x0000,
 0x0000,
 0x0000,
 0x0000,
 0x0000,
 0x0000,
 0x0000,
 0x0000,
 0x0000,
 0x0000,
 0x0000,
 0x0000,
 0x0000,
 0x0000,
 0x0000,
 0x0000,
 0x0000,
 0x0000,
 0x0000,
 0x0000,
 0x0000,
 0x0000,
 0x0000,
 0x0000,
 0x808c,
 0x0000,
 0x0000,
 0x0000,
 0x0000,
 0x0000,
 0x0000,
 0x0000,
 0x0000,
 0x0000,
 0x0000,
 0x0000,
 0x0000,
 0x0000,
 0x0000,
 0x0000,
 0x0000,
 0x0000,
 0x0000,
 0x0000,
 0x0000,
 0x0000,
 0x0000,
 0x0000,
 0x0000,
 0x0000,
 0x0000,
 0x0000,
 0x0000,
 0x0000,
 0x0000,
 0x0000,
 0x0000,
 0x0000,
 0x0000,
 0x0000,
 0x0000,
 0x0000,
 0x0000,
 0x0000,
 0x0000,
 0x0000,
 0x0000,
 0x0000,
 0x0000,
 0x0000,
 0x0000,
 0x0000,
 0x0000,
 0x0000,
 0x0000,
 0x0000,
 0x0000,
 0x0000,
 0x0000,
 0x019c,
 0x0000,
 0x0000,
 0x0000,
 0x0000,
 0x0000,
 0x0000,
 0x0000,
 0x0000,
 0x0000,
 0x0000,
 0x0000,
 0x0000,
 0x0000,
 0x0000,
 0x0000,
 0x0000,
 0x0000,
 0x0000,
 0x0000,
 0x0000,
 0x0000,
 0x0000,
 0x0000,
 0x0000,
 0x0000,
 0x0000,
 0x0000,
 0x0000,
 0x0000,
 0x0000,
 0x0000,
 0x0000,
 0x0000,
 0x0000,
 0x0000,
 0x0000,
 0x0000,
 0x0000,
 0x0000,
 0x0000,
 0x0000,
 0x0000,
 0x0000,
 0x0000,
 0x0000,
 0x0000,
 0x0000,
 0x0000,
 0x0000,
 0x0000,
 0x0000,
 0x0000,
 0x0000,
 0x80fc,
 0x0000,
 0x0000,
 0x0000,
 0x0000,
 0x0000,
 0x0000,
 0x0000,
 0x0000,
 0x0000,
 0x0000,
 0x0000,
 0x0000,
 0x0000,
 0x0000,
 0x0000,
 0x0000,
 0x0000,
 0x0000,
 0x0000,
 0x0000,
 0x0000,
 0x0000,
 0x0000,
 0x0000,
 0x0000,
 0x0000,
 0x0000,
 0x0000,
 0x0000,
 0x0000,
 0x0000,
 0x0000,
 0x0000,
 0x0000,
 0x0000,
 0x0000,
 0x0000,
 0x0000,
 0x8159,
 0x0000,
 0x0000,
 0x0000,
 0x0000,
 0x0000,
 0x0000,
 0x0000,
 0x0000,
 0x0000,
 0x0000,
 0x0000,
 0x0000,
 0x0000,
 0x0000,
 0x0000,
 0x815d,
 0x0000,
 0x0000,
 0x0000,
 0x0000,
 0x0000,
 0x0000,
 0x0000,
 0x0000,
 0x0000,
 0x0000,
 0x0000,
 0x0000,
 0x0000,
 0x0000,
 0x0000,
 0x0000,
 0x0000,
 0x0000,
 0x0000,
 0x0000,
 0x0000,
 0x0000,
 0x0000,
 0x0000,
 0x0000,
 0x0000,
 0x0000,
 0x0000,
 0x0000,
 0x0000,
 0x0000,
 0x0000,
 0x0000,
 0x0000,
 0x0000,
 0x0000,
 0x0000,
 0x0000,
 0x0000,
 0x0000,
 0x0000,
 0x01a1,
 0x0000,
 0x0000,
 0x0000,
 0x0000,
 0x0000,
 0x0000,
 0x0000,
 0x0000,
 0x0000,
 0x0000,
 0x0000,
 0x0000,
 0x0000,
 0x0000,
 0x0000,
 0x0000,
 0x0000,
 0x0000,
 0x0000,
 0x0000,
 0x0000,
 0x0000,
 0x0000,
 0x0000,
 0x0000,
 0x0000,
 0x0000,
 0x0000,
 0x0000,
 0x0000,
 0x0000,
 0x0000,
 0x0000,
 0x0000,
 0x0000,
 0x0000,
 0x0000,
 0x0000,
 0x0000,
 0x0000,
 0x0000,
 0x0000,
 0x0000,
 0x0000,
 0x0000,
 0x0000,
 0x0000,
 0x0000,
 0x0000,
 0x0000,
 0x0000,
 0x0000,
 0x0000,
 0x0000,
 0x0000,
 0x0000,
 0x0000,
 0x0000,
 0x0000,
 0x0000,
 0x0000,
 0x0000,
 0x80cf,
 0x0000,
 0x0000,
 0x0000,
 0x0000,
 0x0000,
 0x0000,
 0x0000,
 0x0000,
 0x0000,
 0x0600,
 0x0000,
 0x0000,
 0x0000,
 0x111c,
 0x0000,
 0x80dd,
 0x0000,
 0x0000,
 0x0000,
 0x0000,
 0x0000,
 0x0000,
 0x0000,
 0x0000,
 0x0000,
 0x0000,
 0x0000,
 0x0000,
 0x0000,
 0x0000,
 0x0000,
 0x0000,
 0x0000,
 0x0000,
 0x0000,
 0x0000,
 0x0000,
 0x0000,
 0x0000,
 0x0000,
 0x0000,
 0x0000,
 0x0000,
 0x0000,
 0x0000,
 0x0000,
 0x0000,
 0x0000,
 0x0000,
 0x0000,
 0x0000,
 0x8100,
 0x0000,
 0x0000,
 0x0000,
 0x0000,
 0x0000,
 0x0000,
 0x0000,
 0x0000,
 0x0000,
 0x0000,
 0x0000,
 0x0000,
 0x0000,
 0x0000,
 0x0000,
 0x0000,
 0x0000,
 0x0000,
 0x0000,
 0x0000,
 0x0000,
 0x0000,
 0x0000,
 0x0000,
 0x0000,
 0x0000,
 0x0000,
 0x0000,
 0x0000,
 0x0000,
 0x0000,
 0x0000,
 0x0000,
 0x0000,
 0x0000,
 0x0000,
 0x0000,
 0x0000,
 0x0000,
 0x0000,
 0x0000,
 0x0000,
 0x0000,
 0x0000,
 0x0000,
 0x0000,
 0x0000,
 0x0000,
 0x0000,
 0x0000,
 0x0000,
 0x0000,
 0x0000,
 0x0000,
 0x0000,
 0x0000,
 0x0000,
 0x0000,
 0x0000,
 0x0000,
 0x0000,
 0x0000,
 0x0000,
 0x0000,
 0x0000,
 0x0000,
 0x0000,
 0x0000,
 0x0000,
 0x0000,
 0x0000,
 0x0000,
 0x0000,
 0x0000,
 0x0000,
 0x0000,
 0x0000,
 0x0000,
 0x0000,
 0x0000,
 0x0000,
 0x0000,
 0x0000,
 0x0000,
 0x0000,
 0x0000,
 0x0000,
 0x0000,
 0x0000,
 0x0000,
 0x0000,
 0x0000,
 0x0000,
 0x0000,
 0x0000,
 0x0000,
 0x0000,
 0x0000,
 0x0000,
 0x0000,
 0x0000,
 0x0000,
 0x0000,
 0x0000,
 0x0000,
 0x0000,
 0x0000,
 0x0000,
 0x0000,
 0x0000,
 0x0000,
 0x0000,
 0x0000,
 0x0000,
 0x0000,
 0x0000,
 0x0000,
 0x0000,
 0x0000,
 0x0000,
 0x0000,
 0x0000,
 0x0000,
 0x0000,
 0x0000,
 0x0000,
 0x0000,
 0x0000,
 0x0000,
 0x0000,
 0x0000,
 0x0000,
 0x0000,
 0x0000,
 0x0000,
 0x0000,
 0x0000,
 0x0000,
 0x0000,
 0x0000,
 0x0000,
 0x0000,
 0x0000,
 0x0000,
 0x021b,
 0x0000,
 0x0000,
 0x0000,
 0x0210,
 0x0000,
 0x0000,
 0x0000,
 0x0000,
 0x0000,
 0x0000,
 0x0000,
 0x0000,
 0x0000,
 0x0000,
 0x0000,
 0x0000,
 0x0000,
 0x0000,
 0x0000,
 0x0000,
 0x0000,
 0x0000,
 0x0000,
 0x0000,
 0x0000,
 0x0000,
 0x0000,
 0x0000,
 0x0000,
 0x0000,
 0x0000,
 0x0000,
 0x0000,
 0x0000,
 0x0000,
 0x0000,
 0x0000,
 0x0000,
 0x0000,
 0x0000,
 0x0000,
 0x0000,
 0x0000,
 0x0000,
 0x0000,
 0x0000,
 0x0000,
 0x0000,
 0x0000,
 0x0000,
 0x0000,
 0x0000,
 0x0000,
 0x0000,
 0x0000,
 0x0000,
 0x0000,
 0x0000,
 0x0000,
 0x0000,
 0x0000,
 0x0000,
 0x0000,
 0x0000,
 0x0000,
 0x0000,
 0x0000,
 0x0000,
 0x0000,
 0x0000,
 0x0000,
 0x0000,
 0x0000,
 0x0000,
 0x0000,
 0x0000,
 0x0000,
 0x0000,
 0x0000,
 0x0000,
 0x0000,
 0x0000,
 0x0000,
 0x0000,
 0x0000,
 0x0000,
 0x0000,
 0x0000,
 0x0000,
 0x0000,
 0x0000,
 0x0000,
 0x0000,
 0x0000,
 0x0000,
 0x0000,
 0x0000,
 0x0000,
 0x0000,
 0x0000,
 0x0000,
 0x0000,
 0x0000,
 0x0000,
 0x0000,
 0x0000,
 0x0000,
 0x0000,
 0x1122,
 0x0000,
 0x0000,
 0x0000,
 0x0000,
 0x0000,
 0x0000,
 0x05f3,
 0x0000,
 0x0000,
 0x0000,
 0x0000,
 0x0000,
 0x0000,
 0x0000,
 0x0000,
 0x0000,
 0x0000,
 0x0000,
 0x0000,
 0x0000,
 0x0000,
 0x0000,
 0x0000,
 0x0000,
 0x0000,
 0x0000,
 0x0000,
 0x0000,
 0x0000,
 0x0000,
 0x0000,
 0x0000,
 0x0000,
 0x0000,
 0x0000,
 0x0000,
 0x0000,
 0x0000,
 0x0000,
 0x0000,
 0x0000,
 0x0000,
 0x0000,
 0x0000,
 0x0000,
 0x0000,
 0x0000,
 0x0000,
 0x0000,
 0x0000,
 0x0000,
 0x0000,
 0x0000,
 0x0000,
 0x0000,
 0x0000,
 0x0000,
 0x0000,
 0x0000,
 0x0000,
 0x0000,
 0x0000,
 0x0000,
 0x0000,
 0x0000,
 0x0000,
 0x0000,
 0x0000,
 0x0000,
 0x0000,
 0x0000,
 0x0000,
 0x0000,
 0x0000,
 0x0000,
 0x0000,
 0x0000,
 0x0000,
 0x0000,
 0x8162,
 0x0000,
 0x0000,
 0x0000,
 0x0000,
 0x0000,
 0x0000,
 0x0000,
 0x0000,
 0x0000,
 0x0000,
 0x0000,
 0x0000,
 0x0000,
 0x0000,
 0x0000,
 0x0000,
 0x0000,
 0x0000,
 0x0000,
 0x0000,
 0x0000,
 0x0000,
 0x0000,
 0x0000,
 0x0000,
 0x0000,
 0x0000,
 0x0000,
 0x8064,
 0x0000,
 0x0000,
 0x0000,
 0x0000,
 0x0000,
 0x0000,
 0x0000,
 0x0000,
 0x0000,
 0x8085,
 0x0000,
 0x0000,
 0x0000,
 0x0000,
 0x0000,
 0x0000,
 0x0000,
 0x0000,
 0x0000,
 0x0000,
 0x0000,
 0x0000,
 0x0000,
 0x0000,
 0x0000,
 0x0000,
 0x0000,
 0x0000,
 0x0000,
 0x0000,
 0x81a0,
 0x0000,
 0x0000,
 0x0000,
 0x0000,
 0x0000,
 0x0000,
 0x001a,
 0x0000,
 0x0000,
 0x0000,
 0x0000,
 0x0000,
 0x0000,
 0x0000,
 0x0000,
 0x0000,
 0x0000,
 0x0000,
 0x0000,
 0x0000,
 0x0465,
 0x0000,
 0x0000,
 0x0000,
 0x0000,
 0x0000,
 0x0000,
 0x0000,
 0x0000,
 0x0000,
 0x0000,
 0x0000,
 0x0000,
 0x0000,
 0x0000,
 0x0000,
 0x0000,
 0x0000,
 0x0000,
 0x0000,
 0x0000,
 0x0000,
 0x0000,
 0x0000,
 0x0000,
 0x0000,
 0x0000,
 0x0000,
 0x0000,
 0x0000,
 0x0000,
 0x0000,
 0x0000,
 0x0000,
 0x0000,
 0x0000,
 0x0000,
 0x0000,
 0x0000,
 0x0000,
 0x0000,
 0x0000,
 0x0000,
 0x0000,
 0x0000,
 0x0000,
 0x0000,
 0x0000,
 0x0000,
 0x0000,
 0x0000,
 0x0000,
 0x0000,
 0x0000,
 0x0000,
 0x0000,
 0x0000,
 0x0000,
 0x0000,
 0x0000,
 0x0000,
 0x0000,
 0x0000,
 0x0000,
 0x8006,
 0x0000,
 0x0000,
 0x0000,
 0x0000,
 0x0000,
 0x0000,
 0x0000,
 0x0000,
 0x0000,
 0x0000,
 0x0322,
 0x0000,
 0x0000,
 0x0000,
 0x0000,
 0x0000,
 0x0000,
 0x0000,
 0x0000,
 0x0000,
 0x0000,
 0x0000,
 0x0000,
 0x0000,
 0x0000,
 0x0000,
 0x0000,
 0x0000,
 0x0000,
 0x0000,
 0x0000,
 0x0000,
 0x0000,
 0x0000,
 0x0000,
 0x0000,
 0x0000,
 0x0000,
 0x0000,
 0x0000,
 0x0000,
 0x0000,
 0x0221,
 0x0000,
 0x0000,
 0x0000,
 0x0000,
 0x0000,
 0x0000,
 0x0000,
 0x0000,
 0x0000,
 0x0000,
 0x0000,
 0x0000,
 0x0000,
 0x0000,
 0x0000,
 0x0000,
 0x0000,
 0x0000,
 0x0000,
 0x0000,
 0x0000,
 0x0000,
 0x0000,
 0x0000,
 0x0000,
 0x0000,
 0x0000,
 0x0000,
 0x0000,
 0x0000,
 0x0000,
 0x0000,
 0x0000,
 0x0000,
 0x0000,
 0x0000,
 0x0000,
 0x0000,
 0x0000,
 0x0000,
 0x0000,
 0x0000,
 0x0000,
 0x0000,
 0x0000,
 0x0000,
 0x0000,
 0x8171,
 0x0000,
 0x0000,
 0x0000,
 0x0000,
 0x0000,
 0x0000,
 0x0000,
 0x0000,
 0x0000,
 0x0000,
 0x0000,
 0x0000,
 0x0000,
 0x0000,
 0x0000,
 0x0000,
 0x0000,
 0x0000,
 0x0000,
 0x0000,
 0x0000,
 0x0000,
 0x0000,
 0x0000,
 0x0000,
 0x0000,
 0x0000,
 0x0000,
 0x0000,
 0x0000,
 0x0000,
 0x0000,
 0x0000,
 0x0000,
 0x0000,
 0x0000,
 0x0000,
 0x0000,
 0x0000,
 0x0000,
 0x0000,
 0x0000,
 0x0000,
 0x0000,
 0x0000,
 0x0000,
 0x0000,
 0x0000,
 0x0000,
 0x0000,
 0x0000,
 0x0000,
 0x0000,
 0x0000,
 0x0000,
 0x0000,
 0x0000,
 0x0000,
 0x0000,
 0x0000,
 0x0000,
 0x0000,
 0x0000,
 0x0000,
 0x0000,
 0x0000,
 0x0000,
 0x0000,
 0x0000,
 0x0000,
 0x0c5d,
 0x0000,
 0x0000,
 0x0000,
 0x8109,
 0x0000,
 0x0000,
 0x0000,
 0x0000,
 0x0000,
 0x0000,
 0x0000,
 0x803f,
 0x0000,
 0x0000,
 0x0000,
 0x0000,
 0x044c,
 0x0000,
 0x0000,
 0x0000,
 0x0000,
 0x0000,
 0x0000,
 0x0000,
 0x0000,
 0x0000,
 0x0000,
 0x0000,
 0x0000,
 0x816d,
 0x0000,
 0x0000,
 0x0000,
 0x0000,
 0x0000,
 0x0000,
 0x0000,
 0x0000,
 0x0000,
 0x0000,
 0x0000,
 0x0000,
 0x0000,
 0x0000,
 0x0000,
 0x0000,
 0x0000,
 0x0000,
 0x0000,
 0x0000,
 0x0000,
 0x0000,
 0x0000,
 0x0000,
 0x0000,
 0x0000,
 0x0000,
 0x0000,
 0x0000,
 0x0000,
 0x0000,
 0x0000,
 0x0000,
 0x0000,
 0x0000,
 0x0000,
 0x0000,
 0x0000,
 0x0000,
 0x0000,
 0x0000,
 0x0421,
 0x0000,
 0x0000,
 0x0000,
 0x0000,
 0x0000,
 0x0000,
 0x0000,
 0x0000,
 0x0000,
 0x0000,
 0x0000,
 0x0000,
 0x0000,
 0x0000,
 0x0000,
 0x0000,
 0x0000,
 0x0000,
 0x0000,
 0x0000,
 0x0000,
 0x0000,
 0x0000,
 0x0000,
 0x0000,
 0x0000,
 0x0000,
 0x0000,
 0x0000,
 0x0000,
 0x0000,
 0x0000,
 0x0000,
 0x0000,
 0x0000,
 0x0000,
 0x0000,
 0x0000,
 0x0000,
 0x0000,
 0x0000,
 0x0000,
 0x0000,
 0x0000,
 0x0000,
 0x0000,
 0x0000,
 0x0000,
 0x0000,
 0x0000,
 0x0000,
 0x0000,
 0x0000,
 0x0000,
 0x0000,
 0x0000,
 0x0000,
 0x0000,
 0x0000,
 0x0000,
 0x0000,
 0x0000,
 0x0000,
 0x0000,
 0x0000,
 0x816e,
 0x0000,
 0x0000,
 0x0000,
 0x0000,
 0x0000,
 0x0000,
 0x0000,
 0x0000,
 0x0000,
 0x0000,
 0x0000,
 0x0000,
 0x0000,
 0x0000,
 0x0000,
 0x0000,
 0x0000,
 0x0000,
 0x0000,
 0x0000,
 0x0000,
 0x0000,
 0x0000,
 0x0000,
 0x0000,
 0x0000,
 0x0000,
 0x0000,
 0x0000,
 0x0000,
 0x0000,
 0x0000,
 0x0000,
 0x0000,
 0x0000,
 0x0000,
 0x0000,
 0x0000,
 0x0000,
 0x0000,
 0x0000,
 0x0000,
 0x0000,
 0x0000,
 0x0000,
 0x0000,
 0x0000,
 0x0000,
 0x0000,
 0x0000,
 0x0000,
 0x0000,
 0x0000,
 0x0000,
 0x0000,
 0x0000,
 0x0000,
 0x0000,
 0x0000,
 0x0000,
 0x0000,
 0x0000,
 0x0000,
 0x0000,
 0x0000,
 0x0000,
 0x0000,
 0x0000,
 0x0000,
 0x0000,
 0x0000,
 0x0000,
 0x0000,
 0x0000,
 0x0000,
 0x0000,
 0x0000,
 0x0000,
 0x0000,
 0x0000,
 0x0000,
 0x0000,
 0x0000,
 0x0000,
 0x0000,
 0x0000,
 0x0000,
 0x0000,
 0x0000,
 0x0000,
 0x0000,
 0x0000,
 0x0000,
 0x0000,
 0x0000,
 0x0000,
 0x0000,
 0x0000,
 0x0000,
 0x0000,
 0x0000,
 0x0000,
 0x0000,
 0x0000,
 0x0000,
 0x0000,
 0x8101,
 0x0000,
 0x0000,
 0x0000,
 0x0000,
 0x0000,
 0x0000,
 0x0000,
 0x0000,
 0x0000,
 0x0000,
 0x0000,
 0x0000,
 0x0000,
 0x0000,
 0x0000,
 0x0000,
 0x0000,
 0x0000,
 0x0000,
 0x0000,
 0x0000,
 0x0000,
 0x0000,
 0x0000,
 0x0000,
 0x0000,
 0x0000,
 0x0000,
 0x0000,
 0x0000,
 0x0000,
 0x0000,
 0x0000,
 0x0000,
 0x0000,
 0x0000,
 0x0000,
 0x0000,
 0x0000,
 0x0000,
 0x0000,
 0x0000,
 0x8125,
 0x0000,
 0x0000,
 0x0000,
 0x0000,
 0x0000,
 0x0000,
 0x0000,
 0x0000,
 0x0000,
 0x0000,
 0x0000,
 0x0000,
 0x0000,
 0x0000,
 0x0000,
 0x0000,
 0x0000,
 0x09cd,
 0x0000,
 0x0000,
 0x8197,
 0x0000,
 0x0000,
 0x0000,
 0x0000,
 0x0000,
 0x0000,
 0x0000,
 0x0000,
 0x0000,
 0x0000,
 0x0000,
 0x0000,
 0x0000,
 0x0000,
 0x0000,
 0x0000,
 0x0000,
 0x0000,
 0x0000,
 0x0000,
 0x0000,
 0x0000,
 0x0000,
 0x0000,
 0x0000,
 0x0000,
 0x0000,
 0x0000,
 0x0000,
 0x0000,
 0x0000,
 0x0000,
 0x0000,
 0x0000,
 0x0000,
 0x0000,
 0x0000,
 0x0000,
 0x0000,
 0x0000,
 0x0000,
 0x0000,
 0x0000,
 0x0000,
 0x0000,
 0x0000,
 0x0000,
 0x0000,
 0x0000,
 0x0000,
 0x0000,
 0x0000,
 0x0000,
 0x0000,
 0x046d,
 0x0000,
 0x0000,
 0x0000,
 0x0000,
 0x0000,
 0x0000,
 0x0000,
 0x0000,
 0x0000,
 0x0000,
 0x0000,
 0x0000,
 0x0000,
 0x0000,
 0x0000,
 0x0000,
 0x0000,
 0x0000,
 0x0000,
 0x0000,
 0x0000,
 0x0000,
 0x0000,
 0x0000,
 0x0000,
 0x0000,
 0x0000,
 0x0000,
 0x0000,
 0x0000,
 0x0000,
 0x0000,
 0x0000,
 0x0000,
 0x0000,
 0x0000,
 0x0000,
 0x0000,
 0x0000,
 0x0000,
 0x0000,
 0x0000,
 0x0000,
 0x0000,
 0x0000,
 0x0000,
 0x0000,
 0x0000,
 0x0000,
 0x0000,
 0x0000,
 0x0000,
 0x0000,
 0x0000,
 0x0000,
 0x0000,
 0x0000,
 0x0000,
 0x0000,
 0x0000,
 0x0000,
 0x0000,
 0x0000,
 0x0000,
 0x0000,
 0x0000,
 0x0000,
 0x0000,
 0x0000,
 0x0000,
 0x0000,
 0x07fe,
 0x0000,
 0x0000,
 0x0000,
 0x0000,
 0x0000,
 0x0000,
 0x0000,
 0x0000,
 0x0000,
 0x0000,
 0x0000,
 0x0000,
 0x0000,
 0x0000,
 0x0000,
 0x0000,
 0x0000,
 0x0000,
 0x0000,
 0x0000,
 0x0000,
 0x0000,
 0x0000,
 0x80af,
 0x0000,
 0x0000,
 0x0000,
 0x0000,
 0x0000,
 0x0000,
 0x0000,
 0x0000,
 0x0000,
 0x0000,
 0x0000,
 0x0000,
 0x0000,
 0x0000,
 0x0000,
 0x0000,
 0x0000,
 0x0000,
 0x0000,
 0x0000,
 0x0000,
 0x80c5,
 0x0000,
 0x0000,
 0x0000,
 0x0000,
 0x0000,
 0x0000,
 0x8164,
 0x0000,
 0x0000,
 0x0000,
 0x0000,
 0x0000,
 0x0000,
 0x0000,
 0x0000,
 0x0000,
 0x0000,
 0x0000,
 0x0000,
 0x0000,
 0x0000,
 0x0000,
 0x0000,
 0x0000,
 0x0000,
 0x0000,
 0x0000,
 0x0000,
 0x0000,
 0x0000,
 0x0000,
 0x0000,
 0x0000,
 0x0000,
 0x0000,
 0x0000,
 0x0000,
 0x0000,
 0x0000,
 0x0000,
 0x0000,
 0x0000,
 0x0000,
 0x0000,
 0x0000,
 0x0000,
 0x0000,
 0x0000,
 0x0000,
 0x0000,
 0x0000,
 0x0000,
 0x0000,
 0x0000,
 0x0000,
 0x0000,
 0x0000,
 0x0000,
 0x0000,
 0x0000,
 0x0000,
 0x0000,
 0x0000,
 0x0000,
 0x0000,
 0x0000,
 0x0000,
 0x0000,
 0x0000,
 0x0000,
 0x0000,
 0x0000,
 0x0000,
 0x0000,
 0x0000,
 0x0000,
 0x0000,
 0x8072,
 0x0000,
 0x0000,
 0x0000,
 0x0000,
 0x0000,
 0x0000,
 0x0000,
 0x0000,
 0x0000,
 0x0000,
 0x0000,
 0x0000,
 0x0000,
 0x0000,
 0x0000,
 0x0000,
 0x0000,
 0x0000,
 0x0000,
 0x0000,
 0x0000,
 0x0000,
 0x0000,
 0x0000,
 0x0000,
 0x0000,
 0x0834,
 0x0000,
 0x0000,
 0x0000,
 0x0000,
 0x0000,
 0x0000,
 0x0000,
 0x0000,
 0x0000,
 0x0000,
 0x0000,
 0x0000,
 0x0000,
 0x0000,
 0x0000,
 0x0000,
 0x0000,
 0x0000,
 0x0000,
 0x0000,
 0x0000,
 0x0000,
 0x0000,
 0x0000,
 0x0000,
 0x0000,
 0x0000,
 0x0000,
 0x0000,
 0x0000,
 0x0000,
 0x816f,
 0x0000,
 0x0000,
 0x0000,
 0x0000,
 0x0000,
 0x0000,
 0x0000,
 0x0000,
 0x0000,
 0x0000,
 0x0000,
 0x0000,
 0x0000,
 0x0000,
 0x0000,
 0x0000,
 0x0000,
 0x0000,
 0x0000,
 0x0000,
 0x0000,
 0x0000,
 0x0000,
 0x0000,
 0x0000,
 0x0000,
 0x0000,
 0x0000,
 0x0000,
 0x0000,
 0x0000,
 0x0000,
 0x0000,
 0x0000,
 0x0000,
 0x0000,
 0x0000,
 0x0000,
 0x0000,
 0x0000,
 0x0000,
 0x0000,
 0x0000,
 0x0000,
 0x0000,
 0x0000,
 0x0000,
 0x0000,
 0x0000,
 0x0000,
 0x0000,
 0x0000,
 0x0000,
 0x0000,
 0x0000,
 0x0000,
 0x0000,
 0x0000,
 0x0000,
 0x0000,
 0x0000,
 0x0000,
 0x0000,
 0x0000,
 0x0000,
 0x0000,
 0x0000,
 0x0000,
 0x0000,
 0x0326,
 0x0000,
 0x0000,
 0x0000,
 0x0000,
 0x0000,
 0x0000,
 0x0000,
 0x0000,
 0x0000,
 0x0000,
 0x00d5,
 0x0000,
 0x0000,
 0x0000,
 0x0000,
 0x0000,
 0x0000,
 0x0000,
 0x0000,
 0x0000,
 0x0000,
 0x0000,
 0x0000,
 0x0000,
 0x0000,
 0x09a1,
 0x0000,
 0x0000,
 0x0000,
 0x0000,
 0x0000,
 0x0000,
 0x0000,
 0x0000,
 0x0000,
 0x0000,
 0x0000,
 0x0000,
 0x8183,
 0x0000,
 0x0000,
 0x0000,
 0x0000,
 0x0000,
 0x0000,
 0x0000,
 0x0000,
 0x0000,
 0x0000,
 0x0000,
 0x0000,
 0x0000,
 0x0000,
 0x814a,
 0x0000,
 0x0000,
 0x0000,
 0x0000,
 0x0000,
 0x0000,
 0x0000,
 0x0000,
 0x0000,
 0x0000,
 0x0000,
 0x0000,
 0x0000,
 0x0000,
 0x0000,
 0x0000,
 0x0000,
 0x0000,
 0x0000,
 0x0000,
 0x0402,
 0x0000,
 0x0000,
 0x0000,
 0x0000,
 0x0000,
 0x0000,
 0x0000,
 0x0000,
 0x0000,
 0x0000,
 0x0000,
 0x0000,
 0x0229,
 0x0000,
 0x0000,
 0x0000,
 0x0000,
 0x0000,
 0x0000,
 0x0000,
 0x0000,
 0x0000,
 0x0000,
 0x0000,
 0x0000,
 0x0000,
 0x0000,
 0x0000,
 0x0000,
 0x0000,
 0x0000,
 0x0000,
 0x0000,
 0x0000,
 0x0000,
 0x0000,
 0x0000,
 0x0000,
 0x0000,
 0x0000,
 0x0000,
 0x8136,
 0x0000,
 0x0000,
 0x0000,
 0x0000,
 0x0000,
 0x0000,
 0x0000,
 0x0000,
 0x0000,
 0x0000,
 0x0000,
 0x0000,
 0x0000,
 0x0000,
 0x0000,
 0x0000,
 0x0000,
 0x0000,
 0x0000,
 0x0000,
 0x0000,
 0x0000,
 0x0000,
 0x0000,
 0x0000,
 0x0000,
 0x0000,
 0x0000,
 0x0000,
 0x0000,
 0x0000,
 0x0000,
 0x0c28,
 0x0000,
 0x0000,
 0x0000,
 0x0000,
 0x0000,
 0x0000,
 0x0000,
 0x0000,
 0x0000,
 0x0000,
 0x0000,
 0x0000,
 0x0000,
 0x0000,
 0x0000,
 0x0000,
 0x0000,
 0x0000,
 0x0000,
 0x80b9,
 0x0000,
 0x0000,
 0x0000,
 0x0000,
 0x0000,
 0x0000,
 0x0000,
 0x0000,
 0x0000,
 0x0000,
 0x0000,
 0x0000,
 0x0000,
 0x0000,
 0x0000,
 0x0000,
 0x0000,
 0x0000,
 0x0000,
 0x0000,
 0x0000,
 0x0000,
 0x0000,
 0x0000,
 0x0000,
 0x0000,
 0x0000,
 0x0000,
 0x0000,
 0x0000,
 0x0000,
 0x0000,
 0x0000,
 0x0000,
 0x0000,
 0x0000,
 0x0000,
 0x0000,
 0x0000,
 0x0000,
 0x0000,
 0x0000,
 0x0000,
 0x0000,
 0x0000,
 0x0000,
 0x0000,
 0x0000,
 0x0000,
 0x0000,
 0x0000,
 0x0000,
 0x0000,
 0x0000,
 0x0000,
 0x0000,
 0x0000,
 0x0000,
 0x0000,
 0x0000,
 0x0000,
 0x0000,
 0x0000,
 0x0000,
 0x0000,
 0x0000,
 0x0000,
 0x0000,
 0x0000,
 0x0000,
 0x0000,
 0x0000,
 0x0000,
 0x0000,
 0x0000,
 0x0000,
 0x0000,
 0x0000,
 0x0000,
 0x0000,
 0x0000,
 0x01b5,
 0x0000,
 0x0000,
 0x0000,
 0x0000,
 0x0000,
 0x0000,
 0x0000,
 0x0000,
 0x0000,
 0x0000,
 0x0000,
 0x0000,
 0x0000,
 0x0000,
 0x0000,
 0x0000,
 0x0000,
 0x0000,
 0x0000,
 0x0000,
 0x0000,
 0x0000,
 0x0000,
 0x802b,
 0x0000,
 0x0000,
 0x0000,
 0x0000,
 0x0000,
 0x0000,
 0x0000,
 0x0000,
 0x0000,
 0x0000,
 0x0000,
 0x0000,
 0x0000,
 0x0000,
 0x0000,
 0x0000,
 0x0000,
 0x0000,
 0x0000,
 0x0000,
 0x0000,
 0x0000,
 0x0000,
 0x0000,
 0x0000,
 0x0000,
 0x0000,
 0x0000,
 0x0000,
 0x0000,
 0x0000,
 0x0000,
 0x0000,
 0x0000,
 0x0000,
 0x0000,
 0x0000,
 0x0000,
 0x0000,
 0x0000,
 0x0000,
 0x0000,
 0x0000,
 0x0000,
 0x0000,
 0x0000,
 0x0000,
 0x0000,
 0x0000,
 0x0000,
 0x0000,
 0x0000,
 0x0000,
 0x0000,
 0x0000,
 0x0000,
 0x0000,
 0x0000,
 0x0000,
 0x0000,
 0x0000,
 0x0000,
 0x0000,
 0x8037,
 0x0000,
 0x0000,
 0x0000,
 0x0000,
 0x001c,
 0x0000,
 0x0000,
 0x0000,
 0x0000,
 0x0000,
 0x0000,
 0x04c8,
 0x0000,
 0x0000,
 0x0000,
 0x0000,
 0x0000,
 0x0000,
 0x80d2,
 0x0000,
 0x0000,
 0x0000,
 0x0000,
 0x0000,
 0x0000,
 0x0000,
 0x8126,
 0x0000,
 0x0000,
 0x0000,
 0x0000,
 0x0000,
 0x0000,
 0x0000,
 0x0000,
 0x0000,
 0x0000,
 0x0000,
 0x0000,
 0x0000,
 0x0000,
 0x0000,
 0x0000,
 0x0000,
 0x0000,
 0x0000,
 0x0000,
 0x0000,
 0x0000,
 0x0000,
 0x0000,
 0x0000,
 0x0000,
 0x0000,
 0x0000,
 0x0000,
 0x01c3,
 0x0000,
 0x0000,
 0x0000,
 0x0000,
 0x0000,
 0x0000,
 0x0000,
 0x0000,
 0x0000,
 0x0000,
 0x0000,
 0x0000,
 0x0000,
 0x0000,
 0x0000,
 0x0000,
 0x0000,
 0x0000,
 0x0000,
 0x09a5,
 0x0000,
 0x0000,
 0x0000,
 0x0000,
 0x0000,
 0x0000,
 0x0000,
 0x0000,
 0x0000,
 0x0000,
 0x0000,
 0x0000,
 0x0000,
 0x0000,
 0x0000,
 0x0000,
 0x0000,
 0x0198,
 0x0000,
 0x0000,
 0x0000,
 0x0000,
 0x10d9,
 0x0000,
 0x0000,
 0x0000,
 0x0000,
 0x0000,
 0x0000,
 0x0000,
 0x0000,
 0x0000,
 0x0000,
 0x0000,
 0x0000,
 0x0000,
 0x0000,
 0x0000,
 0x0000,
 0x0000,
 0x0000,
 0x05fc,
 0x0000,
 0x0000,
 0x0000,
 0x0000,
 0x0000,
 0x0000,
 0x0000,
 0x0000,
 0x0000,
 0x0000,
 0x0000,
 0x0000,
 0x0000,
 0x0000,
 0x0000,
 0x0000,
 0x0000,
 0x0000,
 0x0000,
 0x0000,
 0x0000,
 0x0000,
 0x0000,
 0x0000,
 0x0000,
 0x0000,
 0x0000,
 0x0000,
 0x0000,
 0x0000,
 0x0000,
 0x0000,
 0x0000,
 0x0000,
 0x0000,
 0x0000,
 0x0000,
 0x0000,
 0x0000,
 0x0000,
 0x0000,
 0x0000,
 0x0000,
 0x0000,
 0x0000,
 0x0000,
 0x0000,
 0x0000,
 0x0000,
 0x0000,
 0x0000,
 0x0000,
 0x0000,
 0x0000,
 0x0000,
 0x0000,
 0x0000,
 0x0000,
 0x0000,
 0x0000,
 0x0000,
 0x0000,
 0x0000,
 0x0000,
 0x0000,
 0x0000,
 0x0000,
 0x0000,
 0x0000,
 0x0000,
 0x0000,
 0x0000,
 0x0000,
 0x0000,
 0x0000,
 0x0000,
 0x0000,
 0x0000,
 0x0000,
 0x0000,
 0x0000,
 0x0000,
 0x0000,
 0x0000,
 0x0000,
 0x0000,
 0x0000,
 0x0000,
 0x0000,
 0x0000,
 0x0000,
 0x0000,
 0x0000,
 0x0000,
 0x0000,
 0x0000,
 0x0000,
 0x0000,
 0x0000,
 0x0000,
 0x0000,
 0x0000,
 0x0000,
 0x0000,
 0x0000,
 0x0000,
 0x0000,
 0x0000,
 0x0000,
 0x0000,
 0x0000,
 0x0000,
 0x0000,
 0x0000,
 0x0000,
 0x0000,
 0x0000,
 0x0000,
 0x0000,
 0x0000,
 0x0000,
 0x0000,
 0x0000,
 0x0000,
 0x0000,
 0x0000,
 0x0000,
 0x0000,
 0x0000,
 0x0000,
 0x0000,
 0x0000,
 0x0000,
 0x0000,
 0x0000,
 0x0000,
 0x0000,
 0x0000,
 0x0000,
 0x0000,
 0x0000,
 0x0000,
 0x0000,
 0x0000,
 0x0000,
 0x0000,
 0x0000,
 0x0000,
 0x0000,
 0x0000,
 0x0000,
 0x0000,
 0x0000,
 0x0000,
 0x0000,
 0x0000,
 0x0000,
 0x0000,
 0x0000,
 0x0000,
 0x0000,
 0x0000,
 0x0000,
 0x0000,
 0x0000,
 0x0000,
 0x0000,
 0x0000,
 0x0000,
 0x0000,
 0x0000,
 0x0000,
 0x0000,
 0x0000,
 0x0000,
 0x0000,
 0x80b4,
 0x0000,
 0x0000,
 0x0000,
 0x0000,
 0x0000,
 0x0400,
 0x0000,
 0x0000,
 0x0000,
 0x0000,
 0x0000,
 0x0000,
 0x0000,
 0x0000,
 0x074b,
 0x0000,
 0x0000,
 0x0000,
 0x0000,
 0x0000,
 0x0000,
 0x0000,
 0x0000,
 0x0000,
 0x0000,
 0x0000,
 0x0000,
 0x0000,
 0x0000,
 0x0000,
 0x0000,
 0x0000,
 0x0000,
 0x0000,
 0x0000,
 0x0000,
 0x0000,
 0x0000,
 0x0000,
 0x0000,
 0x0000,
 0x0000,
 0x0000,
 0x0000,
 0x0000,
 0x0000,
 0x0000,
 0x0000,
 0x0000,
 0x0000,
 0x0000,
 0x0000,
 0x0000,
 0x0000,
 0x0000,
 0x0000,
 0x0000,
 0x0000,
 0x0000,
 0x0000,
 0x0000,
 0x0000,
 0x0000,
 0x0000,
 0x0000,
 0x0000,
 0x0000,
 0x0000,
 0x0000,
 0x0000,
 0x0000,
 0x0000,
 0x0000,
 0x0000,
 0x0000,
 0x0000,
 0x0000,
 0x0000,
 0x8177,
 0x0000,
 0x0000,
 0x0000,
 0x0000,
 0x0000,
 0x0000,
 0x0000,
 0x0000,
 0x0000,
 0x0000,
 0x0000,
 0x0000,
 0x09a7,
 0x0000,
 0x0000,
 0x0000,
 0x0000,
 0x0000,
 0x0000,
 0x0000,
 0x0000,
 0x0000,
 0x0000,
 0x0000,
 0x0000,
 0x0000,
 0x0000,
 0x0000,
 0x0000,
 0x0000,
 0x0000,
 0x0000,
 0x0000,
 0x0000,
 0x0000,
 0x0000,
 0x0000,
 0x0000,
 0x0000,
 0x0000,
 0x0000,
 0x0000,
 0x0000,
 0x0000,
 0x0000,
 0x0000,
 0x0000,
 0x0000,
 0x0000,
 0x0000,
 0x0000,
 0x0000,
 0x0000,
 0x0000,
 0x0000,
 0x0000,
 0x0000,
 0x0000,
 0x0000,
 0x0000,
 0x0000,
 0x0000,
 0x0000,
 0x0000,
 0x0000,
 0x0000,
 0x0000,
 0x0000,
 0x0000,
 0x0000,
 0x0000,
 0x0000,
 0x0000,
 0x0000,
 0x0000,
 0x0000,
 0x0000,
 0x0000,
 0x0000,
 0x0000,
 0x0000,
 0x0000,
 0x0000,
 0x0000,
 0x0000,
 0x0000,
 0x0000,
 0x0000,
 0x0000,
 0x0000,
 0x0000,
 0x0000,
 0x0000,
 0x0000,
 0x0000,
 0x0000,
 0x0000,
 0x0000,
 0x0000,
 0x0000,
 0x0000,
 0x0000,
 0x0000,
 0x8049,
 0x0000,
 0x0000,
 0x0000,
 0x0000,
 0x0000,
 0x01b7,
 0x0000,
 0x0000,
 0x0000,
 0x0000,
 0x0000,
 0x0000,
 0x0000,
 0x0000,
 0x0000,
 0x0000,
 0x0000,
 0x0000,
 0x0000,
 0x0000,
 0x0000,
 0x0000,
 0x0000,
 0x0000,
 0x0000,
 0x0000,
 0x0000,
 0x0000,
 0x0000,
 0x0000,
 0x0000,
 0x0000,
 0x0000,
 0x0000,
 0x0000,
 0x81ae,
 0x0000,
 0x0000,
 0x0000,
 0x0000,
 0x0000,
 0x0000,
 0x0000,
 0x0b07,
 0x0000,
 0x0000,
 0x0000,
 0x0000,
 0x0000,
 0x0000,
 0x0000,
 0x0000,
 0x0000,
 0x0000,
 0x0000,
 0x0000,
 0x0000,
 0x0000,
 0x0000,
 0x0000,
 0x0000,
 0x0000,
 0x0000,
 0x0000,
 0x0000,
 0x0000,
 0x80e8,
 0x0000,
 0x0000,
 0x0000,
 0x0000,
 0x0000,
 0x0000,
 0x0000,
 0x0000,
 0x0000,
 0x0000,
 0x0000,
 0x0000,
 0x0000,
 0x0000,
 0x0000,
 0x0000,
 0x0000,
 0x0000,
 0x0000,
 0x0000,
 0x0000,
 0x0000,
 0x0000,
 0x0000,
 0x0000,
 0x0000,
 0x0000,
 0x01fd,
 0x0000,
 0x0000,
 0x0000,
 0x0000,
 0x0000,
 0x0000,
 0x0000,
 0x0000,
 0x0000,
 0x0000,
 0x0000,
 0x0000,
 0x0000,
 0x0000,
 0x0000,
 0x0000,
 0x0000,
 0x0000,
 0x0000,
 0x0000,
 0x0000,
 0x0000,
 0x0000,
 0x0000,
 0x0000,
 0x0000,
 0x0000,
 0x0000,
 0x0000,
 0x0000,
 0x0000,
 0x0000,
 0x0000,
 0x0000,
 0x0000,
 0x0000,
 0x0000,
 0x0000,
 0x0000,
 0x07a6,
 0x0000,
 0x0000,
 0x0000,
 0x0000,
 0x0000,
 0x0000,
 0x0000,
 0x0000,
 0x0000,
 0x099f,
 0x0000,
 0x0000,
 0x0000,
 0x0000,
 0x0000,
 0x0000,
 0x0000,
 0x0000,
 0x0000,
 0x0000,
 0x0000,
 0x0000,
 0x0000,
 0x0000,
 0x0000,
 0x0000,
 0x0000,
 0x0000,
 0x0000,
 0x0000,
 0x0000,
 0x0000,
 0x0000,
 0x0000,
 0x0000,
 0x0000,
 0x0000,
 0x0000,
 0x0000,
 0x0000,
 0x0000,
 0x0000,
 0x0000,
 0x0000,
 0x0000,
 0x8118,
 0x0000,
 0x0000,
 0x0000,
 0x0000,
 0x0000,
 0x0000,
 0x0000,
 0x0000,
 0x0000,
 0x0000,
 0x0000,
 0x0000,
 0x0000,
 0x0000,
 0x0000,
 0x0000,
 0x0000,
 0x0000,
 0x0000,
 0x0000,
 0x0000,
 0x0000,
 0x0000,
 0x0000,
 0x0000,
 0x0000,
 0x0000,
 0x0000,
 0x0000,
 0x0000,
 0x0000,
 0x0000,
 0x0000,
 0x0000,
 0x0000,
 0x0000,
 0x0000,
 0x0000,
 0x0000,
 0x0000,
 0x0000,
 0x0000,
 0x0000,
 0x0000,
 0x0000,
 0x0000,
 0x0000,
 0x0000,
 0x0000,
 0x0000,
 0x0000,
 0x0000,
 0x0000,
 0x0000,
 0x0000,
 0x0000,
 0x0000,
 0x0000,
 0x0000,
 0x0000,
 0x0000,
 0x0000,
 0x0000,
 0x0000,
 0x0000,
 0x0000,
 0x0000,
 0x0000,
 0x0000,
 0x0000,
 0x0000,
 0x0000,
 0x0000,
 0x0000,
 0x0000,
 0x0000,
 0x0000,
 0x0000,
 0x0000,
 0x0000,
 0x0000,
 0x0000,
 0x0000,
 0x0000,
 0x8062,
 0x0000,
 0x0000,
 0x0000,
 0x0000,
 0x0000,
 0x0000,
 0x0000,
 0x0000,
 0x0000,
 0x0000,
 0x0000,
 0x0000,
 0x0000,
 0x0000,
 0x0000,
 0x0000,
 0x0000,
 0x0000,
 0x0000,
 0x0000,
 0x0000,
 0x0000,
 0x0000,
 0x0000,
 0x0000,
 0x0000,
 0x0000,
 0x0000,
 0x0000,
 0x0000,
 0x0000,
 0x0000,
 0x0000,
 0x0000,
 0x0000,
 0x0000,
 0x0000,
 0x0000,
 0x0000,
 0x819d,
 0x0000,
 0x0000,
 0x0000,
 0x0000,
 0x0000,
 0x0000,
 0x0000,
 0x0000,
 0x0000,
 0x0000,
 0x0000,
 0x0000,
 0x0000,
 0x0000,
 0x0000,
 0x0000,
 0x0000,
 0x0000,
 0x0000,
 0x8114,
 0x0000,
 0x0000,
 0x0000,
 0x0000,
 0x0000,
 0x0000,
 0x0000,
 0x0000,
 0x0000,
 0x0000,
 0x0000,
 0x0000,
 0x0000,
 0x0000,
 0x0000,
 0x0000,
 0x0000,
 0x0000,
 0x0000,
 0x8088,
 0x0000,
 0x0000,
 0x0000,
 0x0000,
 0x0000,
 0x0000,
 0x0000,
 0x0000,
 0x0000,
 0x0000,
 0x0000,
 0x0000,
 0x0000,
 0x0000,
 0x0000,
 0x0000,
 0x0000,
 0x0000,
 0x0000,
 0x0000,
 0x0000,
 0x0000,
 0x0000,
 0x0000,
 0x0000,
 0x0000,
 0x0000,
 0x0000,
 0x0000,
 0x0000,
 0x0000,
 0x0000,
 0x0000,
 0x0000,
 0x0000,
 0x0000,
 0x0000,
 0x0000,
 0x0000,
 0x0000,
 0x0000,
 0x809e,
 0x0000,
 0x0000,
 0x0000,
 0x0000,
 0x0000,
 0x0000,
 0x0000,
 0x0000,
 0x0000,
 0x0000,
 0x0000,
 0x0000,
 0x0000,
 0x0000,
 0x0000,
 0x0000,
 0x0000,
 0x0000,
 0x0000,
 0x0000,
 0x0000,
 0x0000,
 0x0000,
 0x0000,
 0x0000,
 0x0000,
 0x0000,
 0x0000,
 0x0000,
 0x0000,
 0x0000,
 0x0000,
 0x0000,
 0x0000,
 0x0000,
 0x0000,
 0x0000,
 0x0000,
 0x0000,
 0x0000,
 0x0000,
 0x0000,
 0x0000,
 0x0000,
 0x0000,
 0x0000,
 0x0000,
 0x0000,
 0x0000,
 0x0000,
 0x0000,
 0x0000,
 0x0000,
 0x0000,
 0x0000,
 0x0000,
 0x0000,
 0x0000,
 0x0000,
 0x0000,
 0x0000,
 0x0000,
 0x0000,
 0x0000,
 0x0000,
 0x0000,
 0x0000,
 0x0000,
 0x0000,
 0x0606,
 0x0000,
 0x0000,
 0x0000,
 0x0000,
 0x0000,
 0x0000,
 0x0000,
 0x0000,
 0x0000,
 0x0000,
 0x0000,
 0x0000,
 0x0000,
 0x0000,
 0x0000,
 0x0000,
 0x0000,
 0x0000,
 0x0000,
 0x0000,
 0x0000,
 0x0000,
 0x0000,
 0x0000,
 0x0000,
 0x0000,
 0x0000,
 0x0000,
 0x0000,
 0x0000,
 0x0000,
 0x0000,
 0x0000,
 0x0000,
 0x0000,
 0x0802,
 0x0000,
 0x0000,
 0x0000,
 0x0000,
 0x0000,
 0x01bf,
 0x0000,
 0x0000,
 0x0000,
 0x0000,
 0x0000,
 0x0000,
 0x0000,
 0x0000,
 0x0000,
 0x0000,
 0x0000,
 0x0000,
 0x0000,
 0x0000,
 0x0000,
 0x0000,
 0x0000,
 0x0000,
 0x0000,
 0x0000,
 0x0000,
 0x0000,
 0x0000,
 0x0000,
 0x0000,
 0x0000,
 0x0000,
 0x0000,
 0x0000,
 0x0000,
 0x0000,
 0x0000,
 0x0000,
 0x0000,
 0x0000,
 0x0000,
 0x0000,
 0x0000,
 0x0000,
 0x0000,
 0x0000,
 0x0000,
 0x0000,
 0x0000,
 0x0000,
 0x0000,
 0x0000,
 0x0000,
 0x0000,
 0x0000,
 0x0000,
 0x0000,
 0x0000,
 0x0000,
 0x0000,
 0x0000,
 0x0000,
 0x0000,
 0x0000,
 0x0000,
 0x0000,
 0x0000,
 0x0000,
 0x0000,
 0x0000,
 0x0000,
 0x0000,
 0x0000,
 0x0000,
 0x0000,
 0x0000,
 0x0000,
 0x0000,
 0x0000,
 0x0000,
 0x0000,
 0x0000,
 0x0000,
 0x0000,
 0x0000,
 0x0000,
 0x0000,
 0x0000,
 0x0000,
 0x0000,
 0x0000,
 0x0000,
 0x0000,
 0x0000,
 0x0000,
 0x0000,
 0x0000,
 0x0000,
 0x0000,
 0x0000,
 0x0000,
 0x0000,
 0x8080,
 0x0000,
 0x0000,
 0x0000,
 0x0000,
 0x0000,
 0x0000,
 0x0000,
 0x0000,
 0x0000,
 0x0000,
 0x0000,
 0x0000,
 0x0000,
 0x0000,
 0x0000,
 0x0000,
 0x0000,
 0x0000,
 0x0000,
 0x0000,
 0x0000,
 0x0000,
 0x0000,
 0x0000,
 0x0000,
 0x0000,
 0x0000,
 0x0000,
 0x0000,
 0x0000,
 0x0000,
 0x809a,
 0x0000,
 0x0000,
 0x0000,
 0x0000,
 0x0000,
 0x0000,
 0x0000,
 0x0000,
 0x0000,
 0x0000,
 0x0000,
 0x0000,
 0x0000,
 0x0000,
 0x8024,
 0x0000,
 0x0000,
 0x0000,
 0x0000,
 0x0000,
 0x0000,
 0x0000,
 0x0000,
 0x0000,
 0x0000,
 0x0000,
 0x0000,
 0x0000,
 0x0000,
 0x0000,
 0x0000,
 0x0000,
 0x0000,
 0x0000,
 0x0000,
 0x0000,
 0x0000,
 0x0000,
 0x0000,
 0x0000,
 0x0000,
 0x0000,
 0x0000,
 0x0000,
 0x80b5,
 0x0000,
 0x0000,
 0x0000,
 0x0000,
 0x0000,
 0x0000,
 0x0000,
 0x0000,
 0x0000,
 0x0000,
 0x0000,
 0x0000,
 0x0000,
 0x0000,
 0x0000,
 0x01b3,
 0x0000,
 0x0000,
 0x0000,
 0x0000,
 0x0000,
 0x0000,
 0x0000,
 0x0000,
 0x0000,
 0x0000,
 0x0000,
 0x0000,
 0x0000,
 0x0000,
 0x0000,
 0x0000,
 0x0000,
 0x0000,
 0x0000,
 0x0000,
 0x0000,
 0x0000,
 0x0000,
 0x0000,
 0x0000,
 0x8029,
 0x0000,
 0x0000,
 0x0000,
 0x0000,
 0x0000,
 0x0000,
 0x0000,
 0x0000,
 0x0000,
 0x0000,
 0x0000,
 0x0000,
 0x0000,
 0x0000,
 0x0000,
 0x0000,
 0x0984,
 0x0000,
 0x0000,
 0x0000,
 0x0000,
 0x0000,
 0x0000,
 0x0000,
 0x0000,
 0x0000,
 0x0000,
 0x0000,
 0x0000,
 0x0000,
 0x0000,
 0x0000,
 0x0000,
 0x0000,
 0x0000,
 0x0000,
 0x0000,
 0x8186,
 0x0000,
 0x0000,
 0x0000,
 0x0000,
 0x0000,
 0x0000,
 0x0000,
 0x0000,
 0x0000,
 0x0000,
 0x0000,
 0x0000,
 0x0000,
 0x0000,
 0x0000,
 0x0000,
 0x0000,
 0x0000,
 0x0000,
 0x8014,
 0x0000,
 0x0000,
 0x0000,
 0x0000,
 0x0000,
 0x0000,
 0x0000,
 0x0000,
 0x0000,
 0x0000,
 0x0000,
 0x0000,
 0x0000,
 0x0000,
 0x0000,
 0x0000,
 0x0000,
 0x0000,
 0x0000,
 0x0000,
 0x0000,
 0x0000,
 0x0000,
 0x0000,
 0x0000,
 0x0000,
 0x80d8,
 0x0000,
 0x0000,
 0x0000,
 0x0000,
 0x0000,
 0x0000,
 0x0000,
 0x0000,
 0x0000,
 0x0000,
 0x0000,
 0x0000,
 0x0000,
 0x0000,
 0x0000,
 0x0000,
 0x0000,
 0x0000,
 0x0000,
 0x0000,
 0x0000,
 0x0000,
 0x0000,
 0x0000,
 0x0000,
 0x0000,
 0x0000,
 0x0000,
 0x0000,
 0x0000,
 0x0000,
 0x0000,
 0x0000,
 0x0000,
 0x0000,
 0x0000,
 0x0000,
 0x0000,
 0x0000,
 0x0000,
 0x0000,
 0x0000,
 0x0000,
 0x0000,
 0x0000,
 0x0000,
 0x0000,
 0x0000,
 0x0000,
 0x0000,
 0x0000,
 0x0000,
 0x0000,
 0x0000,
 0x0000,
 0x0000,
 0x0000,
 0x0000,
 0x0000,
 0x0000,
 0x0000,
 0x0000,
 0x0000,
 0x0000,
 0x0000,
 0x0000,
 0x0000,
 0x8122,
 0x0000,
 0x0000,
 0x0000,
 0x0000,
 0x0000,
 0x0000,
 0x80da,
 0x0000,
 0x0000,
 0x0000,
 0x0000,
 0x0000,
 0x0000,
 0x0000,
 0x0000,
 0x0000,
 0x0000,
 0x0000,
 0x0000,
 0x0000,
 0x0000,
 0x0000,
 0x0000,
 0x0000,
 0x0000,
 0x0000,
 0x0000,
 0x0000,
 0x0000,
 0x0000,
 0x0000,
 0x0000,
 0x0472,
 0x0000,
 0x0000,
 0x0000,
 0x0000,
 0x0000,
 0x0000,
 0x0000,
 0x0000,
 0x0000,
 0x0000,
 0x0000,
 0x0000,
 0x0000,
 0x0000,
 0x0000,
 0x0000,
 0x0000,
 0x0000,
 0x0000,
 0x0000,
 0x0000,
 0x0000,
 0x0000,
 0x0000,
 0x0000,
 0x0000,
 0x0000,
 0x0000,
 0x0c68,
 0x0000,
 0x0000,
 0x0000,
 0x0000,
 0x0000,
 0x0000,
 0x0000,
 0x0000,
 0x0000,
 0x0000,
 0x0000,
 0x0000,
 0x0000,
 0x0000,
 0x0000,
 0x0000,
 0x0000,
 0x0000,
 0x0000,
 0x0000,
 0x0000,
 0x0000,
 0x0000,
 0x0000,
 0x07b8,
 0x0000,
 0x0000,
 0x0000,
 0x0000,
 0x0000,
 0x0000,
 0x0000,
 0x0000,
 0x0000,
 0x0000,
 0x0000,
 0x0000,
 0x0000,
 0x0000,
 0x0000,
 0x0000,
 0x0000,
 0x0000,
 0x0000,
 0x0000,
 0x80a6,
 0x0000,
 0x0000,
 0x0000,
 0x0000,
 0x0000,
 0x0000,
 0x0000,
 0x0000,
 0x0000,
 0x0000,
 0x0000,
 0x0000,
 0x0000,
 0x0000,
 0x0000,
 0x0000,
 0x0000,
 0x0000,
 0x0000,
 0x0000,
 0x0000,
 0x0000,
 0x0000,
 0x0000,
 0x0000,
 0x0000,
 0x0000,
 0x0000,
 0x0000,
 0x0d19,
 0x0000,
 0x0000,
 0x0000,
 0x0000,
 0x0000,
 0x0000,
 0x0000,
 0x0000,
 0x0000,
 0x0000,
 0x0000,
 0x0000,
 0x0000,
 0x0000,
 0x0000,
 0x0000,
 0x0000,
 0x0000,
 0x0000,
 0x0000,
 0x0000,
 0x0000,
 0x0000,
 0x0000,
 0x0000,
 0x0000,
 0x0000,
 0x0000,
 0x0000,
 0x0000,
 0x0000,
 0x0000,
 0x0000,
 0x0000,
 0x0000,
 0x0000,
 0x0000,
 0x0000,
 0x0000,
 0x0000,
 0x0000,
 0x0000,
 0x0000,
 0x0000,
 0x0000,
 0x0000,
 0x0000,
 0x0000,
 0x0000,
 0x0000,
 0x0000,
 0x0000,
 0x0000,
 0x0000,
 0x0000,
 0x0000,
 0x0000,
 0x0000,
 0x0000,
 0x0000,
 0x0000,
 0x0000,
 0x0000,
 0x0000,
 0x0000,
 0x0000,
 0x0000,
 0x0000,
 0x0000,
 0x0000,
 0x0000,
 0x0000,
 0x0000,
 0x0000,
 0x0000,
 0x0000,
 0x0000,
 0x0000,
 0x0000,
 0x0000,
 0x0000,
 0x0000,
 0x0000,
 0x0000,
 0x0000,
 0x8195,
 0x0000,
 0x0000,
 0x0000,
 0x0000,
 0x0000,
 0x0000,
 0x0000,
 0x0000,
 0x0000,
 0x0000,
 0x0000,
 0x0000,
 0x0000,
 0x0000,
 0x0000,
 0x0000,
 0x0000,
 0x0000,
 0x0000,
 0x0000,
 0x0000,
 0x0000,
 0x0000,
 0x0000,
 0x0000,
 0x0000,
 0x0000,
 0x0000,
 0x0000,
 0x0000,
 0x0000,
 0x0000,
 0x0000,
 0x0000,
 0x0000,
 0x0000,
 0x0000,
 0x0000,
 0x0000,
 0x0000,
 0x0000,
 0x0000,
 0x0000,
 0x0000,
 0x0000,
 0x0000,
 0x0000,
 0x0000,
 0x0000,
 0x0000,
 0x0000,
 0x0000,
 0x0000,
 0x0000,
 0x0000,
 0x0000,
 0x0000,
 0x0000,
 0x0000,
 0x0000,
 0x0000,
 0x0000,
 0x0000,
 0x0000,
 0x0000,
 0x0000,
 0x0000,
 0x0000,
 0x0000,
 0x0000,
 0x0000,
 0x0000,
 0x0000,
 0x0000,
 0x0000,
 0x0000,
 0x0000,
 0x0000,
 0x0000,
 0x0000,
 0x0000,
 0x0000,
 0x0000,
 0x0000,
 0x0000,
 0x0000,
 0x0000,
 0x0000,
 0x0000,
 0x0000,
 0x0000,
 0x0000,
 0x0000,
 0x0000,
 0x0000,
 0x0000,
 0x0000,
 0x0000,
 0x0000,
 0x0000,
 0x0000,
 0x0000,
 0x8026,
 0x0000,
 0x0000,
 0x0000,
 0x0000,
 0x0000,
 0x0000,
 0x0000,
 0x0000,
 0x0000,
 0x0000,
 0x0000,
 0x0000,
 0x0000,
 0x0000,
 0x0000,
 0x0000,
 0x0000,
 0x0000,
 0x0000,
 0x0000,
 0x0000,
 0x0000,
 0x0000,
 0x0000,
 0x0000,
 0x0000,
 0x0000,
 0x0000,
 0x0000,
 0x0000,
 0x0000,
 0x0000,
 0x0000,
 0x0000,
 0x0000,
 0x0000,
 0x0000,
 0x0000,
 0x0000,
 0x0000,
 0x0000,
 0x0000,
 0x0000,
 0x0000,
 0x0000,
 0x0000,
 0x0000,
 0x0000,
 0x0000,
 0x0000,
 0x0000,
 0x0000,
 0x0000,
 0x0000,
 0x0000,
 0x0000,
 0x0000,
 0x0000,
 0x0000,
 0x0000,
 0x0000,
 0x0000,
 0x0000,
 0x0000,
 0x0000,
 0x0000,
 0x0000,
 0x0000,
 0x0000,
 0x0000,
 0x0000,
 0x0000,
 0x0000,
 0x0000,
 0x0000,
 0x0000,
 0x0000,
 0x0000,
 0x0000,
 0x0000,
 0x0000,
 0x0000,
 0x0000,
 0x0000,
 0x0000,
 0x0000,
 0x0000,
 0x0000,
 0x0000,
 0x0000,
 0x0000,
 0x0000,
 0x0000,
 0x0000,
 0x0000,
 0x0000,
 0x0000,
 0x0000,
 0x0000,
 0x0000,
 0x0000,
 0x0000,
 0x0000,
 0x0000,
 0x0000,
 0x0000,
 0x0000,
 0x0000,
 0x0000,
 0x0000,
 0x0000,
 0x0000,
 0x0000,
 0x0000,
 0x0000,
 0x0000,
 0x0000,
 0x0000,
 0x0000,
 0x0000,
 0x0000,
 0x0000,
 0x0000,
 0x0000,
 0x0000,
 0x0000,
 0x0000,
 0x0000,
 0x0000,
 0x0000,
 0x0b0b,
 0x0000,
 0x0000,
 0x0000,
 0x0000,
 0x0000,
 0x0000,
 0x0000,
 0x0000,
 0x0000,
 0x0000,
 0x0000,
 0x0000,
 0x0000,
 0x0000,
 0x0000,
 0x0000,
 0x0000,
 0x0000,
 0x0000,
 0x0000,
 0x0000,
 0x0000,
 0x0000,
 0x0000,
 0x0000,
 0x0000,
 0x81aa,
 0x0000,
 0x0000,
 0x80c6,
 0x0000,
 0x0000,
 0x0000,
 0x0000,
 0x0000,
 0x0000,
 0x0000,
 0x0000,
 0x0000,
 0x0000,
 0x0000,
 0x0000,
 0x0000,
 0x0000,
 0x0000,
 0x0000,
 0x0000,
 0x0000,
 0x0000,
 0x0000,
 0x0000,
 0x0000,
 0x0000,
 0x0000,
 0x0000,
 0x0000,
 0x0000,
 0x0000,
 0x0000,
 0x0000,
 0x0000,
 0x0000,
 0x0000,
 0x0000,
 0x0000,
 0x0000,
 0x0000,
 0x0000,
 0x098e,
 0x0000,
 0x0000,
 0x0000,
 0x0000,
 0x0000,
 0x0000,
 0x0d38,
 0x0000,
 0x0000,
 0x0000,
 0x0000,
 0x0000,
 0x0000,
 0x0000,
 0x0000,
 0x0000,
 0x0000,
 0x0000,
 0x0000,
 0x0000,
 0x0000,
 0x0000,
 0x0000,
 0x0000,
 0x0000,
 0x0000,
 0x0000,
 0x0000,
 0x0000,
 0x0000,
 0x0000,
 0x0000,
 0x0000,
 0x0000,
 0x0000,
 0x0000,
 0x0000,
 0x0000,
 0x0000,
 0x0000,
 0x0000,
 0x0000,
 0x0000,
 0x0000,
 0x0000,
 0x0000,
 0x0000,
 0x0000,
 0x0000,
 0x0000,
 0x0000,
 0x0000,
 0x0000,
 0x0000,
 0x0000,
 0x0000,
 0x0000,
 0x0000,
 0x0000,
 0x0000,
 0x0000,
 0x0000,
 0x0000,
 0x0000,
 0x0000,
 0x0000,
 0x0000,
 0x0000,
 0x0000,
 0x0000,
 0x0000,
 0x0000,
 0x0000,
 0x0000,
 0x0000,
 0x0000,
 0x0000,
 0x0000,
 0x0000,
 0x0000,
 0x0000,
 0x0000,
 0x0000,
 0x0000,
 0x0000,
 0x0000,
 0x0000,
 0x0000,
 0x0000,
 0x0000,
 0x0000,
 0x0000,
 0x0000,
 0x0000,
 0x0000,
 0x0000,
 0x0000,
 0x0000,
 0x0000,
 0x0000,
 0x0000,
 0x0000,
 0x0000,
 0x0000,
 0x0000,
 0x0000,
 0x0000,
 0x0000,
 0x0000,
 0x0000,
 0x0000,
 0x0000,
 0x0000,
 0x0000,
 0x0000,
 0x8022,
 0x0000,
 0x0b05,
 0x0000,
 0x0000,
 0x0000,
 0x0000,
 0x0000,
 0x0000,
 0x0000,
 0x0000,
 0x0000,
 0x0000,
 0x0000,
 0x0000,
 0x0000,
 0x0000,
 0x0000,
 0x0000,
 0x0000,
 0x0000,
 0x0000,
 0x0000,
 0x0000,
 0x0000,
 0x0000,
 0x0000,
 0x0000,
 0x0000,
 0x0000,
 0x0000,
 0x0ba8,
 0x0000,
 0x0000,
 0x0000,
 0x0000,
 0x0000,
 0x0000,
 0x0000,
 0x0000,
 0x0000,
 0x0000,
 0x0000,
 0x0000,
 0x0000,
 0x0000,
 0x0000,
 0x0000,
 0x0000,
 0x0000,
 0x0000,
 0x0000,
 0x0000,
 0x0000,
 0x0000,
 0x0000,
 0x0000,
 0x0000,
 0x0000,
 0x0000,
 0x0000,
 0x0000,
 0x0000,
 0x0000,
 0x0000,
 0x0000,
 0x0000,
 0x0000,
 0x0000,
 0x0000,
 0x0000,
 0x8120,
 0x0000,
 0x0000,
 0x0000,
 0x0000,
 0x0000,
 0x0000,
 0x0000,
 0x0000,
 0x0000,
 0x0000,
 0x0000,
 0x0000,
 0x0000,
 0x0000,
 0x0000,
 0x0000,
 0x0000,
 0x0000,
 0x0000,
 0x0000,
 0x0000,
 0x0000,
 0x0000,
 0x0000,
 0x0000,
 0x0000,
 0x0000,
 0x0000,
 0x0000,
 0x0000,
 0x0000,
 0x0000,
 0x0000,
 0x0000,
 0x0000,
 0x0000,
 0x0000,
 0x0000,
 0x0000,
 0x0000,
 0x0000,
 0x0000,
 0x0000,
 0x0000,
 0x0000,
 0x0000,
 0x0000,
 0x0000,
 0x0000,
 0x0000,
 0x0000,
 0x0000,
 0x0000,
 0x0000,
 0x0000,
 0x0205,
 0x0000,
 0x0000,
 0x80f7,
 0x0000,
 0x0000,
 0x0000,
 0x0000,
 0x0000,
 0x07f9,
 0x0000,
 0x0000,
 0x0000,
 0x0000,
 0x0000,
 0x0000,
 0x0000,
 0x0000,
 0x0000,
 0x0000,
 0x0000,
 0x801a,
 0x0000,
 0x0000,
 0x0000,
 0x0000,
 0x0000,
 0x0000,
 0x8082,
 0x0000,
 0x0000,
 0x0000,
 0x0000,
 0x0000,
 0x0000,
 0x0000,
 0x0000,
 0x0000,
 0x0000,
 0x0000,
 0x0000,
 0x0000,
 0x0000,
 0x0000,
 0x0000,
 0x0000,
 0x0000,
 0x0000,
 0x0000,
 0x0000,
 0x0000,
 0x0000,
 0x0000,
 0x0000,
 0x0000,
 0x0000,
 0x0000,
 0x0000,
 0x0000,
 0x0000,
 0x0000,
 0x0000,
 0x0000,
 0x0000,
 0x0000,
 0x0000,
 0x0000,
 0x0000,
 0x0000,
 0x0000,
 0x0000,
 0x0000,
 0x0000,
 0x0000,
 0x0000,
 0x0000,
 0x0000,
 0x0000,
 0x0000,
 0x0000,
 0x0000,
 0x0000,
 0x0000,
 0x0000,
 0x0000,
 0x0000,
 0x0000,
 0x0000,
 0x0000,
 0x0000,
 0x0000,
 0x0000,
 0x0000,
 0x0000,
 0x0000,
 0x0000,
 0x0000,
 0x0000,
 0x0000,
 0x0000,
 0x0000,
 0x0000,
 0x0000,
 0x0000,
 0x0000,
 0x0000,
 0x0000,
 0x0000,
 0x0000,
 0x0000,
 0x0000,
 0x0000,
 0x0000,
 0x0000,
 0x0000,
 0x0000,
 0x0000,
 0x0000,
 0x0000,
 0x0000,
 0x0000,
 0x0000,
 0x0000,
 0x0000,
 0x0000,
 0x0000,
 0x0000,
 0x0000,
 0x0000,
 0x0000,
 0x0000,
 0x0000,
 0x0000,
 0x0000,
 0x0000,
 0x0000,
 0x0000,
 0x0000,
 0x0000,
 0x0000,
 0x0000,
 0x0000,
 0x0000,
 0x0000,
 0x0000,
 0x0000,
 0x098a,
 0x0000,
 0x0000,
 0x0000,
 0x0000,
 0x0000,
 0x0000,
 0x0000,
 0x0000,
 0x0000,
 0x0000,
 0x0000,
 0x0000,
 0x0000,
 0x0000,
 0x0000,
 0x0000,
 0x0000,
 0x0000,
 0x0000,
 0x0000,
 0x0000,
 0x0000,
 0x0000,
 0x0000,
 0x0000,
 0x0000,
 0x0000,
 0x0000,
 0x0000,
 0x0000,
 0x0000,
 0x0000,
 0x0000,
 0x0000,
 0x0000,
 0x0000,
 0x0000,
 0x0000,
 0x0000,
 0x08b9,
 0x0000,
 0x0000,
 0x0000,
 0x0000,
 0x0000,
 0x0000,
 0x0000,
 0x0000,
 0x0000,
 0x0000,
 0x0000,
 0x0000,
 0x0000,
 0x0000,
 0x0000,
 0x0000,
 0x0000,
 0x0000,
 0x0000,
 0x0000,
 0x0000,
 0x0000,
 0x0000,
 0x0000,
 0x0000,
 0x0000,
 0x0000,
 0x0000,
 0x0000,
 0x0000,
 0x0000,
 0x0000,
 0x0000,
 0x0000,
 0x0000,
 0x0000,
 0x0000,
 0x0000,
 0x0000,
 0x0000,
 0x0000,
 0x0000,
 0x0000,
 0x0000,
 0x0000,
 0x0000,
 0x0000,
 0x0000,
 0x0000,
 0x0000,
 0x0000,
 0x0000,
 0x0000,
 0x0000,
 0x0000,
 0x0000,
 0x0000,
 0x0000,
 0x0000,
 0x0000,
 0x0000,
 0x0000,
 0x0000,
 0x0000,
 0x0000,
 0x0000,
 0x0000,
 0x0000,
 0x0000,
 0x0000,
 0x0000,
 0x0000,
 0x0000,
 0x0000,
 0x0000,
 0x0000,
 0x0000,
 0x0000,
 0x0000,
 0x0000,
 0x0000,
 0x0000,
 0x0000,
 0x0000,
 0x0000,
 0x0000,
 0x0000,
 0x0000,
 0x0000,
 0x0000,
 0x0000,
 0x0000,
 0x0000,
 0x0000,
 0x0000,
 0x0000,
 0x0000,
 0x0000,
 0x0000,
 0x0000,
 0x0000,
 0x0000,
 0x0000,
 0x0000,
 0x80b1,
 0x0000,
 0x0000,
 0x0000,
 0x0000,
 0x0000,
 0x0000,
 0x0000,
 0x0000,
 0x0000,
 0x0000,
 0x0000,
 0x0000,
 0x0000,
 0x0000,
 0x0000,
 0x0000,
 0x0000,
 0x0000,
 0x0000,
 0x0000,
 0x0000,
 0x0000,
 0x0000,
 0x0000,
 0x0000,
 0x0000,
 0x0000,
 0x0000,
 0x0000,
 0x0000,
 0x0000,
 0x0000,
 0x80c1,
 0x0000,
 0x0000,
 0x0000,
 0x0000,
 0x0000,
 0x0000,
 0x0000,
 0x0000,
 0x0000,
 0x0000,
 0x0000,
 0x0000,
 0x0000,
 0x0000,
 0x8016,
 0x0000,
 0x0000,
 0x0000,
 0x0000,
 0x0000,
 0x0000,
 0x0000,
 0x0000,
 0x0000,
 0x0000,
 0x0000,
 0x0000,
 0x0cf4,
 0x808d,
 0x0000,
 0x0000,
 0x0000,
 0x0000,
 0x0000,
 0x0000,
 0x0000,
 0x0000,
 0x0000,
 0x0000,
 0x0000,
 0x0000,
 0x0000,
 0x0000,
 0x0000,
 0x0000,
 0x0000,
 0x0000,
 0x0000,
 0x0000,
 0x0000,
 0x0000,
 0x0000,
 0x0000,
 0x0000,
 0x0000,
 0x0000,
 0x805b,
 0x0000,
 0x0000,
 0x0000,
 0x0000,
 0x0000,
 0x0000,
 0x0000,
 0x0000,
 0x0000,
 0x0000,
 0x0000,
 0x0000,
 0x0000,
 0x03b2,
 0x0000,
 0x0000,
 0x0000,
 0x0000,
 0x0000,
 0x0000,
 0x0000,
 0x0000,
 0x0000,
 0x0000,
 0x0000,
 0x0000,
 0x0000,
 0x0000,
 0x0000,
 0x0000,
 0x0000,
 0x0000,
 0x0000,
 0x0000,
 0x0000,
 0x0000,
 0x0000,
 0x0000,
 0x0000,
 0x0000,
 0x0000,
 0x0000,
 0x0000,
 0x0000,
 0x0000,
 0x0000,
 0x0000,
 0x0000,
 0x0000,
 0x0000,
 0x0c9e,
 0x0000,
 0x0000,
 0x0000,
 0x0000,
 0x0000,
 0x0000,
 0x0000,
 0x0000,
 0x0000,
 0x0000,
 0x0000,
 0x0000,
 0x0000,
 0x0000,
 0x0000,
 0x0000,
 0x0000,
 0x0000,
 0x0000,
 0x819a,
 0x0000,
 0x0000,
 0x0000,
 0x0000,
 0x0000,
 0x0000,
 0x0000,
 0x0000,
 0x0000,
 0x0000,
 0x0000,
 0x0000,
 0x0000,
 0x0000,
 0x0000,
 0x0000,
 0x0000,
 0x0000,
 0x0000,
 0x0000,
 0x0000,
 0x0000,
 0x0000,
 0x0000,
 0x0000,
 0x0000,
 0x0000,
 0x0000,
 0x0000,
 0x0000,
 0x0000,
 0x0000,
 0x0000,
 0x0000,
 0x0000,
 0x0000,
 0x0000,
 0x0000,
 0x0000,
 0x0000,
 0x0000,
 0x0000,
 0x021f,
 0x0000,
 0x0000,
 0x8084,
 0x0000,
 0x0000,
 0x0000,
 0x0000,
 0x0000,
 0x0000,
 0x0000,
 0x0000,
 0x0000,
 0x0000,
 0x0739,
 0x0000,
 0x0000,
 0x0000,
 0x0000,
 0x0000,
 0x0000,
 0x0000,
 0x0000,
 0x0000,
 0x0000,
 0x0000,
 0x0969,
 0x0000,
 0x0000,
 0x0000,
 0x0000,
 0x0000,
 0x0000,
 0x0000,
 0x0000,
 0x0000,
 0x0000,
 0x80df,
 0x0000,
 0x0000,
 0x0000,
 0x0000,
 0x0000,
 0x0000,
 0x0000,
 0x0000,
 0x0000,
 0x0000,
 0x0000,
 0x0000,
 0x0000,
 0x0000,
 0x0000,
 0x0000,
 0x0000,
 0x0978,
 0x0000,
 0x0000,
 0x0000,
 0x0000,
 0x0000,
 0x0000,
 0x0000,
 0x0000,
 0x0000,
 0x0000,
 0x0000,
 0x0000,
 0x0000,
 0x0000,
 0x0000,
 0x0000,
 0x0000,
 0x0000,
 0x0000,
 0x0000,
 0x0000,
 0x0000,
 0x0000,
 0x0000,
 0x0000,
 0x0000,
 0x0000,
 0x0000,
 0x0000,
 0x0000,
 0x0000,
 0x0000,
 0x0000,
 0x0000,
 0x0000,
 0x0000,
 0x0000,
 0x0000,
 0x0000,
 0x0000,
 0x0000,
 0x0000,
 0x0000,
 0x0000,
 0x0000,
 0x0000,
 0x0000,
 0x0000,
 0x0000,
 0x0000,
 0x0000,
 0x0000,
 0x0000,
 0x0000,
 0x0000,
 0x0000,
 0x0000,
 0x0000,
 0x0000,
 0x0000,
 0x0000,
 0x0000,
 0x0000,
 0x0000,
 0x0000,
 0x0000,
 0x0000,
 0x0000,
 0x0000,
 0x0000,
 0x0330,
 0x0000,
 0x0000,
 0x0000,
 0x0000,
 0x0000,
 0x0000,
 0x0000,
 0x0000,
 0x0000,
 0x0000,
 0x0000,
 0x0000,
 0x0000,
 0x0000,
 0x0000,
 0x0000,
 0x0000,
 0x0000,
 0x0000,
 0x0000,
 0x0000,
 0x0000,
 0x0000,
 0x0000,
 0x0000,
 0x0000,
 0x0000,
 0x0000,
 0x0000,
 0x0000,
 0x0000,
 0x0000,
 0x0000,
 0x0000,
 0x0000,
 0x0000,
 0x0000,
 0x0000,
 0x0000,
 0x0000,
 0x0000,
 0x0000,
 0x0000,
 0x0000,
 0x0000,
 0x0000,
 0x0000,
 0x0000,
 0x0000,
 0x0000,
 0x0000,
 0x0000,
 0x0000,
 0x0000,
 0x0836,
 0x0000,
 0x0000,
 0x0000,
 0x0000,
 0x0000,
 0x0000,
 0x0000,
 0x0000,
 0x0000,
 0x0000,
 0x0000,
 0x0000,
 0x0000,
 0x0c73,
 0x0000,
 0x0000,
 0x0be6,
 0x0000,
 0x0000,
 0x0000,
 0x0000,
 0x0000,
 0x0000,
 0x0000,
 0x0000,
 0x0000,
 0x048c,
 0x0000,
 0x0000,
 0x0000,
 0x0000,
 0x0000,
 0x0000,
 0x0000,
 0x0000,
 0x0000,
 0x0000,
 0x0000,
 0x0000,
 0x0000,
 0x0000,
 0x0000,
 0x0000,
 0x0000,
 0x0000,
 0x0000,
 0x0000,
 0x812a,
 0x0000,
 0x0000,
 0x0000,
 0x0000,
 0x0000,
 0x0000,
 0x0000,
 0x0000,
 0x0000,
 0x0000,
 0x0000,
 0x0000,
 0x0000,
 0x0bea,
 0x0000,
 0x0000,
 0x0000,
 0x0000,
 0x0000,
 0x0000,
 0x0000,
 0x0000,
 0x0000,
 0x0000,
 0x0000,
 0x0000,
 0x0000,
 0x0000,
 0x0000,
 0x0000,
 0x0000,
 0x0000,
 0x0000,
 0x0000,
 0x0000,
 0x0000,
 0x0000,
 0x0000,
 0x0000,
 0x0000,
 0x0000,
 0x0000,
 0x0000,
 0x0000,
 0x0000,
 0x0000,
 0x0000,
 0x0000,
 0x0000,
 0x0000,
 0x0000,
 0x0000,
 0x0602,
 0x0000,
 0x0000,
 0x0000,
 0x0000,
 0x0000,
 0x0000,
 0x0000,
 0x0000,
 0x0000,
 0x0000,
 0x0000,
 0x0000,
 0x0000,
 0x0000,
 0x0000,
 0x0000,
 0x0000,
 0x0000,
 0x0000,
 0x0000,
 0x0000,
 0x0000,
 0x0000,
 0x0000,
 0x0000,
 0x0000,
 0x0000,
 0x0000,
 0x0000,
 0x0000,
 0x0000,
 0x0000,
 0x0000,
 0x0000,
 0x0000,
 0x0000,
 0x0000,
 0x0000,
 0x0000,
 0x0000,
 0x0000,
 0x0000,
 0x0000,
 0x0000,
 0x0000,
 0x0000,
 0x80ea,
 0x0000,
 0x0000,
 0x0000,
 0x0000,
 0x0000,
 0x0000,
 0x0000,
 0x0000,
 0x0000,
 0x0000,
 0x0000,
 0x0000,
 0x0000,
 0x0000,
 0x0000,
 0x0000,
 0x0000,
 0x0000,
 0x0000,
 0x0000,
 0x0000,
 0x0000,
 0x0000,
 0x0000,
 0x0000,
 0x0000,
 0x0000,
 0x0000,
 0x0000,
 0x0000,
 0x0000,
 0x0000,
 0x0000,
 0x0000,
 0x0000,
 0x0000,
 0x0000,
 0x0000,
 0x0000,
 0x0000,
 0x0000,
 0x0000,
 0x0000,
 0x0000,
 0x0000,
 0x0467,
 0x0000,
 0x0000,
 0x0000,
 0x0000,
 0x0000,
 0x0000,
 0x0000,
 0x0000,
 0x0000,
 0x0000,
 0x0000,
 0x0000,
 0x0000,
 0x0000,
 0x0000,
 0x0000,
 0x0000,
 0x0000,
 0x0000,
 0x0000,
 0x0000,
 0x0000,
 0x0000,
 0x0000,
 0x0000,
 0x0000,
 0x0000,
 0x0000,
 0x0000,
 0x0000,
 0x0000,
 0x0000,
 0x0000,
 0x0000,
 0x0000,
 0x0000,
 0x0000,
 0x0000,
 0x0000,
 0x0000,
 0x0000,
 0x0000,
 0x0000,
 0x0000,
 0x0000,
 0x0000,
 0x0000,
 0x0000,
 0x0000,
 0x0000,
 0x0000,
 0x0000,
 0x0000,
 0x0000,
 0x0000,
 0x0000,
 0x0000,
 0x0000,
 0x0000,
 0x0000,
 0x0000,
 0x0000,
 0x0000,
 0x0000,
 0x0000,
 0x0000,
 0x0000,
 0x0000,
 0x0000,
 0x0000,
 0x0000,
 0x0000,
 0x0000,
 0x0000,
 0x0000,
 0x0000,
 0x0000,
 0x0000,
 0x0000,
 0x0000,
 0x0000,
 0x0000,
 0x0000,
 0x0000,
 0x0000,
 0x0000,
 0x0000,
 0x0000,
 0x0000,
 0x0000,
 0x0000,
 0x0000,
 0x0000,
 0x0000,
 0x0000,
 0x0000,
 0x0000,
 0x0000,
 0x0000,
 0x0000,
 0x0000,
 0x0000,
 0x0000,
 0x0000,
 0x0000,
 0x0000,
 0x0000,
 0x0000,
 0x0000,
 0x0000,
 0x0000,
 0x0000,
 0x0000,
 0x0000,
 0x0000,
 0x0000,
 0x0000,
 0x0000,
 0x0000,
 0x0000,
 0x0000,
 0x0000,
 0x0000,
 0x0000,
 0x0000,
 0x0000,
 0x0000,
 0x0000,
 0x0000,
 0x0000,
 0x0000,
 0x0000,
 0x0000,
 0x0000,
 0x0000,
 0x0000,
 0x0000,
 0x0000,
 0x0000,
 0x0000,
 0x0000,
 0x0000,
 0x0000,
 0x0000,
 0x0000,
 0x0000,
 0x0000,
 0x0000,
 0x0000,
 0x0000,
 0x0137,
 0x0000,
 0x0000,
 0x0000,
 0x0000,
 0x0000,
 0x0000,
 0x0000,
 0x0000,
 0x0000,
 0x0000,
 0x0000,
 0x0000,
 0x0000,
 0x0000,
 0x0000,
 0x0000,
 0x0000,
 0x0000,
 0x0000,
 0x0000,
 0x0000,
 0x0000,
 0x0000,
 0x0000,
 0x0000,
 0x0000,
 0x0000,
 0x0000,
 0x0000,
 0x0000,
 0x0000,
 0x0000,
 0x0000,
 0x0000,
 0x0000,
 0x0000,
 0x0000,
 0x0000,
 0x0000,
 0x0000,
 0x07e8,
 0x0000,
 0x0000,
 0x0000,
 0x0000,
 0x0000,
 0x0000,
 0x0000,
 0x0000,
 0x0000,
 0x0000,
 0x0000,
 0x0000,
 0x0000,
 0x0000,
 0x0000,
 0x0000,
 0x0000,
 0x0000,
 0x0000,
 0x0000,
 0x0000,
 0x0000,
 0x0000,
 0x0000,
 0x0000,
 0x0000,
 0x0000,
 0x0000,
 0x0000,
 0x0000,
 0x0000,
 0x0000,
 0x0000,
 0x0000,
 0x0000,
 0x0000,
 0x0000,
 0x0000,
 0x0000,
 0x0000,
 0x0000,
 0x0000,
 0x0000,
 0x0000,
 0x0000,
 0x0000,
 0x0000,
 0x0000,
 0x0000,
 0x044e,
 0x0000,
 0x0000,
 0x0000,
 0x0000,
 0x0000,
 0x0000,
 0x0000,
 0x0000,
 0x0000,
 0x0000,
 0x0000,
 0x0000,
 0x0000,
 0x0000,
 0x0000,
 0x0000,
 0x0000,
 0x0000,
 0x0000,
 0x0000,
 0x0000,
 0x0000,
 0x0000,
 0x0000,
 0x0000,
 0x0000,
 0x0000,
 0x0000,
 0x0000,
 0x0000,
 0x0000,
 0x0000,
 0x0000,
 0x0000,
 0x0000,
 0x0000,
 0x0000,
 0x0000,
 0x0000,
 0x0000,
 0x0000,
 0x0000,
 0x0000,
 0x0000,
 0x0000,
 0x0000,
 0x0000,
 0x0000,
 0x001e,
 0x0000,
 0x0000,
 0x0000,
 0x0000,
 0x0000,
 0x0000,
 0x01c5,
 0x0000,
 0x0000,
 0x0000,
 0x0000,
 0x0000,
 0x0000,
 0x0000,
 0x0000,
 0x0000,
 0x0000,
 0x0000,
 0x0000,
 0x0000,
 0x0000,
 0x0000,
 0x0000,
 0x0000,
 0x0000,
 0x0000,
 0x0000,
 0x0000,
 0x0000,
 0x0000,
 0x0000,
 0x0000,
 0x0000,
 0x0000,
 0x0000,
 0x0000,
 0x0000,
 0x0000,
 0x0000,
 0x0000,
 0x0000,
 0x0000,
 0x0000,
 0x0000,
 0x0000,
 0x0000,
 0x0000,
 0x0000,
 0x0000,
 0x0000,
 0x0000,
 0x0000,
 0x0000,
 0x0000,
 0x0000,
 0x0000,
 0x0000,
 0x0000,
 0x0000,
 0x0000,
 0x0000,
 0x0000,
 0x0000,
 0x0000,
 0x0000,
 0x0000,
 0x0000,
 0x0000,
 0x0000,
 0x0000,
 0x0000,
 0x0000,
 0x0000,
 0x0000,
 0x0000,
 0x0000,
 0x0000,
 0x0000,
 0x0000,
 0x0000,
 0x0000,
 0x0000,
 0x0000,
 0x8181,
 0x0000,
 0x0000,
 0x0000,
 0x0000,
 0x0000,
 0x0000,
 0x0000,
 0x0000,
 0x0000,
 0x0000,
 0x0000,
 0x0000,
 0x0000,
 0x0000,
 0x0000,
 0x0000,
 0x0000,
 0x0000,
 0x0448,
 0x0000,
 0x0000,
 0x0000,
 0x0000,
 0x0000,
 0x0000,
 0x8068,
 0x0000,
 0x0000,
 0x0ccc,
 0x0000,
 0x0000,
 0x0000,
 0x0000,
 0x0000,
 0x0000,
 0x0000,
 0x0000,
 0x0000,
 0x0000,
 0x0000,
 0x0000,
 0x0000,
 0x0000,
 0x0000,
 0x0000,
 0x0000,
 0x0000,
 0x0000,
 0x0000,
 0x0000,
 0x0000,
 0x0000,
 0x0000,
 0x0000,
 0x0000,
 0x07a4,
 0x0000,
 0x0000,
 0x0000,
 0x0000,
 0x0000,
 0x0000,
 0x0000,
 0x0000,
 0x0000,
 0x0000,
 0x0000,
 0x0000,
 0x0000,
 0x0000,
 0x0000,
 0x0000,
 0x0000,
 0x0000,
 0x0000,
 0x0000,
 0x0000,
 0x0000,
 0x069d,
 0x0000,
 0x0000,
 0x1120,
 0x0000,
 0x0000,
 0x0000,
 0x0000,
 0x0000,
 0x0000,
 0x0000,
 0x0000,
 0x0207,
 0x0194,
 0x0000,
 0x0000,
 0x0000,
 0x0000,
 0x0000,
 0x0000,
 0x0000,
 0x0000,
 0x0000,
 0x0000,
 0x0000,
 0x0000,
 0x022b,
 0x0000,
 0x0000,
 0x0000,
 0x0000,
 0x0000,
 0x0000,
 0x0000,
 0x0000,
 0x0000,
 0x0000,
 0x0000,
 0x0000,
 0x0000,
 0x0000,
 0x0000,
 0x0000,
 0x0000,
 0x0000,
 0x0000,
 0x0000,
 0x0000,
 0x0000,
 0x0000,
 0x0000,
 0x81b0,
 0x0000,
 0x0000,
 0x0000,
 0x0000,
 0x0000,
 0x0000,
 0x0000,
 0x0000,
 0x0000,
 0x0000,
 0x0000,
 0x0d16,
 0x0000,
 0x0000,
 0x0000,
 0x0000,
 0x0000,
 0x0000,
 0x0000,
 0x0000,
 0x0203,
 0x0000,
 0x0000,
 0x0000,
 0x0000,
 0x0000,
 0x0000,
 0x0000,
 0x0000,
 0x8045,
 0x0000,
 0x0000,
 0x0000,
 0x0000,
 0x0000,
 0x0000,
 0x0000,
 0x0000,
 0x0000,
 0x0000,
 0x0000,
 0x0000,
 0x0000,
 0x0000,
 0x0000,
 0x0000,
 0x0000,
 0x0000,
 0x0000,
 0x0000,
 0x0000,
 0x0000,
 0x0000,
 0x0000,
 0x0000,
 0x0000,
 0x0000,
 0x0000,
 0x0000,
 0x0000,
 0x0000,
 0x0000,
 0x0000,
 0x0000,
 0x0000,
 0x0000,
 0x0000,
 0x0000,
 0x0000,
 0x0218,
 0x0000,
 0x0000,
 0x0000,
 0x0000,
 0x0000,
 0x0000,
 0x0000,
 0x0000,
 0x0000,
 0x0000,
 0x0000,
 0x0000,
 0x0000,
 0x0000,
 0x0000,
 0x0000,
 0x0000,
 0x0000,
 0x0000,
 0x0000,
 0x0000,
 0x0000,
 0x0000,
 0x0000,
 0x0000,
 0x0000,
 0x0000,
 0x0000,
 0x0000,
 0x0000,
 0x0000,
 0x0000,
 0x0000,
 0x0000,
 0x0000,
 0x0000,
 0x0000,
 0x0000,
 0x0000,
 0x0000,
 0x0000,
 0x0000,
 0x0000,
 0x0000,
 0x0000,
 0x0000,
 0x0000,
 0x0000,
 0x0000,
 0x0000,
 0x0000,
 0x0000,
 0x0000,
 0x0000,
 0x0000,
 0x0000,
 0x0000,
 0x0000,
 0x0000,
 0x0000,
 0x0000,
 0x0000,
 0x0000,
 0x0000,
 0x0000,
 0x0000,
 0x0000,
 0x0000,
 0x0000,
 0x0000,
 0x0000,
 0x0000,
 0x0000,
 0x0000,
 0x0000,
 0x0000,
 0x0000,
 0x0000,
 0x0000,
 0x0000,
 0x0000,
 0x0000,
 0x0000,
 0x0000,
 0x0000,
 0x0000,
 0x0000,
 0x0000,
 0x811e,
 0x0000,
 0x0000,
 0x0000,
 0x0000,
 0x0000,
 0x0000,
 0x0000,
 0x80c8,
 0x0000,
 0x0000,
 0x0000,
 0x0000,
 0x0000,
 0x0000,
 0x0000,
 0x0000,
 0x0000,
 0x0000,
 0x0000,
 0x0000,
 0x0000,
 0x0000,
 0x0000,
 0x0000,
 0x0000,
 0x0000,
 0x0000,
 0x0000,
 0x0000,
 0x0000,
 0x0000,
 0x0000,
 0x0000,
 0x0000,
 0x0000,
 0x0000,
 0x0000,
 0x0000,
 0x0000,
 0x0000,
 0x0000,
 0x0000,
 0x0000,
 0x0000,
 0x0000,
 0x0000,
 0x0000,
 0x0000,
 0x0000,
 0x0000,
 0x0000,
 0x0000,
 0x0000,
 0x0000,
 0x0000,
 0x0000,
 0x0000,
 0x0000,
 0x0000,
 0x0000,
 0x0000,
 0x0000,
 0x0000,
 0x0000,
 0x0000,
 0x0000,
 0x0000,
 0x0000,
 0x0000,
 0x0000,
 0x0000,
 0x0000,
 0x0000,
 0x0000,
 0x0000,
 0x0000,
 0x80e2,
 0x0000,
 0x0000,
 0x0000,
 0x0000,
 0x0000,
 0x0000,
 0x0000,
 0x0000,
 0x0000,
 0x0000
};
#endif
