#ifndef MSPM_HASH_TABLE1_H
#define MSPM_HASH_TABLE1_H
#define MSPM_HASH_TABLE1_WIDTH (16)
#define MSPM_HASH_TABLE1_DEPTH (16384)
#define MSPM_HASH_TABLE1_LGDEPTH (14)


#define MSPM_HASH_TABLE1_MAXLGDEPTH (14)


#if SPUMP_PRGMA
[[intel::singlepump]]
#endif
#if DPUMP_PRGMA
[[intel::doublepump]]
#endif
#if DPORT_PRGMA
[[intel::simple_dual_port]]
#endif
const static unsigned short MSPM_HASH_TABLE1[16384] = {
 0x0000,
 0x0000,
 0x0000,
 0x0000,
 0x0000,
 0x0000,
 0x0000,
 0x0000,
 0x0000,
 0x0000,
 0x0000,
 0x0741,
 0x0000,
 0x0000,
 0x0000,
 0x0000,
 0x0000,
 0x0000,
 0x0000,
 0x0000,
 0x0000,
 0x0000,
 0x0000,
 0x0000,
 0x0000,
 0x0000,
 0x0000,
 0x0000,
 0x0000,
 0x0000,
 0x8104,
 0x0000,
 0x0000,
 0x0000,
 0x0000,
 0x0000,
 0x0000,
 0x0000,
 0x0000,
 0x0000,
 0x0000,
 0x0000,
 0x0000,
 0x0027,
 0x0000,
 0x0000,
 0x0000,
 0x0000,
 0x0000,
 0x0000,
 0x0000,
 0x0000,
 0x0000,
 0x0000,
 0x0000,
 0x0000,
 0x0000,
 0x0000,
 0x0000,
 0x0000,
 0x0000,
 0x0000,
 0x0000,
 0x0000,
 0x0000,
 0x0000,
 0x0000,
 0x0000,
 0x0000,
 0x0000,
 0x0000,
 0x0000,
 0x0000,
 0x0000,
 0x0000,
 0x0000,
 0x0000,
 0x0000,
 0x0000,
 0x0000,
 0x0000,
 0x0000,
 0x0000,
 0x0000,
 0x0000,
 0x0000,
 0x0000,
 0x0000,
 0x0000,
 0x0000,
 0x0000,
 0x0000,
 0x0000,
 0x0000,
 0x0000,
 0x0000,
 0x0000,
 0x0000,
 0x0000,
 0x0000,
 0x0000,
 0x0000,
 0x0000,
 0x0000,
 0x0000,
 0x0000,
 0x0000,
 0x0000,
 0x0000,
 0x0000,
 0x0000,
 0x0000,
 0x0000,
 0x0000,
 0x0000,
 0x0000,
 0x0000,
 0x0000,
 0x0000,
 0x0000,
 0x0000,
 0x0000,
 0x0000,
 0x0000,
 0x0000,
 0x0000,
 0x0000,
 0x0000,
 0x0000,
 0x0000,
 0x0000,
 0x0000,
 0x0000,
 0x0000,
 0x0000,
 0x0000,
 0x0000,
 0x0000,
 0x0000,
 0x0000,
 0x0000,
 0x0000,
 0x0000,
 0x0000,
 0x0000,
 0x0000,
 0x0000,
 0x0000,
 0x0000,
 0x0000,
 0x0000,
 0x0000,
 0x0000,
 0x0000,
 0x0000,
 0x0000,
 0x0000,
 0x0000,
 0x0000,
 0x0000,
 0x0000,
 0x0000,
 0x0000,
 0x0000,
 0x0000,
 0x0000,
 0x0000,
 0x0000,
 0x0000,
 0x0000,
 0x0000,
 0x0000,
 0x0000,
 0x0000,
 0x0000,
 0x0000,
 0x0000,
 0x0000,
 0x0000,
 0x0000,
 0x0000,
 0x0000,
 0x0000,
 0x0000,
 0x0000,
 0x0000,
 0x0000,
 0x0000,
 0x0000,
 0x0000,
 0x0000,
 0x0000,
 0x0000,
 0x0000,
 0x0000,
 0x0000,
 0x0000,
 0x0000,
 0x0000,
 0x0000,
 0x0000,
 0x0000,
 0x0000,
 0x0000,
 0x0000,
 0x0000,
 0x0000,
 0x0000,
 0x0000,
 0x0000,
 0x0000,
 0x0000,
 0x0000,
 0x0000,
 0x0000,
 0x0000,
 0x0000,
 0x0000,
 0x0000,
 0x0000,
 0x0401,
 0x0000,
 0x0000,
 0x0000,
 0x0000,
 0x0000,
 0x0000,
 0x0000,
 0x0000,
 0x0000,
 0x0000,
 0x0000,
 0x0000,
 0x0000,
 0x0000,
 0x0000,
 0x0000,
 0x0000,
 0x0000,
 0x0000,
 0x0000,
 0x0000,
 0x0000,
 0x0000,
 0x0000,
 0x0000,
 0x0000,
 0x0000,
 0x0000,
 0x0000,
 0x0000,
 0x0000,
 0x0000,
 0x0000,
 0x0000,
 0x0000,
 0x0000,
 0x0000,
 0x0000,
 0x0000,
 0x0000,
 0x0000,
 0x0000,
 0x0000,
 0x0000,
 0x0000,
 0x0000,
 0x0000,
 0x0000,
 0x0000,
 0x0000,
 0x0000,
 0x0000,
 0x0000,
 0x0000,
 0x0000,
 0x0000,
 0x0000,
 0x0000,
 0x0000,
 0x0000,
 0x0000,
 0x0000,
 0x0000,
 0x0000,
 0x0000,
 0x0000,
 0x0000,
 0x0000,
 0x0000,
 0x0000,
 0x0000,
 0x0000,
 0x0000,
 0x0000,
 0x0000,
 0x0000,
 0x0000,
 0x0000,
 0x0000,
 0x0000,
 0x0000,
 0x0000,
 0x0000,
 0x0000,
 0x0000,
 0x0000,
 0x0000,
 0x0000,
 0x0000,
 0x0000,
 0x0000,
 0x0000,
 0x0000,
 0x0000,
 0x0000,
 0x0000,
 0x0000,
 0x0000,
 0x0000,
 0x0000,
 0x0000,
 0x0000,
 0x0000,
 0x0000,
 0x0000,
 0x0000,
 0x0000,
 0x0000,
 0x0000,
 0x0000,
 0x0000,
 0x0000,
 0x0000,
 0x0000,
 0x0000,
 0x0000,
 0x0000,
 0x0000,
 0x0000,
 0x0000,
 0x0000,
 0x0000,
 0x0000,
 0x0000,
 0x0000,
 0x0000,
 0x0000,
 0x0000,
 0x0000,
 0x0000,
 0x0000,
 0x0000,
 0x0000,
 0x0000,
 0x0000,
 0x0000,
 0x0000,
 0x0000,
 0x0000,
 0x0000,
 0x0000,
 0x0000,
 0x0000,
 0x0000,
 0x0000,
 0x0000,
 0x0000,
 0x0000,
 0x0000,
 0x0000,
 0x0000,
 0x0000,
 0x0000,
 0x0000,
 0x0000,
 0x0000,
 0x0000,
 0x0000,
 0x0000,
 0x0000,
 0x0000,
 0x0000,
 0x0000,
 0x0000,
 0x0000,
 0x0000,
 0x0000,
 0x0000,
 0x0000,
 0x0000,
 0x0000,
 0x0000,
 0x0000,
 0x0000,
 0x0000,
 0x0000,
 0x0000,
 0x0000,
 0x0000,
 0x0000,
 0x0000,
 0x0000,
 0x0000,
 0x0000,
 0x0000,
 0x0000,
 0x0000,
 0x0000,
 0x0000,
 0x0000,
 0x0000,
 0x0000,
 0x0000,
 0x0000,
 0x0000,
 0x0000,
 0x0000,
 0x0000,
 0x0000,
 0x0000,
 0x0984,
 0x0000,
 0x0000,
 0x0000,
 0x0000,
 0x0000,
 0x0000,
 0x0000,
 0x0000,
 0x0000,
 0x0000,
 0x0000,
 0x0000,
 0x0000,
 0x0000,
 0x0000,
 0x0000,
 0x0000,
 0x0000,
 0x0000,
 0x0000,
 0x0000,
 0x0000,
 0x0000,
 0x0000,
 0x0000,
 0x0000,
 0x0000,
 0x0000,
 0x0000,
 0x0000,
 0x0000,
 0x0000,
 0x0000,
 0x0000,
 0x0000,
 0x0000,
 0x0000,
 0x0000,
 0x0000,
 0x0000,
 0x0000,
 0x0000,
 0x0000,
 0x0000,
 0x0000,
 0x0000,
 0x0000,
 0x0000,
 0x0000,
 0x0000,
 0x0000,
 0x0000,
 0x0000,
 0x0000,
 0x0000,
 0x0000,
 0x0000,
 0x0000,
 0x0000,
 0x0000,
 0x0000,
 0x0000,
 0x09a1,
 0x0000,
 0x0000,
 0x0000,
 0x0222,
 0x0000,
 0x0000,
 0x0000,
 0x0000,
 0x0000,
 0x805e,
 0x0000,
 0x0000,
 0x0000,
 0x0000,
 0x0000,
 0x0000,
 0x0000,
 0x0000,
 0x0000,
 0x0000,
 0x0000,
 0x0000,
 0x0000,
 0x0000,
 0x0000,
 0x0000,
 0x0000,
 0x0000,
 0x0000,
 0x0000,
 0x0000,
 0x0000,
 0x0000,
 0x0000,
 0x0000,
 0x0000,
 0x0000,
 0x0000,
 0x0000,
 0x0000,
 0x815d,
 0x0000,
 0x0000,
 0x0000,
 0x0000,
 0x0000,
 0x0000,
 0x0000,
 0x0000,
 0x0000,
 0x0000,
 0x0000,
 0x0000,
 0x0000,
 0x0000,
 0x0000,
 0x0000,
 0x0000,
 0x0000,
 0x0000,
 0x0000,
 0x0000,
 0x0000,
 0x0000,
 0x0000,
 0x0000,
 0x0000,
 0x0000,
 0x0000,
 0x0000,
 0x0000,
 0x0000,
 0x0000,
 0x0000,
 0x0000,
 0x0000,
 0x0000,
 0x0000,
 0x0000,
 0x0000,
 0x8157,
 0x0000,
 0x0000,
 0x0000,
 0x0000,
 0x0000,
 0x0000,
 0x0000,
 0x0000,
 0x0000,
 0x0000,
 0x0000,
 0x0000,
 0x0000,
 0x0000,
 0x0000,
 0x0000,
 0x0000,
 0x0000,
 0x0000,
 0x0000,
 0x0000,
 0x0000,
 0x0000,
 0x0000,
 0x0000,
 0x0000,
 0x0000,
 0x0000,
 0x0000,
 0x0000,
 0x0000,
 0x0000,
 0x0000,
 0x0000,
 0x8167,
 0x0000,
 0x0000,
 0x0000,
 0x0000,
 0x0000,
 0x0000,
 0x0000,
 0x0000,
 0x0000,
 0x0000,
 0x0000,
 0x0000,
 0x0000,
 0x0000,
 0x0000,
 0x0000,
 0x0000,
 0x0000,
 0x0000,
 0x0000,
 0x0000,
 0x0000,
 0x0000,
 0x0000,
 0x0000,
 0x0000,
 0x0000,
 0x0000,
 0x0000,
 0x0000,
 0x0000,
 0x0000,
 0x0000,
 0x0000,
 0x0000,
 0x0000,
 0x0000,
 0x8077,
 0x0000,
 0x0000,
 0x0000,
 0x0000,
 0x0000,
 0x0000,
 0x0000,
 0x0000,
 0x0000,
 0x0000,
 0x0000,
 0x069d,
 0x0000,
 0x0000,
 0x0000,
 0x0000,
 0x0000,
 0x0000,
 0x0000,
 0x0000,
 0x0000,
 0x0000,
 0x0000,
 0x0000,
 0x0000,
 0x0000,
 0x0000,
 0x0000,
 0x0000,
 0x0000,
 0x0000,
 0x0000,
 0x0000,
 0x0000,
 0x0000,
 0x0000,
 0x0000,
 0x0447,
 0x0000,
 0x0000,
 0x0000,
 0x0000,
 0x0000,
 0x0000,
 0x0000,
 0x0000,
 0x0000,
 0x0000,
 0x0000,
 0x0000,
 0x0000,
 0x0000,
 0x0000,
 0x0000,
 0x0000,
 0x0000,
 0x0000,
 0x0000,
 0x0000,
 0x0000,
 0x0000,
 0x0000,
 0x81ae,
 0x0000,
 0x0000,
 0x0000,
 0x0000,
 0x0000,
 0x0000,
 0x0000,
 0x0000,
 0x0000,
 0x0000,
 0x0000,
 0x0000,
 0x0000,
 0x0000,
 0x0000,
 0x0000,
 0x80d3,
 0x0000,
 0x0000,
 0x0000,
 0x0000,
 0x0000,
 0x0000,
 0x0000,
 0x0000,
 0x0000,
 0x0000,
 0x0000,
 0x0000,
 0x0000,
 0x0000,
 0x0000,
 0x0000,
 0x0000,
 0x0000,
 0x0000,
 0x0215,
 0x0000,
 0x0000,
 0x0000,
 0x0000,
 0x0000,
 0x0000,
 0x0000,
 0x0000,
 0x0000,
 0x0000,
 0x0000,
 0x0000,
 0x0000,
 0x0000,
 0x0000,
 0x0000,
 0x0000,
 0x0000,
 0x0000,
 0x0000,
 0x0000,
 0x0000,
 0x0000,
 0x0000,
 0x0000,
 0x0000,
 0x0000,
 0x0000,
 0x0000,
 0x0000,
 0x0000,
 0x0000,
 0x0000,
 0x0000,
 0x0000,
 0x0000,
 0x0000,
 0x0000,
 0x0000,
 0x0000,
 0x0000,
 0x0000,
 0x0000,
 0x0000,
 0x0000,
 0x0000,
 0x0000,
 0x0000,
 0x0000,
 0x8199,
 0x0000,
 0x0000,
 0x0000,
 0x0000,
 0x0000,
 0x0000,
 0x0000,
 0x0000,
 0x0000,
 0x0000,
 0x0000,
 0x0000,
 0x0000,
 0x0000,
 0x0000,
 0x0202,
 0x0000,
 0x0000,
 0x0000,
 0x0000,
 0x0000,
 0x0000,
 0x0000,
 0x073d,
 0x0000,
 0x0000,
 0x0000,
 0x8092,
 0x0000,
 0x0000,
 0x0000,
 0x0000,
 0x0000,
 0x0000,
 0x0000,
 0x0000,
 0x0000,
 0x0000,
 0x0000,
 0x0000,
 0x0000,
 0x0000,
 0x0000,
 0x0000,
 0x0000,
 0x0000,
 0x0000,
 0x0000,
 0x0000,
 0x0000,
 0x0000,
 0x0000,
 0x0000,
 0x0000,
 0x0000,
 0x0000,
 0x0000,
 0x0000,
 0x0000,
 0x0000,
 0x0000,
 0x0000,
 0x0000,
 0x0000,
 0x0000,
 0x0000,
 0x0000,
 0x0000,
 0x0000,
 0x0000,
 0x0000,
 0x811f,
 0x0000,
 0x0000,
 0x0000,
 0x0000,
 0x0000,
 0x0000,
 0x0000,
 0x0000,
 0x0000,
 0x0000,
 0x0000,
 0x0000,
 0x0000,
 0x0000,
 0x0000,
 0x0000,
 0x0000,
 0x0000,
 0x0000,
 0x0000,
 0x0000,
 0x0000,
 0x0000,
 0x0000,
 0x0000,
 0x0000,
 0x0000,
 0x0000,
 0x0000,
 0x0000,
 0x0000,
 0x0000,
 0x0000,
 0x0000,
 0x0000,
 0x0000,
 0x80cb,
 0x0000,
 0x0000,
 0x0000,
 0x0000,
 0x0000,
 0x0000,
 0x0000,
 0x0000,
 0x0000,
 0x0000,
 0x0000,
 0x0000,
 0x0000,
 0x0000,
 0x0000,
 0x8131,
 0x0000,
 0x0000,
 0x0000,
 0x07a2,
 0x0000,
 0x0000,
 0x0000,
 0x0000,
 0x0000,
 0x0000,
 0x0000,
 0x0000,
 0x0000,
 0x0000,
 0x0000,
 0x0000,
 0x0000,
 0x0000,
 0x0000,
 0x0000,
 0x0000,
 0x0000,
 0x0000,
 0x80e4,
 0x0000,
 0x0000,
 0x0000,
 0x0000,
 0x0000,
 0x0000,
 0x0000,
 0x0000,
 0x0000,
 0x0000,
 0x0000,
 0x0000,
 0x0000,
 0x0000,
 0x0000,
 0x0000,
 0x0000,
 0x0000,
 0x0000,
 0x0000,
 0x0000,
 0x0000,
 0x0000,
 0x0000,
 0x0000,
 0x0000,
 0x0000,
 0x0000,
 0x0000,
 0x0000,
 0x0000,
 0x0000,
 0x0000,
 0x0840,
 0x0000,
 0x0000,
 0x0000,
 0x0000,
 0x0000,
 0x0000,
 0x0000,
 0x0000,
 0x0000,
 0x0000,
 0x0000,
 0x0000,
 0x0000,
 0x0000,
 0x0000,
 0x0000,
 0x0000,
 0x0000,
 0x0000,
 0x0000,
 0x0000,
 0x0000,
 0x0000,
 0x0000,
 0x0000,
 0x0000,
 0x0000,
 0x0000,
 0x0000,
 0x0000,
 0x0000,
 0x0000,
 0x0000,
 0x0000,
 0x0000,
 0x0000,
 0x0000,
 0x0000,
 0x0000,
 0x0000,
 0x0000,
 0x0000,
 0x0000,
 0x0000,
 0x0000,
 0x0000,
 0x0000,
 0x0000,
 0x0000,
 0x0000,
 0x0000,
 0x0000,
 0x0000,
 0x0000,
 0x0000,
 0x0000,
 0x0000,
 0x0000,
 0x0000,
 0x0000,
 0x0000,
 0x0000,
 0x0000,
 0x0000,
 0x0000,
 0x0000,
 0x0000,
 0x0000,
 0x0000,
 0x0000,
 0x0000,
 0x0000,
 0x0000,
 0x0000,
 0x0000,
 0x1118,
 0x0000,
 0x0000,
 0x0000,
 0x0000,
 0x0000,
 0x0000,
 0x0000,
 0x0000,
 0x0000,
 0x0000,
 0x0000,
 0x0000,
 0x0000,
 0x0000,
 0x0000,
 0x0000,
 0x0000,
 0x0000,
 0x0000,
 0x0000,
 0x0000,
 0x0000,
 0x0000,
 0x0000,
 0x0000,
 0x0000,
 0x0000,
 0x0000,
 0x0000,
 0x0000,
 0x0000,
 0x0000,
 0x0000,
 0x0000,
 0x0000,
 0x0000,
 0x0000,
 0x0000,
 0x0000,
 0x0000,
 0x0000,
 0x0000,
 0x0000,
 0x0000,
 0x0000,
 0x0000,
 0x0000,
 0x0000,
 0x0000,
 0x0000,
 0x0000,
 0x0000,
 0x0000,
 0x0000,
 0x0000,
 0x0000,
 0x0000,
 0x0000,
 0x0000,
 0x0000,
 0x0000,
 0x0000,
 0x0000,
 0x0000,
 0x0000,
 0x0000,
 0x0000,
 0x0000,
 0x0000,
 0x0000,
 0x0000,
 0x0000,
 0x0000,
 0x0000,
 0x0000,
 0x0000,
 0x0000,
 0x0000,
 0x0000,
 0x0d19,
 0x0000,
 0x0000,
 0x0000,
 0x0000,
 0x0000,
 0x0000,
 0x0000,
 0x0000,
 0x0000,
 0x0000,
 0x0000,
 0x0000,
 0x0000,
 0x0000,
 0x0000,
 0x0000,
 0x0000,
 0x0000,
 0x0000,
 0x0000,
 0x0000,
 0x0000,
 0x0000,
 0x0000,
 0x0000,
 0x0000,
 0x0000,
 0x0000,
 0x0000,
 0x8064,
 0x0000,
 0x0000,
 0x8171,
 0x0000,
 0x0000,
 0x0000,
 0x0000,
 0x0000,
 0x0000,
 0x0000,
 0x0000,
 0x0000,
 0x0000,
 0x0000,
 0x0000,
 0x0000,
 0x0000,
 0x0000,
 0x8101,
 0x0000,
 0x0000,
 0x0000,
 0x0000,
 0x0000,
 0x0000,
 0x0000,
 0x0000,
 0x0000,
 0x0000,
 0x811a,
 0x0000,
 0x0000,
 0x0000,
 0x0000,
 0x0000,
 0x0000,
 0x0000,
 0x0000,
 0x0000,
 0x0000,
 0x0000,
 0x0000,
 0x0000,
 0x0000,
 0x0000,
 0x0000,
 0x0000,
 0x0000,
 0x0000,
 0x0000,
 0x0000,
 0x0000,
 0x0000,
 0x0000,
 0x0000,
 0x0000,
 0x0000,
 0x0000,
 0x0000,
 0x0000,
 0x0000,
 0x0000,
 0x0000,
 0x0000,
 0x0000,
 0x0000,
 0x0000,
 0x0000,
 0x0000,
 0x0000,
 0x0000,
 0x0000,
 0x0000,
 0x0000,
 0x0000,
 0x0000,
 0x0000,
 0x0000,
 0x0000,
 0x0000,
 0x0000,
 0x0000,
 0x0000,
 0x0000,
 0x0000,
 0x0000,
 0x0000,
 0x0000,
 0x0000,
 0x0000,
 0x0000,
 0x0000,
 0x0000,
 0x0000,
 0x0000,
 0x0000,
 0x0000,
 0x0000,
 0x0000,
 0x0000,
 0x0000,
 0x0000,
 0x0000,
 0x8144,
 0x0000,
 0x0000,
 0x0000,
 0x0000,
 0x0000,
 0x0000,
 0x0000,
 0x0000,
 0x0000,
 0x0000,
 0x0000,
 0x0000,
 0x0000,
 0x0000,
 0x0000,
 0x8015,
 0x0000,
 0x0000,
 0x0000,
 0x0000,
 0x0000,
 0x0000,
 0x0000,
 0x0000,
 0x0000,
 0x0000,
 0x8011,
 0x0000,
 0x0000,
 0x0000,
 0x0000,
 0x0000,
 0x0000,
 0x0000,
 0x0000,
 0x0000,
 0x0000,
 0x0000,
 0x0000,
 0x0000,
 0x0000,
 0x0000,
 0x0000,
 0x0000,
 0x0000,
 0x0000,
 0x0000,
 0x0000,
 0x0000,
 0x0000,
 0x0000,
 0x0000,
 0x0000,
 0x0000,
 0x802e,
 0x0000,
 0x0000,
 0x0000,
 0x0000,
 0x0000,
 0x0000,
 0x0000,
 0x0000,
 0x0000,
 0x0000,
 0x0000,
 0x0000,
 0x0000,
 0x0000,
 0x0000,
 0x0000,
 0x0000,
 0x0000,
 0x0000,
 0x0000,
 0x0000,
 0x0000,
 0x0000,
 0x0000,
 0x0000,
 0x0000,
 0x0000,
 0x0000,
 0x0000,
 0x0000,
 0x0000,
 0x0000,
 0x0000,
 0x0000,
 0x0000,
 0x0000,
 0x0bab,
 0x0000,
 0x0000,
 0x0000,
 0x0000,
 0x0000,
 0x0000,
 0x0000,
 0x0000,
 0x0000,
 0x0000,
 0x0000,
 0x0000,
 0x0000,
 0x0000,
 0x0000,
 0x0000,
 0x80a1,
 0x0000,
 0x0000,
 0x0000,
 0x0000,
 0x0000,
 0x0000,
 0x0000,
 0x0000,
 0x0000,
 0x0000,
 0x0000,
 0x0000,
 0x0000,
 0x8090,
 0x0000,
 0x0000,
 0x0000,
 0x0000,
 0x0000,
 0x0000,
 0x0000,
 0x0000,
 0x0000,
 0x0844,
 0x0000,
 0x0000,
 0x0000,
 0x0000,
 0x0000,
 0x0000,
 0x0000,
 0x0000,
 0x0000,
 0x0000,
 0x0000,
 0x0000,
 0x0000,
 0x0000,
 0x0000,
 0x0000,
 0x0000,
 0x0000,
 0x0000,
 0x0000,
 0x811d,
 0x0000,
 0x0000,
 0x0000,
 0x0000,
 0x0000,
 0x0000,
 0x0000,
 0x0000,
 0x0000,
 0x0000,
 0x0000,
 0x0000,
 0x0000,
 0x0000,
 0x0000,
 0x0000,
 0x0000,
 0x0000,
 0x0000,
 0x0000,
 0x0000,
 0x0000,
 0x0000,
 0x8071,
 0x0000,
 0x0000,
 0x0000,
 0x0000,
 0x0000,
 0x0000,
 0x0000,
 0x0601,
 0x0000,
 0x0000,
 0x8025,
 0x0000,
 0x0000,
 0x0000,
 0x0000,
 0x0000,
 0x0000,
 0x0000,
 0x0000,
 0x0000,
 0x0000,
 0x0000,
 0x0000,
 0x0000,
 0x0000,
 0x0000,
 0x0000,
 0x0000,
 0x0000,
 0x0000,
 0x0000,
 0x0000,
 0x0000,
 0x0000,
 0x0000,
 0x0000,
 0x0000,
 0x0000,
 0x0000,
 0x0000,
 0x0000,
 0x0000,
 0x0000,
 0x0000,
 0x0000,
 0x0000,
 0x0000,
 0x0000,
 0x0000,
 0x0000,
 0x0000,
 0x0000,
 0x0000,
 0x0000,
 0x0000,
 0x0000,
 0x0000,
 0x0000,
 0x0000,
 0x0000,
 0x0000,
 0x0000,
 0x0000,
 0x0000,
 0x0000,
 0x0000,
 0x0000,
 0x0000,
 0x0000,
 0x0000,
 0x0000,
 0x0000,
 0x0000,
 0x0000,
 0x0000,
 0x0000,
 0x0000,
 0x0000,
 0x0000,
 0x0000,
 0x0000,
 0x0000,
 0x0000,
 0x0d38,
 0x0000,
 0x0000,
 0x0000,
 0x0000,
 0x0000,
 0x0000,
 0x0000,
 0x0000,
 0x0000,
 0x0000,
 0x0000,
 0x0000,
 0x0000,
 0x0000,
 0x0000,
 0x0000,
 0x0000,
 0x0000,
 0x0000,
 0x817d,
 0x819b,
 0x0000,
 0x0000,
 0x0000,
 0x0000,
 0x0000,
 0x0000,
 0x0000,
 0x0000,
 0x0000,
 0x0000,
 0x0000,
 0x80c4,
 0x0000,
 0x0000,
 0x0000,
 0x0000,
 0x0000,
 0x0000,
 0x0000,
 0x0000,
 0x0000,
 0x0000,
 0x0000,
 0x0000,
 0x0000,
 0x0000,
 0x0000,
 0x0000,
 0x0000,
 0x0000,
 0x0000,
 0x0000,
 0x0000,
 0x0000,
 0x0000,
 0x0000,
 0x0000,
 0x0000,
 0x0000,
 0x0000,
 0x0000,
 0x0000,
 0x0000,
 0x0000,
 0x0000,
 0x0000,
 0x0000,
 0x0000,
 0x0000,
 0x0c6c,
 0x0000,
 0x0000,
 0x0000,
 0x0000,
 0x0000,
 0x0000,
 0x0000,
 0x0000,
 0x0000,
 0x0000,
 0x0000,
 0x0000,
 0x0000,
 0x0000,
 0x0000,
 0x8062,
 0x0000,
 0x809d,
 0x0000,
 0x0000,
 0x0000,
 0x0000,
 0x0000,
 0x0000,
 0x0000,
 0x0000,
 0x0000,
 0x0000,
 0x0000,
 0x0000,
 0x0000,
 0x0000,
 0x0000,
 0x0000,
 0x0000,
 0x0000,
 0x0000,
 0x0000,
 0x0000,
 0x0000,
 0x0000,
 0x0000,
 0x0000,
 0x0000,
 0x0000,
 0x0000,
 0x0000,
 0x0000,
 0x0000,
 0x0000,
 0x0000,
 0x0000,
 0x0000,
 0x0000,
 0x0000,
 0x0000,
 0x0000,
 0x0000,
 0x0000,
 0x0000,
 0x0000,
 0x0000,
 0x0000,
 0x0000,
 0x0000,
 0x0000,
 0x0000,
 0x0000,
 0x0ba8,
 0x0000,
 0x0000,
 0x0000,
 0x0000,
 0x0000,
 0x0000,
 0x0000,
 0x0000,
 0x0000,
 0x0000,
 0x0000,
 0x0000,
 0x0000,
 0x0000,
 0x0000,
 0x0000,
 0x0000,
 0x0000,
 0x0000,
 0x0000,
 0x0000,
 0x0000,
 0x0000,
 0x0000,
 0x0000,
 0x0000,
 0x0000,
 0x0000,
 0x0000,
 0x0000,
 0x0000,
 0x0000,
 0x0000,
 0x0000,
 0x0000,
 0x0000,
 0x0000,
 0x0000,
 0x0000,
 0x0000,
 0x0000,
 0x0000,
 0x0000,
 0x0000,
 0x0000,
 0x0000,
 0x0000,
 0x0000,
 0x0000,
 0x0000,
 0x0000,
 0x0000,
 0x0000,
 0x099b,
 0x0000,
 0x0217,
 0x0000,
 0x0000,
 0x0000,
 0x0000,
 0x0000,
 0x0000,
 0x0000,
 0x0000,
 0x0000,
 0x0000,
 0x0000,
 0x0000,
 0x0000,
 0x0000,
 0x0000,
 0x0000,
 0x0000,
 0x0000,
 0x0000,
 0x0000,
 0x0000,
 0x0000,
 0x0000,
 0x09c9,
 0x0000,
 0x8159,
 0x0000,
 0x0000,
 0x0000,
 0x0000,
 0x0000,
 0x0000,
 0x0000,
 0x1120,
 0x0000,
 0x0000,
 0x0000,
 0x0000,
 0x0000,
 0x0000,
 0x0000,
 0x0000,
 0x0000,
 0x0000,
 0x0000,
 0x0000,
 0x0000,
 0x0000,
 0x0000,
 0x0000,
 0x0000,
 0x0000,
 0x0000,
 0x0000,
 0x0000,
 0x0000,
 0x0000,
 0x0000,
 0x0000,
 0x0000,
 0x0000,
 0x0000,
 0x0000,
 0x0000,
 0x0000,
 0x01b8,
 0x0000,
 0x0000,
 0x0000,
 0x0000,
 0x0000,
 0x0000,
 0x0000,
 0x0000,
 0x0000,
 0x0000,
 0x0000,
 0x0000,
 0x0000,
 0x0000,
 0x0000,
 0x0000,
 0x0000,
 0x0000,
 0x0000,
 0x0000,
 0x0000,
 0x0000,
 0x0000,
 0x0000,
 0x0000,
 0x0000,
 0x0000,
 0x0000,
 0x0000,
 0x0000,
 0x0000,
 0x0000,
 0x0000,
 0x0000,
 0x0000,
 0x0000,
 0x0000,
 0x0000,
 0x0000,
 0x0000,
 0x0000,
 0x0000,
 0x0000,
 0x0000,
 0x0000,
 0x0000,
 0x0000,
 0x0000,
 0x0000,
 0x0000,
 0x0000,
 0x0000,
 0x0000,
 0x0000,
 0x0000,
 0x0000,
 0x0000,
 0x0000,
 0x0000,
 0x0000,
 0x0000,
 0x0000,
 0x0000,
 0x0000,
 0x0000,
 0x0000,
 0x0000,
 0x0000,
 0x0000,
 0x0000,
 0x0000,
 0x0000,
 0x0000,
 0x0000,
 0x0000,
 0x0000,
 0x0000,
 0x0000,
 0x0000,
 0x0000,
 0x0000,
 0x0000,
 0x0000,
 0x0000,
 0x0000,
 0x0000,
 0x0000,
 0x0000,
 0x0000,
 0x0000,
 0x0000,
 0x0000,
 0x0000,
 0x0000,
 0x0000,
 0x0000,
 0x0000,
 0x0000,
 0x0000,
 0x0000,
 0x0000,
 0x0000,
 0x0000,
 0x0000,
 0x0000,
 0x0000,
 0x0000,
 0x0000,
 0x0000,
 0x0000,
 0x0000,
 0x0000,
 0x0000,
 0x0000,
 0x0000,
 0x0000,
 0x0000,
 0x0000,
 0x0000,
 0x0000,
 0x0000,
 0x0000,
 0x0000,
 0x08e2,
 0x0000,
 0x0000,
 0x0000,
 0x0000,
 0x0000,
 0x0000,
 0x0000,
 0x0000,
 0x0000,
 0x0000,
 0x0000,
 0x0000,
 0x0000,
 0x0000,
 0x0000,
 0x0000,
 0x0000,
 0x0000,
 0x0000,
 0x0000,
 0x0000,
 0x0000,
 0x0000,
 0x0000,
 0x0000,
 0x0000,
 0x0000,
 0x0000,
 0x0000,
 0x0000,
 0x0000,
 0x0000,
 0x0000,
 0x0000,
 0x0000,
 0x0000,
 0x0000,
 0x0000,
 0x0000,
 0x0000,
 0x0000,
 0x0000,
 0x0000,
 0x0000,
 0x0000,
 0x0000,
 0x0000,
 0x0000,
 0x0000,
 0x0000,
 0x0000,
 0x0000,
 0x0000,
 0x0000,
 0x0000,
 0x0000,
 0x0000,
 0x0000,
 0x0000,
 0x0000,
 0x0000,
 0x0000,
 0x0000,
 0x0000,
 0x0000,
 0x0000,
 0x0000,
 0x0000,
 0x0000,
 0x0000,
 0x0000,
 0x0000,
 0x0000,
 0x0000,
 0x0000,
 0x0000,
 0x0000,
 0x0000,
 0x0000,
 0x0000,
 0x0000,
 0x0000,
 0x0000,
 0x0000,
 0x0000,
 0x0000,
 0x0000,
 0x0000,
 0x0000,
 0x0000,
 0x0000,
 0x0000,
 0x0000,
 0x0000,
 0x0000,
 0x0000,
 0x0000,
 0x0000,
 0x810d,
 0x0000,
 0x0000,
 0x0000,
 0x0000,
 0x0000,
 0x0000,
 0x0000,
 0x0000,
 0x0000,
 0x0000,
 0x0000,
 0x0000,
 0x0000,
 0x098e,
 0x0000,
 0x0000,
 0x0000,
 0x0000,
 0x0000,
 0x0000,
 0x0000,
 0x0000,
 0x0000,
 0x0000,
 0x0000,
 0x0000,
 0x0000,
 0x0000,
 0x0000,
 0x0000,
 0x0000,
 0x0000,
 0x0000,
 0x812d,
 0x0000,
 0x0000,
 0x0000,
 0x0000,
 0x0000,
 0x0967,
 0x0000,
 0x0000,
 0x0000,
 0x0000,
 0x0000,
 0x0000,
 0x0000,
 0x0000,
 0x0000,
 0x0000,
 0x0000,
 0x0000,
 0x0000,
 0x0000,
 0x0000,
 0x0000,
 0x0000,
 0x0000,
 0x0000,
 0x0000,
 0x0000,
 0x0000,
 0x0000,
 0x0000,
 0x0000,
 0x0000,
 0x0000,
 0x0000,
 0x0000,
 0x0000,
 0x0000,
 0x0000,
 0x0000,
 0x0000,
 0x0000,
 0x0000,
 0x0000,
 0x0000,
 0x0000,
 0x0000,
 0x0000,
 0x0000,
 0x0000,
 0x0000,
 0x0000,
 0x0000,
 0x0000,
 0x0000,
 0x0000,
 0x8017,
 0x0000,
 0x0000,
 0x0000,
 0x0000,
 0x0000,
 0x0000,
 0x0000,
 0x0000,
 0x0000,
 0x0000,
 0x0000,
 0x0000,
 0x0000,
 0x0000,
 0x0000,
 0x0000,
 0x0000,
 0x0000,
 0x0000,
 0x0000,
 0x0000,
 0x0000,
 0x0000,
 0x0000,
 0x0000,
 0x0000,
 0x0000,
 0x0000,
 0x0000,
 0x0000,
 0x0000,
 0x0000,
 0x0000,
 0x0000,
 0x0000,
 0x0000,
 0x0000,
 0x0000,
 0x08e0,
 0x0000,
 0x0000,
 0x0000,
 0x0000,
 0x0000,
 0x0000,
 0x0000,
 0x0000,
 0x0000,
 0x0000,
 0x0000,
 0x0000,
 0x0000,
 0x0000,
 0x0000,
 0x0000,
 0x0000,
 0x0000,
 0x0000,
 0x0000,
 0x0000,
 0x0000,
 0x0000,
 0x0000,
 0x0000,
 0x09af,
 0x0000,
 0x0000,
 0x0000,
 0x0000,
 0x0000,
 0x0000,
 0x0000,
 0x0000,
 0x0000,
 0x0000,
 0x0000,
 0x0000,
 0x0000,
 0x0000,
 0x0000,
 0x0000,
 0x0000,
 0x0000,
 0x0000,
 0x0000,
 0x0000,
 0x0000,
 0x0000,
 0x0000,
 0x0000,
 0x0000,
 0x0000,
 0x0000,
 0x0000,
 0x0000,
 0x0000,
 0x0000,
 0x0000,
 0x0000,
 0x0000,
 0x0000,
 0x0000,
 0x0000,
 0x0000,
 0x0000,
 0x0000,
 0x0000,
 0x0000,
 0x0000,
 0x0000,
 0x0000,
 0x0000,
 0x0000,
 0x0000,
 0x0000,
 0x0000,
 0x0000,
 0x0000,
 0x0000,
 0x0000,
 0x0000,
 0x0000,
 0x0000,
 0x0000,
 0x0000,
 0x0000,
 0x0000,
 0x0000,
 0x0000,
 0x0000,
 0x0000,
 0x0000,
 0x0000,
 0x0000,
 0x0000,
 0x0000,
 0x0000,
 0x0000,
 0x8135,
 0x0000,
 0x0000,
 0x0000,
 0x0000,
 0x0000,
 0x0000,
 0x0000,
 0x0000,
 0x0000,
 0x0000,
 0x0000,
 0x0000,
 0x0000,
 0x0000,
 0x0000,
 0x0000,
 0x0000,
 0x0000,
 0x0000,
 0x0000,
 0x0000,
 0x0000,
 0x0000,
 0x0000,
 0x0000,
 0x0000,
 0x0000,
 0x0000,
 0x0000,
 0x0000,
 0x0000,
 0x0000,
 0x0000,
 0x0000,
 0x0000,
 0x0000,
 0x0000,
 0x0000,
 0x1124,
 0x0000,
 0x0000,
 0x0000,
 0x0000,
 0x0000,
 0x0000,
 0x0000,
 0x0000,
 0x0000,
 0x0000,
 0x0000,
 0x0000,
 0x0000,
 0x0000,
 0x0000,
 0x0000,
 0x0000,
 0x0000,
 0x80b0,
 0x0000,
 0x0000,
 0x0000,
 0x0000,
 0x0000,
 0x0000,
 0x0000,
 0x0000,
 0x0000,
 0x0000,
 0x0000,
 0x0000,
 0x0000,
 0x0000,
 0x0000,
 0x0000,
 0x0000,
 0x0000,
 0x0000,
 0x0000,
 0x0000,
 0x0000,
 0x0000,
 0x0000,
 0x0000,
 0x0000,
 0x0000,
 0x0000,
 0x0be9,
 0x0000,
 0x0000,
 0x0000,
 0x0000,
 0x0000,
 0x0000,
 0x0000,
 0x0000,
 0x0000,
 0x0000,
 0x0000,
 0x0000,
 0x0000,
 0x0000,
 0x0000,
 0x0000,
 0x0000,
 0x0000,
 0x0000,
 0x0000,
 0x0000,
 0x0000,
 0x0000,
 0x8030,
 0x0000,
 0x0000,
 0x0000,
 0x0000,
 0x0000,
 0x0000,
 0x0000,
 0x0000,
 0x0000,
 0x0000,
 0x0000,
 0x0000,
 0x0000,
 0x0000,
 0x0000,
 0x0000,
 0x0000,
 0x0000,
 0x0000,
 0x0000,
 0x0000,
 0x0000,
 0x0000,
 0x0000,
 0x0000,
 0x0000,
 0x0000,
 0x0000,
 0x0000,
 0x0000,
 0x0000,
 0x0000,
 0x0000,
 0x0000,
 0x0000,
 0x0000,
 0x0000,
 0x0000,
 0x0000,
 0x0000,
 0x0000,
 0x0000,
 0x0000,
 0x0000,
 0x0000,
 0x0000,
 0x0000,
 0x0000,
 0x0000,
 0x0000,
 0x0000,
 0x0000,
 0x0000,
 0x0000,
 0x0000,
 0x0000,
 0x0000,
 0x0000,
 0x0000,
 0x0000,
 0x0000,
 0x0000,
 0x0000,
 0x0000,
 0x8154,
 0x0000,
 0x0000,
 0x0000,
 0x0000,
 0x0000,
 0x020a,
 0x0000,
 0x0000,
 0x0000,
 0x0000,
 0x0000,
 0x8035,
 0x0000,
 0x0000,
 0x0000,
 0x0000,
 0x0000,
 0x0000,
 0x0000,
 0x0000,
 0x0000,
 0x0000,
 0x0000,
 0x0c29,
 0x0000,
 0x0000,
 0x0000,
 0x0000,
 0x80c6,
 0x0000,
 0x0000,
 0x0000,
 0x0000,
 0x0000,
 0x0000,
 0x0000,
 0x0000,
 0x0000,
 0x0000,
 0x0000,
 0x0000,
 0x0000,
 0x0000,
 0x0000,
 0x0000,
 0x0000,
 0x0000,
 0x0000,
 0x0000,
 0x0000,
 0x0000,
 0x0000,
 0x0000,
 0x0000,
 0x0000,
 0x0000,
 0x0000,
 0x0000,
 0x0000,
 0x0000,
 0x0000,
 0x0000,
 0x0000,
 0x01c4,
 0x0000,
 0x0000,
 0x0000,
 0x0000,
 0x0000,
 0x0000,
 0x0000,
 0x0000,
 0x0000,
 0x0000,
 0x0000,
 0x0000,
 0x0000,
 0x0000,
 0x0000,
 0x0000,
 0x0000,
 0x0000,
 0x0000,
 0x0000,
 0x0000,
 0x0000,
 0x0000,
 0x0000,
 0x0000,
 0x0000,
 0x0000,
 0x0000,
 0x0000,
 0x0000,
 0x0000,
 0x0000,
 0x0000,
 0x0000,
 0x0000,
 0x0000,
 0x0000,
 0x0000,
 0x0000,
 0x0000,
 0x0000,
 0x0000,
 0x0000,
 0x0000,
 0x0000,
 0x0000,
 0x0000,
 0x0000,
 0x0000,
 0x0000,
 0x0000,
 0x0000,
 0x0000,
 0x0000,
 0x0000,
 0x0000,
 0x0000,
 0x0000,
 0x0000,
 0x0000,
 0x0000,
 0x0000,
 0x803d,
 0x0000,
 0x0000,
 0x0000,
 0x0000,
 0x0000,
 0x0000,
 0x0000,
 0x0000,
 0x0000,
 0x0000,
 0x0000,
 0x0000,
 0x0000,
 0x0000,
 0x0000,
 0x0000,
 0x0000,
 0x0000,
 0x0000,
 0x0000,
 0x0000,
 0x0000,
 0x0000,
 0x0000,
 0x0000,
 0x0000,
 0x0000,
 0x0000,
 0x0000,
 0x0000,
 0x0000,
 0x0000,
 0x0000,
 0x0000,
 0x0000,
 0x0000,
 0x0000,
 0x8143,
 0x0000,
 0x0000,
 0x0000,
 0x0000,
 0x0000,
 0x0000,
 0x0000,
 0x0000,
 0x0000,
 0x0000,
 0x0000,
 0x818a,
 0x0000,
 0x0000,
 0x0000,
 0x0000,
 0x0000,
 0x0000,
 0x0000,
 0x0000,
 0x0000,
 0x0000,
 0x0000,
 0x0000,
 0x0000,
 0x0000,
 0x0000,
 0x0000,
 0x0000,
 0x0000,
 0x0000,
 0x0000,
 0x0000,
 0x0000,
 0x0000,
 0x0000,
 0x0000,
 0x0000,
 0x0000,
 0x0000,
 0x0000,
 0x0000,
 0x0000,
 0x0000,
 0x0000,
 0x05fb,
 0x0000,
 0x0000,
 0x0000,
 0x0000,
 0x0000,
 0x0000,
 0x0000,
 0x0000,
 0x0000,
 0x0000,
 0x0000,
 0x0000,
 0x0000,
 0x0000,
 0x0000,
 0x0000,
 0x0000,
 0x0000,
 0x0000,
 0x0000,
 0x0000,
 0x0000,
 0x0000,
 0x0c16,
 0x0000,
 0x0000,
 0x0000,
 0x0000,
 0x0000,
 0x0000,
 0x0000,
 0x0000,
 0x0000,
 0x0000,
 0x0000,
 0x0000,
 0x0000,
 0x0000,
 0x0000,
 0x0000,
 0x0000,
 0x0000,
 0x0000,
 0x0000,
 0x0000,
 0x0000,
 0x0000,
 0x0000,
 0x0000,
 0x0000,
 0x0000,
 0x81b6,
 0x0000,
 0x0000,
 0x0000,
 0x0000,
 0x0000,
 0x0000,
 0x0000,
 0x0000,
 0x0000,
 0x0000,
 0x0000,
 0x0000,
 0x0000,
 0x80c2,
 0x0000,
 0x0000,
 0x0000,
 0x0000,
 0x0000,
 0x0000,
 0x0000,
 0x0000,
 0x0000,
 0x0000,
 0x0000,
 0x0000,
 0x0000,
 0x0000,
 0x0000,
 0x0000,
 0x0000,
 0x0000,
 0x0000,
 0x0000,
 0x0000,
 0x0000,
 0x0000,
 0x0000,
 0x0000,
 0x0000,
 0x0000,
 0x0000,
 0x0000,
 0x0000,
 0x0000,
 0x0000,
 0x0000,
 0x0000,
 0x0000,
 0x0000,
 0x0000,
 0x0000,
 0x0000,
 0x0000,
 0x0000,
 0x0000,
 0x0000,
 0x0000,
 0x0000,
 0x0000,
 0x0000,
 0x0000,
 0x0000,
 0x0000,
 0x0000,
 0x0000,
 0x0000,
 0x0000,
 0x0000,
 0x0000,
 0x0000,
 0x0000,
 0x0000,
 0x0000,
 0x0000,
 0x0000,
 0x0000,
 0x0000,
 0x0000,
 0x0000,
 0x0000,
 0x0000,
 0x0000,
 0x0000,
 0x0000,
 0x0000,
 0x0000,
 0x8021,
 0x0000,
 0x0000,
 0x03b1,
 0x0000,
 0x0000,
 0x0000,
 0x0000,
 0x0000,
 0x0000,
 0x80ee,
 0x0000,
 0x0000,
 0x0000,
 0x0000,
 0x0000,
 0x0000,
 0x0000,
 0x0000,
 0x0000,
 0x0000,
 0x0000,
 0x0000,
 0x0000,
 0x0000,
 0x0000,
 0x0000,
 0x802a,
 0x0000,
 0x0000,
 0x0000,
 0x0000,
 0x0000,
 0x0000,
 0x0000,
 0x0000,
 0x0000,
 0x0000,
 0x0000,
 0x0000,
 0x0000,
 0x0000,
 0x0000,
 0x0000,
 0x0000,
 0x0000,
 0x0000,
 0x0000,
 0x0e86,
 0x0000,
 0x0000,
 0x0000,
 0x0000,
 0x0000,
 0x0000,
 0x0000,
 0x0000,
 0x07e8,
 0x0000,
 0x0000,
 0x0000,
 0x0000,
 0x0000,
 0x0000,
 0x0000,
 0x0000,
 0x0000,
 0x0000,
 0x0000,
 0x0000,
 0x0000,
 0x0000,
 0x0000,
 0x0000,
 0x0000,
 0x0000,
 0x0000,
 0x0000,
 0x0000,
 0x0000,
 0x0000,
 0x0000,
 0x0000,
 0x0000,
 0x07fe,
 0x0000,
 0x0000,
 0x0000,
 0x0000,
 0x0000,
 0x0000,
 0x0000,
 0x0000,
 0x0000,
 0x0000,
 0x0000,
 0x0000,
 0x0000,
 0x0000,
 0x0000,
 0x0000,
 0x0000,
 0x0000,
 0x0000,
 0x0000,
 0x0000,
 0x0000,
 0x0000,
 0x0000,
 0x0000,
 0x0000,
 0x0000,
 0x0000,
 0x0000,
 0x0000,
 0x0000,
 0x8056,
 0x0000,
 0x0000,
 0x0000,
 0x0000,
 0x0000,
 0x0000,
 0x0000,
 0x0000,
 0x0000,
 0x0000,
 0x80f6,
 0x0000,
 0x0000,
 0x0000,
 0x0000,
 0x0000,
 0x0000,
 0x0000,
 0x0000,
 0x0000,
 0x0000,
 0x0000,
 0x0000,
 0x0000,
 0x0000,
 0x0000,
 0x0000,
 0x0000,
 0x0000,
 0x0000,
 0x0000,
 0x0000,
 0x0000,
 0x0000,
 0x0000,
 0x0000,
 0x0000,
 0x0000,
 0x0000,
 0x0000,
 0x0000,
 0x0000,
 0x0000,
 0x0000,
 0x0000,
 0x0000,
 0x0000,
 0x0000,
 0x0000,
 0x0000,
 0x0000,
 0x0000,
 0x0000,
 0x0000,
 0x0000,
 0x0000,
 0x0000,
 0x0000,
 0x0000,
 0x0000,
 0x0000,
 0x0000,
 0x0000,
 0x0000,
 0x0000,
 0x0000,
 0x0000,
 0x0000,
 0x0000,
 0x0000,
 0x0000,
 0x0000,
 0x0000,
 0x0000,
 0x0000,
 0x0000,
 0x0000,
 0x0000,
 0x0000,
 0x0000,
 0x0000,
 0x0000,
 0x0000,
 0x0000,
 0x0000,
 0x0000,
 0x0000,
 0x815f,
 0x0000,
 0x0000,
 0x0000,
 0x0000,
 0x0000,
 0x0000,
 0x0000,
 0x0000,
 0x0000,
 0x0000,
 0x0000,
 0x0000,
 0x0000,
 0x0000,
 0x0000,
 0x0000,
 0x0000,
 0x0000,
 0x0000,
 0x0000,
 0x0000,
 0x0000,
 0x0000,
 0x0000,
 0x0000,
 0x0000,
 0x0000,
 0x0000,
 0x0000,
 0x0000,
 0x0000,
 0x0000,
 0x0000,
 0x0000,
 0x0000,
 0x8180,
 0x0000,
 0x0000,
 0x0000,
 0x0000,
 0x0000,
 0x0000,
 0x0000,
 0x0000,
 0x0000,
 0x0000,
 0x1122,
 0x0000,
 0x0000,
 0x0000,
 0x0000,
 0x0000,
 0x0000,
 0x808c,
 0x0000,
 0x0000,
 0x0000,
 0x0000,
 0x0000,
 0x0000,
 0x0000,
 0x083d,
 0x0000,
 0x0000,
 0x0000,
 0x0000,
 0x0000,
 0x0000,
 0x0000,
 0x0000,
 0x0000,
 0x0000,
 0x0000,
 0x0000,
 0x0000,
 0x0000,
 0x0000,
 0x0000,
 0x0000,
 0x0000,
 0x0000,
 0x0000,
 0x0000,
 0x0000,
 0x0000,
 0x0000,
 0x0000,
 0x0000,
 0x0000,
 0x0000,
 0x0000,
 0x0000,
 0x0000,
 0x0000,
 0x0000,
 0x0000,
 0x0000,
 0x0000,
 0x0000,
 0x0000,
 0x0000,
 0x0000,
 0x0000,
 0x8003,
 0x0000,
 0x0000,
 0x0000,
 0x0000,
 0x0000,
 0x0000,
 0x0000,
 0x0000,
 0x0420,
 0x0000,
 0x0000,
 0x0000,
 0x0000,
 0x0000,
 0x0000,
 0x0000,
 0x0000,
 0x0000,
 0x01a5,
 0x0000,
 0x0000,
 0x8179,
 0x0000,
 0x0000,
 0x0000,
 0x0000,
 0x0000,
 0x0000,
 0x0000,
 0x0000,
 0x0000,
 0x0000,
 0x0000,
 0x0000,
 0x0000,
 0x0000,
 0x0000,
 0x0000,
 0x0000,
 0x0000,
 0x0000,
 0x0000,
 0x0000,
 0x0000,
 0x0000,
 0x0000,
 0x0000,
 0x0000,
 0x0000,
 0x0000,
 0x0000,
 0x0000,
 0x0000,
 0x0000,
 0x0000,
 0x0000,
 0x0000,
 0x0000,
 0x0000,
 0x0000,
 0x0000,
 0x0000,
 0x807e,
 0x0000,
 0x0000,
 0x0000,
 0x0000,
 0x0000,
 0x0000,
 0x0000,
 0x0000,
 0x111a,
 0x0000,
 0x0000,
 0x0000,
 0x0000,
 0x0000,
 0x0000,
 0x0000,
 0x0000,
 0x0000,
 0x0000,
 0x0000,
 0x0000,
 0x111c,
 0x0000,
 0x0000,
 0x0000,
 0x0000,
 0x0000,
 0x0000,
 0x0000,
 0x0000,
 0x0000,
 0x0000,
 0x0000,
 0x0000,
 0x8139,
 0x0000,
 0x0000,
 0x0000,
 0x0000,
 0x0000,
 0x0000,
 0x0000,
 0x0000,
 0x0000,
 0x0000,
 0x0000,
 0x0000,
 0x0000,
 0x0000,
 0x0000,
 0x0000,
 0x0000,
 0x0000,
 0x0000,
 0x0000,
 0x0000,
 0x0000,
 0x0000,
 0x0000,
 0x0000,
 0x0000,
 0x0000,
 0x0000,
 0x0000,
 0x0000,
 0x0000,
 0x0000,
 0x0000,
 0x0000,
 0x0000,
 0x0000,
 0x0000,
 0x0000,
 0x0000,
 0x0000,
 0x0000,
 0x0000,
 0x0000,
 0x0000,
 0x0000,
 0x0000,
 0x0000,
 0x0000,
 0x0000,
 0x0000,
 0x0000,
 0x0000,
 0x0000,
 0x0000,
 0x0000,
 0x0000,
 0x0000,
 0x0000,
 0x0000,
 0x0000,
 0x0000,
 0x0000,
 0x0000,
 0x0000,
 0x0000,
 0x0000,
 0x0000,
 0x0000,
 0x0000,
 0x0000,
 0x0000,
 0x0000,
 0x0000,
 0x0000,
 0x0000,
 0x0000,
 0x0000,
 0x0000,
 0x0000,
 0x0000,
 0x0000,
 0x0000,
 0x0000,
 0x0000,
 0x0000,
 0x0000,
 0x0000,
 0x0000,
 0x0000,
 0x0000,
 0x0000,
 0x0000,
 0x0000,
 0x0000,
 0x0000,
 0x0206,
 0x0000,
 0x0000,
 0x0000,
 0x0000,
 0x0000,
 0x0000,
 0x0000,
 0x0000,
 0x0000,
 0x0000,
 0x0000,
 0x0000,
 0x0000,
 0x0000,
 0x0000,
 0x0000,
 0x0000,
 0x0000,
 0x0000,
 0x0000,
 0x0000,
 0x0000,
 0x0000,
 0x0000,
 0x0000,
 0x0000,
 0x0000,
 0x0000,
 0x0000,
 0x0000,
 0x0000,
 0x0000,
 0x0000,
 0x0000,
 0x0000,
 0x0000,
 0x0000,
 0x0000,
 0x0000,
 0x0000,
 0x0000,
 0x0000,
 0x0000,
 0x0000,
 0x0000,
 0x0000,
 0x0000,
 0x0000,
 0x0000,
 0x0000,
 0x0000,
 0x0000,
 0x0000,
 0x0000,
 0x0000,
 0x0000,
 0x0000,
 0x0000,
 0x0000,
 0x0000,
 0x0000,
 0x0000,
 0x0000,
 0x0000,
 0x0000,
 0x0000,
 0x0000,
 0x0000,
 0x0000,
 0x0000,
 0x0000,
 0x0000,
 0x0000,
 0x0000,
 0x0000,
 0x0000,
 0x0000,
 0x0000,
 0x0000,
 0x0000,
 0x0000,
 0x0000,
 0x0000,
 0x8049,
 0x0000,
 0x0000,
 0x0000,
 0x0000,
 0x0000,
 0x0000,
 0x0000,
 0x0000,
 0x0000,
 0x0000,
 0x0000,
 0x0000,
 0x0000,
 0x0000,
 0x0000,
 0x0000,
 0x0000,
 0x0000,
 0x0000,
 0x0000,
 0x0000,
 0x0000,
 0x0000,
 0x0000,
 0x0000,
 0x0000,
 0x0000,
 0x0000,
 0x0000,
 0x0000,
 0x0000,
 0x0000,
 0x0000,
 0x0000,
 0x0000,
 0x0000,
 0x0000,
 0x0000,
 0x0000,
 0x0000,
 0x0000,
 0x0000,
 0x0000,
 0x0000,
 0x0000,
 0x0000,
 0x0000,
 0x0000,
 0x0000,
 0x0000,
 0x0000,
 0x0000,
 0x0000,
 0x0000,
 0x0000,
 0x0000,
 0x0000,
 0x0000,
 0x0000,
 0x0000,
 0x0000,
 0x0000,
 0x0000,
 0x0000,
 0x0000,
 0x0000,
 0x0000,
 0x0000,
 0x0000,
 0x0000,
 0x0000,
 0x0000,
 0x0000,
 0x0000,
 0x0000,
 0x0000,
 0x0000,
 0x0000,
 0x0000,
 0x0000,
 0x0000,
 0x801b,
 0x0000,
 0x0000,
 0x0000,
 0x0000,
 0x0000,
 0x0000,
 0x0000,
 0x0000,
 0x0000,
 0x0000,
 0x0000,
 0x0000,
 0x0000,
 0x0000,
 0x0000,
 0x0000,
 0x0000,
 0x0000,
 0x0000,
 0x0000,
 0x0000,
 0x0000,
 0x0000,
 0x0000,
 0x0000,
 0x0000,
 0x0000,
 0x0000,
 0x0000,
 0x0000,
 0x0000,
 0x0000,
 0x0000,
 0x0000,
 0x0000,
 0x0000,
 0x0000,
 0x0000,
 0x0000,
 0x0000,
 0x0000,
 0x0000,
 0x0000,
 0x0000,
 0x0000,
 0x0000,
 0x0000,
 0x0000,
 0x0000,
 0x0000,
 0x0000,
 0x0000,
 0x0000,
 0x0000,
 0x0000,
 0x0000,
 0x0000,
 0x80c8,
 0x0469,
 0x0000,
 0x0000,
 0x0000,
 0x0000,
 0x0000,
 0x0000,
 0x0000,
 0x0000,
 0x0000,
 0x0000,
 0x8150,
 0x0000,
 0x0000,
 0x0000,
 0x0000,
 0x0000,
 0x0000,
 0x0000,
 0x0000,
 0x0000,
 0x0000,
 0x0000,
 0x0000,
 0x0000,
 0x0000,
 0x0000,
 0x0000,
 0x0000,
 0x0000,
 0x0000,
 0x0000,
 0x0000,
 0x0000,
 0x0000,
 0x0000,
 0x0000,
 0x0000,
 0x0000,
 0x0000,
 0x0000,
 0x0000,
 0x0000,
 0x0000,
 0x0000,
 0x0000,
 0x0000,
 0x0000,
 0x0000,
 0x0000,
 0x8018,
 0x0000,
 0x0000,
 0x0000,
 0x0000,
 0x0000,
 0x0000,
 0x0000,
 0x0000,
 0x0000,
 0x0000,
 0x0000,
 0x03ff,
 0x0000,
 0x0000,
 0x0000,
 0x0000,
 0x0000,
 0x0000,
 0x0000,
 0x0000,
 0x0000,
 0x0000,
 0x0000,
 0x0000,
 0x0000,
 0x0000,
 0x0000,
 0x8081,
 0x0000,
 0x0000,
 0x0000,
 0x0000,
 0x0000,
 0x0000,
 0x0000,
 0x0000,
 0x0000,
 0x0000,
 0x0000,
 0x0000,
 0x0000,
 0x0000,
 0x0000,
 0x0000,
 0x0000,
 0x0000,
 0x0000,
 0x0000,
 0x0000,
 0x0000,
 0x0000,
 0x0000,
 0x0000,
 0x0000,
 0x0000,
 0x0000,
 0x0000,
 0x0000,
 0x0000,
 0x0000,
 0x0000,
 0x0000,
 0x0000,
 0x8067,
 0x0000,
 0x0000,
 0x0000,
 0x0000,
 0x0000,
 0x0000,
 0x0000,
 0x0000,
 0x0000,
 0x0000,
 0x0000,
 0x0000,
 0x0000,
 0x0000,
 0x0000,
 0x0000,
 0x0000,
 0x0000,
 0x0000,
 0x0000,
 0x0000,
 0x0000,
 0x0000,
 0x0000,
 0x0000,
 0x0000,
 0x0000,
 0x0000,
 0x0000,
 0x0000,
 0x0000,
 0x819f,
 0x0000,
 0x0bd6,
 0x0000,
 0x0000,
 0x0000,
 0x0000,
 0x0000,
 0x0000,
 0x0000,
 0x0000,
 0x0000,
 0x0000,
 0x0000,
 0x0000,
 0x0000,
 0x0000,
 0x0000,
 0x0000,
 0x0000,
 0x0000,
 0x0000,
 0x0000,
 0x0000,
 0x0000,
 0x0000,
 0x0000,
 0x0000,
 0x0000,
 0x0000,
 0x0000,
 0x0000,
 0x0000,
 0x0000,
 0x0000,
 0x0000,
 0x0000,
 0x0000,
 0x0000,
 0x0000,
 0x0000,
 0x0000,
 0x0000,
 0x0000,
 0x0000,
 0x0000,
 0x0000,
 0x0000,
 0x0000,
 0x0000,
 0x0000,
 0x0000,
 0x0000,
 0x0000,
 0x0000,
 0x0000,
 0x0000,
 0x0000,
 0x0000,
 0x0000,
 0x0000,
 0x0000,
 0x0000,
 0x0000,
 0x0000,
 0x0000,
 0x0000,
 0x0000,
 0x0000,
 0x0000,
 0x0000,
 0x0000,
 0x0000,
 0x0000,
 0x0000,
 0x0000,
 0x0000,
 0x0000,
 0x0000,
 0x0000,
 0x0000,
 0x0000,
 0x0000,
 0x0000,
 0x0000,
 0x0000,
 0x0000,
 0x0000,
 0x0000,
 0x0000,
 0x0000,
 0x0000,
 0x0000,
 0x0000,
 0x0000,
 0x0000,
 0x0000,
 0x0000,
 0x0000,
 0x0000,
 0x0000,
 0x0000,
 0x0000,
 0x0000,
 0x0000,
 0x0000,
 0x0000,
 0x0000,
 0x0000,
 0x0000,
 0x0000,
 0x0000,
 0x0000,
 0x0000,
 0x0000,
 0x0000,
 0x0000,
 0x0000,
 0x0000,
 0x0000,
 0x0000,
 0x0000,
 0x0000,
 0x0000,
 0x0000,
 0x0000,
 0x0000,
 0x0000,
 0x0000,
 0x0000,
 0x0000,
 0x0000,
 0x0000,
 0x0000,
 0x0000,
 0x0000,
 0x0000,
 0x0000,
 0x0000,
 0x0000,
 0x0000,
 0x0000,
 0x0000,
 0x0000,
 0x0000,
 0x0000,
 0x0000,
 0x0000,
 0x096b,
 0x0000,
 0x0000,
 0x0000,
 0x0000,
 0x0000,
 0x0000,
 0x0000,
 0x0000,
 0x0000,
 0x0000,
 0x0000,
 0x0000,
 0x0000,
 0x0000,
 0x0000,
 0x0000,
 0x0000,
 0x0000,
 0x0000,
 0x0000,
 0x0000,
 0x0000,
 0x0000,
 0x0000,
 0x0000,
 0x0000,
 0x0000,
 0x0000,
 0x0000,
 0x0000,
 0x0000,
 0x0000,
 0x0000,
 0x0000,
 0x0000,
 0x0000,
 0x0000,
 0x0000,
 0x0000,
 0x0000,
 0x0000,
 0x0000,
 0x0000,
 0x1129,
 0x0000,
 0x0000,
 0x0000,
 0x0000,
 0x0000,
 0x0000,
 0x0000,
 0x0000,
 0x0000,
 0x0000,
 0x0000,
 0x0000,
 0x0000,
 0x0000,
 0x0000,
 0x0000,
 0x0000,
 0x0000,
 0x0000,
 0x0000,
 0x0000,
 0x0000,
 0x0000,
 0x0000,
 0x0000,
 0x0000,
 0x0000,
 0x0000,
 0x0000,
 0x0000,
 0x0000,
 0x0000,
 0x0000,
 0x0000,
 0x0000,
 0x0000,
 0x0000,
 0x0000,
 0x0000,
 0x0000,
 0x0000,
 0x0000,
 0x0000,
 0x0000,
 0x0000,
 0x0000,
 0x0000,
 0x0000,
 0x0000,
 0x0000,
 0x0000,
 0x0000,
 0x0000,
 0x0000,
 0x0000,
 0x0000,
 0x0000,
 0x0000,
 0x0000,
 0x0000,
 0x0000,
 0x0000,
 0x0000,
 0x0000,
 0x0000,
 0x0000,
 0x0000,
 0x0000,
 0x0000,
 0x0000,
 0x0000,
 0x0000,
 0x0000,
 0x0000,
 0x0000,
 0x0000,
 0x0000,
 0x0000,
 0x0000,
 0x0000,
 0x0000,
 0x0000,
 0x0000,
 0x816b,
 0x0000,
 0x0000,
 0x0000,
 0x0000,
 0x0000,
 0x0000,
 0x0000,
 0x0000,
 0x0000,
 0x0000,
 0x0000,
 0x0000,
 0x0000,
 0x0000,
 0x0000,
 0x0000,
 0x0000,
 0x0000,
 0x0000,
 0x0000,
 0x0000,
 0x0000,
 0x0000,
 0x0000,
 0x0000,
 0x0000,
 0x0000,
 0x0000,
 0x0000,
 0x0000,
 0x0000,
 0x0000,
 0x0000,
 0x0000,
 0x0000,
 0x0000,
 0x0000,
 0x0000,
 0x0000,
 0x0000,
 0x0000,
 0x0000,
 0x0000,
 0x0000,
 0x0000,
 0x0000,
 0x0000,
 0x0000,
 0x0000,
 0x0000,
 0x0000,
 0x0000,
 0x0000,
 0x0000,
 0x0000,
 0x0000,
 0x0000,
 0x0000,
 0x0000,
 0x0000,
 0x0000,
 0x0000,
 0x0000,
 0x0000,
 0x0000,
 0x0000,
 0x0000,
 0x0000,
 0x0000,
 0x0000,
 0x0000,
 0x0000,
 0x0000,
 0x0000,
 0x0000,
 0x0000,
 0x0000,
 0x0000,
 0x0000,
 0x0000,
 0x0000,
 0x0000,
 0x0000,
 0x0000,
 0x0000,
 0x0000,
 0x0000,
 0x0000,
 0x0000,
 0x0000,
 0x0000,
 0x0000,
 0x0000,
 0x0000,
 0x0000,
 0x0000,
 0x0000,
 0x0000,
 0x0000,
 0x0000,
 0x0000,
 0x0000,
 0x0000,
 0x0000,
 0x0000,
 0x0000,
 0x0000,
 0x0000,
 0x0000,
 0x0000,
 0x0000,
 0x0000,
 0x0000,
 0x0000,
 0x0000,
 0x10d9,
 0x0000,
 0x0000,
 0x0000,
 0x0000,
 0x0000,
 0x0000,
 0x0000,
 0x0000,
 0x0000,
 0x0000,
 0x0000,
 0x0000,
 0x0000,
 0x0000,
 0x0000,
 0x0000,
 0x0000,
 0x0000,
 0x0000,
 0x0000,
 0x0000,
 0x0000,
 0x0000,
 0x0000,
 0x0000,
 0x0000,
 0x0000,
 0x0000,
 0x0000,
 0x0000,
 0x0000,
 0x0000,
 0x0000,
 0x0000,
 0x0000,
 0x0000,
 0x0000,
 0x0000,
 0x0000,
 0x0000,
 0x0000,
 0x0000,
 0x0000,
 0x0000,
 0x0000,
 0x0000,
 0x0000,
 0x0000,
 0x0000,
 0x0000,
 0x0000,
 0x0000,
 0x0000,
 0x0000,
 0x0000,
 0x0000,
 0x0000,
 0x0000,
 0x0000,
 0x0000,
 0x0000,
 0x0000,
 0x0000,
 0x0000,
 0x0000,
 0x0000,
 0x0000,
 0x0000,
 0x0000,
 0x0000,
 0x0000,
 0x0000,
 0x0000,
 0x0000,
 0x0000,
 0x0000,
 0x0000,
 0x0000,
 0x0000,
 0x0000,
 0x0000,
 0x0000,
 0x0000,
 0x0000,
 0x0000,
 0x0000,
 0x0000,
 0x0000,
 0x0000,
 0x0000,
 0x0000,
 0x0000,
 0x0000,
 0x0000,
 0x0000,
 0x0000,
 0x0000,
 0x0000,
 0x0000,
 0x0000,
 0x0000,
 0x0000,
 0x0000,
 0x0000,
 0x0000,
 0x0000,
 0x0000,
 0x0000,
 0x0000,
 0x0000,
 0x0000,
 0x0000,
 0x0000,
 0x0000,
 0x0000,
 0x0000,
 0x0000,
 0x0000,
 0x0000,
 0x0000,
 0x0000,
 0x0000,
 0x0000,
 0x0000,
 0x0000,
 0x0000,
 0x0000,
 0x0000,
 0x0000,
 0x0000,
 0x0000,
 0x0000,
 0x0000,
 0x01a3,
 0x815b,
 0x0000,
 0x0000,
 0x0000,
 0x0000,
 0x0000,
 0x0000,
 0x0000,
 0x0000,
 0x0000,
 0x0000,
 0x0000,
 0x0000,
 0x0000,
 0x0000,
 0x0000,
 0x0000,
 0x0000,
 0x0000,
 0x0000,
 0x0000,
 0x0000,
 0x0000,
 0x0000,
 0x0000,
 0x0000,
 0x0000,
 0x0000,
 0x8195,
 0x0000,
 0x0000,
 0x0000,
 0x0000,
 0x0000,
 0x0000,
 0x0000,
 0x0000,
 0x0000,
 0x0000,
 0x0000,
 0x0000,
 0x0000,
 0x0000,
 0x0000,
 0x0000,
 0x0000,
 0x0000,
 0x0000,
 0x0000,
 0x0000,
 0x0000,
 0x0000,
 0x0000,
 0x0000,
 0x8129,
 0x0000,
 0x0000,
 0x0000,
 0x0000,
 0x0000,
 0x0000,
 0x0000,
 0x0000,
 0x0000,
 0x0000,
 0x0000,
 0x0000,
 0x0000,
 0x0000,
 0x0000,
 0x0000,
 0x0000,
 0x0000,
 0x0000,
 0x0000,
 0x0000,
 0x0000,
 0x0000,
 0x0000,
 0x0000,
 0x0000,
 0x0000,
 0x0000,
 0x0000,
 0x0000,
 0x0000,
 0x0000,
 0x0000,
 0x0000,
 0x0000,
 0x0000,
 0x0000,
 0x0000,
 0x0000,
 0x0000,
 0x0000,
 0x0000,
 0x0000,
 0x0000,
 0x04bf,
 0x0000,
 0x0000,
 0x0000,
 0x0000,
 0x0000,
 0x0000,
 0x0000,
 0x0000,
 0x0000,
 0x0000,
 0x0000,
 0x0000,
 0x0000,
 0x0000,
 0x0000,
 0x0000,
 0x0000,
 0x0000,
 0x0000,
 0x0000,
 0x0000,
 0x0000,
 0x0000,
 0x0000,
 0x0000,
 0x0000,
 0x0000,
 0x0000,
 0x0000,
 0x0000,
 0x0000,
 0x0000,
 0x0000,
 0x0000,
 0x0000,
 0x0000,
 0x0000,
 0x0000,
 0x0000,
 0x0000,
 0x0000,
 0x0000,
 0x0000,
 0x0000,
 0x0000,
 0x0000,
 0x0000,
 0x0000,
 0x0000,
 0x0000,
 0x0000,
 0x0000,
 0x0000,
 0x0000,
 0x0000,
 0x0000,
 0x0000,
 0x0000,
 0x0000,
 0x0000,
 0x0000,
 0x0000,
 0x0000,
 0x0000,
 0x0000,
 0x800f,
 0x0000,
 0x0000,
 0x0000,
 0x0000,
 0x0000,
 0x0000,
 0x0000,
 0x0000,
 0x0000,
 0x0000,
 0x0000,
 0x0000,
 0x0000,
 0x0000,
 0x0000,
 0x0000,
 0x0000,
 0x8005,
 0x0000,
 0x0000,
 0x0000,
 0x0000,
 0x0000,
 0x0000,
 0x0000,
 0x0000,
 0x0000,
 0x0000,
 0x0000,
 0x0000,
 0x0000,
 0x0000,
 0x0000,
 0x0000,
 0x0000,
 0x0000,
 0x0000,
 0x0000,
 0x0000,
 0x015b,
 0x0000,
 0x0000,
 0x0000,
 0x0000,
 0x0000,
 0x0000,
 0x0000,
 0x0000,
 0x0000,
 0x0000,
 0x0000,
 0x0000,
 0x0000,
 0x0000,
 0x0000,
 0x0000,
 0x0000,
 0x0000,
 0x0000,
 0x0000,
 0x0000,
 0x0000,
 0x0000,
 0x0000,
 0x0000,
 0x0000,
 0x0000,
 0x0000,
 0x0000,
 0x0000,
 0x0000,
 0x0000,
 0x0000,
 0x0000,
 0x0000,
 0x0000,
 0x0000,
 0x0000,
 0x0000,
 0x0000,
 0x0000,
 0x0000,
 0x0000,
 0x0000,
 0x0000,
 0x0000,
 0x0000,
 0x0000,
 0x0000,
 0x0000,
 0x0000,
 0x0000,
 0x0000,
 0x0000,
 0x0000,
 0x0000,
 0x0000,
 0x0000,
 0x0000,
 0x0000,
 0x0000,
 0x0000,
 0x0000,
 0x0000,
 0x0000,
 0x0000,
 0x0000,
 0x0000,
 0x0000,
 0x0000,
 0x0000,
 0x0000,
 0x0000,
 0x0000,
 0x0980,
 0x0000,
 0x0000,
 0x0000,
 0x0000,
 0x0000,
 0x0000,
 0x0000,
 0x0000,
 0x0000,
 0x0000,
 0x0000,
 0x0000,
 0x0000,
 0x0000,
 0x0000,
 0x0000,
 0x0000,
 0x0000,
 0x0000,
 0x0000,
 0x0000,
 0x0000,
 0x0000,
 0x0000,
 0x0000,
 0x0000,
 0x0000,
 0x0000,
 0x0000,
 0x0000,
 0x8152,
 0x0000,
 0x0000,
 0x0000,
 0x0000,
 0x0000,
 0x0000,
 0x0000,
 0x0000,
 0x0000,
 0x0000,
 0x0000,
 0x0000,
 0x0000,
 0x0000,
 0x0000,
 0x0000,
 0x0000,
 0x0000,
 0x0000,
 0x0000,
 0x0000,
 0x09a9,
 0x8186,
 0x0000,
 0x0000,
 0x0000,
 0x0000,
 0x0000,
 0x0000,
 0x0000,
 0x0000,
 0x0000,
 0x0000,
 0x0000,
 0x0000,
 0x0000,
 0x0000,
 0x0000,
 0x0000,
 0x0000,
 0x0000,
 0x0000,
 0x0000,
 0x0000,
 0x0000,
 0x0000,
 0x0000,
 0x0000,
 0x0000,
 0x0000,
 0x0000,
 0x0000,
 0x0000,
 0x0000,
 0x0000,
 0x0000,
 0x0000,
 0x0000,
 0x0000,
 0x0000,
 0x0000,
 0x0000,
 0x0000,
 0x0000,
 0x0000,
 0x0000,
 0x0000,
 0x0000,
 0x0000,
 0x0000,
 0x0000,
 0x022a,
 0x0000,
 0x0000,
 0x0000,
 0x0000,
 0x0000,
 0x0000,
 0x0000,
 0x0000,
 0x0000,
 0x0000,
 0x0000,
 0x0000,
 0x0000,
 0x0000,
 0x0000,
 0x0000,
 0x0000,
 0x0000,
 0x0000,
 0x0000,
 0x0000,
 0x0000,
 0x0000,
 0x0000,
 0x0000,
 0x0000,
 0x0000,
 0x0000,
 0x0000,
 0x0000,
 0x0000,
 0x0000,
 0x0000,
 0x0000,
 0x0000,
 0x0000,
 0x0000,
 0x0000,
 0x0000,
 0x0000,
 0x0000,
 0x0000,
 0x0000,
 0x0000,
 0x0213,
 0x0000,
 0x0000,
 0x0000,
 0x0000,
 0x0000,
 0x0000,
 0x0000,
 0x0000,
 0x0000,
 0x0000,
 0x0000,
 0x0000,
 0x0000,
 0x0000,
 0x0000,
 0x0000,
 0x0000,
 0x0000,
 0x0000,
 0x0000,
 0x0000,
 0x0000,
 0x0000,
 0x0000,
 0x0000,
 0x0000,
 0x0000,
 0x0000,
 0x0000,
 0x0000,
 0x0000,
 0x0000,
 0x0000,
 0x0000,
 0x0000,
 0x0000,
 0x0000,
 0x0be3,
 0x0000,
 0x0000,
 0x801d,
 0x0000,
 0x0000,
 0x0000,
 0x0000,
 0x0000,
 0x0000,
 0x0000,
 0x0000,
 0x0000,
 0x0000,
 0x0000,
 0x0000,
 0x0000,
 0x0000,
 0x0000,
 0x0000,
 0x0000,
 0x0000,
 0x0000,
 0x0000,
 0x0000,
 0x0000,
 0x0000,
 0x0000,
 0x0000,
 0x0000,
 0x019b,
 0x0000,
 0x0000,
 0x0000,
 0x0000,
 0x0000,
 0x0000,
 0x0000,
 0x0000,
 0x0000,
 0x0197,
 0x0000,
 0x0000,
 0x0000,
 0x0000,
 0x0000,
 0x0000,
 0x0000,
 0x0000,
 0x0000,
 0x0000,
 0x0000,
 0x0000,
 0x0000,
 0x0000,
 0x0000,
 0x0000,
 0x0000,
 0x0000,
 0x0000,
 0x0000,
 0x0000,
 0x0000,
 0x0000,
 0x0000,
 0x0000,
 0x0000,
 0x0000,
 0x0000,
 0x0000,
 0x0000,
 0x0000,
 0x0000,
 0x0000,
 0x0000,
 0x0000,
 0x0000,
 0x0000,
 0x0000,
 0x0000,
 0x0000,
 0x0b0f,
 0x0000,
 0x0000,
 0x0000,
 0x0000,
 0x0000,
 0x0000,
 0x0000,
 0x0000,
 0x0000,
 0x0000,
 0x0000,
 0x0000,
 0x0000,
 0x0000,
 0x0000,
 0x0000,
 0x0000,
 0x0000,
 0x0000,
 0x0000,
 0x0000,
 0x0000,
 0x0000,
 0x0000,
 0x0000,
 0x0000,
 0x0000,
 0x0000,
 0x0000,
 0x0000,
 0x0000,
 0x0000,
 0x0000,
 0x0000,
 0x0000,
 0x0000,
 0x0000,
 0x0000,
 0x0000,
 0x0000,
 0x0000,
 0x0000,
 0x0000,
 0x0000,
 0x0000,
 0x0000,
 0x0000,
 0x0000,
 0x0000,
 0x0000,
 0x08ca,
 0x0000,
 0x0000,
 0x0000,
 0x0000,
 0x0000,
 0x0000,
 0x0000,
 0x0000,
 0x0000,
 0x0000,
 0x0000,
 0x0000,
 0x0000,
 0x0000,
 0x0000,
 0x0000,
 0x0000,
 0x0000,
 0x0000,
 0x0000,
 0x0000,
 0x0000,
 0x0000,
 0x0000,
 0x0000,
 0x0000,
 0x0000,
 0x0000,
 0x0000,
 0x0000,
 0x0000,
 0x0000,
 0x0000,
 0x0000,
 0x0000,
 0x0000,
 0x0000,
 0x0000,
 0x0000,
 0x0000,
 0x0000,
 0x0000,
 0x0000,
 0x0000,
 0x0000,
 0x0000,
 0x0000,
 0x0000,
 0x0000,
 0x0000,
 0x0000,
 0x0000,
 0x0000,
 0x0000,
 0x0000,
 0x0000,
 0x0000,
 0x0000,
 0x0000,
 0x0000,
 0x0000,
 0x0000,
 0x0000,
 0x0000,
 0x0000,
 0x0000,
 0x0000,
 0x0000,
 0x0000,
 0x0000,
 0x0000,
 0x0000,
 0x0000,
 0x0000,
 0x0000,
 0x0000,
 0x0000,
 0x0000,
 0x0000,
 0x0000,
 0x0000,
 0x0000,
 0x0000,
 0x0000,
 0x0000,
 0x8007,
 0x0000,
 0x0000,
 0x0000,
 0x0000,
 0x0000,
 0x0000,
 0x0000,
 0x0000,
 0x0000,
 0x0000,
 0x0000,
 0x0000,
 0x0000,
 0x0000,
 0x0000,
 0x0000,
 0x0000,
 0x0000,
 0x0000,
 0x0000,
 0x0000,
 0x0000,
 0x0000,
 0x0000,
 0x0000,
 0x0000,
 0x0000,
 0x0000,
 0x0000,
 0x0000,
 0x0000,
 0x0000,
 0x0000,
 0x0000,
 0x0000,
 0x0000,
 0x0000,
 0x0000,
 0x0000,
 0x0000,
 0x0000,
 0x0000,
 0x0000,
 0x0000,
 0x0000,
 0x0000,
 0x0000,
 0x0000,
 0x0000,
 0x0000,
 0x0000,
 0x0000,
 0x0000,
 0x0000,
 0x0000,
 0x0000,
 0x0000,
 0x0000,
 0x0000,
 0x0000,
 0x0000,
 0x0000,
 0x0000,
 0x0000,
 0x0000,
 0x0000,
 0x0000,
 0x0000,
 0x0000,
 0x0000,
 0x0000,
 0x0000,
 0x0000,
 0x0000,
 0x0000,
 0x0000,
 0x0000,
 0x0000,
 0x0000,
 0x0000,
 0x0000,
 0x0000,
 0x0000,
 0x0000,
 0x0000,
 0x0000,
 0x0000,
 0x0000,
 0x0000,
 0x0000,
 0x0000,
 0x0000,
 0x0000,
 0x0000,
 0x0000,
 0x0000,
 0x0000,
 0x0000,
 0x0000,
 0x0000,
 0x0000,
 0x0000,
 0x0000,
 0x0000,
 0x0000,
 0x0000,
 0x0000,
 0x0000,
 0x0000,
 0x0000,
 0x0000,
 0x0000,
 0x0000,
 0x0000,
 0x0000,
 0x0000,
 0x0000,
 0x0000,
 0x0000,
 0x0000,
 0x0000,
 0x0000,
 0x0000,
 0x0000,
 0x0000,
 0x0000,
 0x0000,
 0x0000,
 0x0000,
 0x0000,
 0x0000,
 0x0000,
 0x0000,
 0x0000,
 0x0000,
 0x0000,
 0x074b,
 0x0000,
 0x0000,
 0x0000,
 0x0000,
 0x0000,
 0x0000,
 0x0000,
 0x0000,
 0x0000,
 0x0000,
 0x0000,
 0x0000,
 0x0000,
 0x0000,
 0x0000,
 0x0000,
 0x0000,
 0x0000,
 0x0000,
 0x0000,
 0x0000,
 0x0000,
 0x0000,
 0x0000,
 0x0000,
 0x0000,
 0x0000,
 0x8047,
 0x0000,
 0x0000,
 0x0000,
 0x0000,
 0x0000,
 0x0000,
 0x0000,
 0x0000,
 0x0000,
 0x0000,
 0x0000,
 0x0000,
 0x80f0,
 0x0000,
 0x0000,
 0x0000,
 0x0000,
 0x0000,
 0x0000,
 0x0000,
 0x0000,
 0x0000,
 0x0000,
 0x0000,
 0x0000,
 0x0000,
 0x0000,
 0x0000,
 0x0000,
 0x0000,
 0x0000,
 0x0000,
 0x0000,
 0x0000,
 0x0000,
 0x0000,
 0x0000,
 0x0000,
 0x0000,
 0x0000,
 0x0000,
 0x0000,
 0x0000,
 0x0000,
 0x0000,
 0x0000,
 0x0000,
 0x0000,
 0x0000,
 0x0000,
 0x0000,
 0x0000,
 0x0000,
 0x0000,
 0x0000,
 0x0000,
 0x0000,
 0x0000,
 0x0000,
 0x0000,
 0x0000,
 0x0000,
 0x0000,
 0x0000,
 0x0000,
 0x0000,
 0x0445,
 0x0000,
 0x0000,
 0x0000,
 0x0000,
 0x0000,
 0x0000,
 0x0000,
 0x0000,
 0x0000,
 0x0000,
 0x0000,
 0x0000,
 0x0000,
 0x0000,
 0x0000,
 0x0000,
 0x0000,
 0x0000,
 0x0000,
 0x0000,
 0x0000,
 0x0000,
 0x0000,
 0x0000,
 0x0000,
 0x0000,
 0x0000,
 0x0000,
 0x0000,
 0x0000,
 0x0000,
 0x0000,
 0x0000,
 0x0000,
 0x0000,
 0x0000,
 0x097e,
 0x0000,
 0x0000,
 0x0000,
 0x0000,
 0x0000,
 0x0000,
 0x0000,
 0x0000,
 0x0000,
 0x0000,
 0x0000,
 0x0000,
 0x0000,
 0x0000,
 0x0000,
 0x0000,
 0x0000,
 0x0000,
 0x0000,
 0x0000,
 0x0000,
 0x0000,
 0x0000,
 0x0000,
 0x0000,
 0x0000,
 0x808d,
 0x0000,
 0x0000,
 0x0000,
 0x0000,
 0x0000,
 0x0000,
 0x0000,
 0x0000,
 0x0000,
 0x0000,
 0x0000,
 0x0000,
 0x0000,
 0x0000,
 0x0000,
 0x0000,
 0x0000,
 0x0000,
 0x0000,
 0x0000,
 0x0000,
 0x0000,
 0x0000,
 0x0000,
 0x0000,
 0x0000,
 0x0000,
 0x0000,
 0x0000,
 0x0000,
 0x0000,
 0x0000,
 0x0000,
 0x0000,
 0x0000,
 0x0000,
 0x0000,
 0x0000,
 0x0000,
 0x0000,
 0x0000,
 0x0000,
 0x0000,
 0x0000,
 0x0000,
 0x0000,
 0x0000,
 0x0000,
 0x0000,
 0x0000,
 0x0000,
 0x0000,
 0x0000,
 0x0000,
 0x0000,
 0x0000,
 0x0000,
 0x0000,
 0x0000,
 0x0000,
 0x0000,
 0x0000,
 0x0000,
 0x0000,
 0x0000,
 0x0000,
 0x0000,
 0x0000,
 0x0000,
 0x0000,
 0x0000,
 0x0000,
 0x0000,
 0x0000,
 0x0000,
 0x0000,
 0x0000,
 0x0000,
 0x0000,
 0x0000,
 0x0000,
 0x0000,
 0x0000,
 0x0000,
 0x0000,
 0x0000,
 0x0000,
 0x0000,
 0x0000,
 0x0000,
 0x0000,
 0x0000,
 0x0000,
 0x0000,
 0x0000,
 0x0000,
 0x0000,
 0x0000,
 0x0000,
 0x0000,
 0x0000,
 0x0000,
 0x0000,
 0x0000,
 0x0000,
 0x0000,
 0x0000,
 0x0000,
 0x0000,
 0x0000,
 0x0000,
 0x0000,
 0x0000,
 0x0000,
 0x0000,
 0x0000,
 0x0000,
 0x0000,
 0x0000,
 0x0000,
 0x0000,
 0x0000,
 0x0417,
 0x0000,
 0x0000,
 0x0000,
 0x0000,
 0x0000,
 0x0000,
 0x0000,
 0x0000,
 0x0000,
 0x0000,
 0x0000,
 0x0000,
 0x0000,
 0x0000,
 0x0000,
 0x0000,
 0x0000,
 0x0000,
 0x0000,
 0x0000,
 0x0000,
 0x0000,
 0x0000,
 0x0000,
 0x0000,
 0x0000,
 0x0000,
 0x0000,
 0x0000,
 0x0000,
 0x0000,
 0x0000,
 0x0000,
 0x0000,
 0x0000,
 0x0000,
 0x0000,
 0x0000,
 0x0000,
 0x0000,
 0x0000,
 0x0000,
 0x0000,
 0x0000,
 0x0000,
 0x0000,
 0x0000,
 0x0000,
 0x0000,
 0x0000,
 0x0000,
 0x0000,
 0x0000,
 0x0000,
 0x0000,
 0x0000,
 0x0000,
 0x0000,
 0x0000,
 0x0000,
 0x0000,
 0x0000,
 0x0000,
 0x0000,
 0x0000,
 0x0000,
 0x0000,
 0x0000,
 0x0000,
 0x0000,
 0x0000,
 0x0000,
 0x0000,
 0x0000,
 0x0000,
 0x0000,
 0x0000,
 0x0000,
 0x0000,
 0x0000,
 0x0000,
 0x0000,
 0x0000,
 0x0000,
 0x0000,
 0x0000,
 0x0000,
 0x0000,
 0x0000,
 0x0000,
 0x0000,
 0x0000,
 0x0000,
 0x0000,
 0x0000,
 0x0000,
 0x0000,
 0x0000,
 0x0000,
 0x0000,
 0x0000,
 0x0000,
 0x0000,
 0x0000,
 0x0000,
 0x0000,
 0x0000,
 0x0000,
 0x0000,
 0x0000,
 0x0000,
 0x0000,
 0x0000,
 0x0000,
 0x0000,
 0x0000,
 0x0000,
 0x0000,
 0x0000,
 0x0000,
 0x0000,
 0x0000,
 0x0000,
 0x0000,
 0x0000,
 0x0000,
 0x0000,
 0x0000,
 0x0000,
 0x0000,
 0x0000,
 0x099f,
 0x0000,
 0x0000,
 0x0000,
 0x0000,
 0x0000,
 0x0000,
 0x0000,
 0x0000,
 0x0000,
 0x0000,
 0x0000,
 0x0000,
 0x0000,
 0x0000,
 0x0000,
 0x0000,
 0x0000,
 0x0000,
 0x0000,
 0x0000,
 0x0000,
 0x0000,
 0x0000,
 0x0000,
 0x0000,
 0x0000,
 0x8039,
 0x81ac,
 0x0000,
 0x0000,
 0x0000,
 0x0000,
 0x0000,
 0x0000,
 0x0000,
 0x0000,
 0x0000,
 0x0000,
 0x0000,
 0x0000,
 0x0000,
 0x0000,
 0x0000,
 0x0000,
 0x0000,
 0x0000,
 0x0000,
 0x0000,
 0x0000,
 0x0000,
 0x0000,
 0x0000,
 0x0000,
 0x0000,
 0x0000,
 0x049b,
 0x0000,
 0x0000,
 0x0000,
 0x0000,
 0x80b8,
 0x0000,
 0x0000,
 0x0000,
 0x0000,
 0x0000,
 0x0000,
 0x0000,
 0x0000,
 0x0000,
 0x0000,
 0x0000,
 0x0000,
 0x0000,
 0x0000,
 0x0000,
 0x0000,
 0x0000,
 0x0000,
 0x0000,
 0x0000,
 0x0000,
 0x0000,
 0x0000,
 0x0000,
 0x0000,
 0x0000,
 0x0000,
 0x0000,
 0x0000,
 0x0000,
 0x0000,
 0x0000,
 0x0838,
 0x0000,
 0x0000,
 0x0000,
 0x0000,
 0x0000,
 0x0000,
 0x0000,
 0x0000,
 0x0000,
 0x0000,
 0x0000,
 0x0000,
 0x0000,
 0x0000,
 0x0000,
 0x0000,
 0x0000,
 0x0000,
 0x0000,
 0x0000,
 0x0000,
 0x0000,
 0x0000,
 0x0000,
 0x0000,
 0x0000,
 0x0000,
 0x0000,
 0x0000,
 0x0000,
 0x0000,
 0x0000,
 0x0000,
 0x0000,
 0x806e,
 0x0000,
 0x0000,
 0x0000,
 0x0000,
 0x0000,
 0x0000,
 0x0000,
 0x0000,
 0x0000,
 0x0000,
 0x0000,
 0x0000,
 0x0000,
 0x0000,
 0x0000,
 0x0000,
 0x0000,
 0x0000,
 0x0000,
 0x0000,
 0x0000,
 0x0000,
 0x0000,
 0x0000,
 0x0000,
 0x0000,
 0x0000,
 0x0000,
 0x0000,
 0x0000,
 0x0000,
 0x0000,
 0x0000,
 0x0000,
 0x0000,
 0x0000,
 0x0000,
 0x0000,
 0x0000,
 0x0000,
 0x0000,
 0x0000,
 0x0000,
 0x0000,
 0x0000,
 0x0000,
 0x0000,
 0x0000,
 0x0000,
 0x0000,
 0x0000,
 0x0000,
 0x0000,
 0x0000,
 0x0000,
 0x80e3,
 0x0000,
 0x0000,
 0x0000,
 0x0000,
 0x0000,
 0x0000,
 0x0000,
 0x0000,
 0x0000,
 0x0000,
 0x0000,
 0x0000,
 0x0000,
 0x0000,
 0x0000,
 0x0000,
 0x0000,
 0x0000,
 0x0000,
 0x0000,
 0x0000,
 0x0000,
 0x0000,
 0x0000,
 0x0000,
 0x0000,
 0x0000,
 0x0000,
 0x80a3,
 0x0000,
 0x0000,
 0x0000,
 0x0000,
 0x0000,
 0x0000,
 0x0000,
 0x0000,
 0x0000,
 0x0000,
 0x0000,
 0x0000,
 0x0000,
 0x0000,
 0x0000,
 0x0000,
 0x0000,
 0x0000,
 0x0000,
 0x0000,
 0x0000,
 0x0000,
 0x0000,
 0x0000,
 0x0000,
 0x0000,
 0x0c14,
 0x09ab,
 0x0000,
 0x0000,
 0x0000,
 0x0000,
 0x0000,
 0x0000,
 0x0000,
 0x0000,
 0x0000,
 0x0000,
 0x0000,
 0x0000,
 0x0000,
 0x0000,
 0x0000,
 0x8065,
 0x0000,
 0x0000,
 0x0000,
 0x0000,
 0x0000,
 0x0000,
 0x0000,
 0x0000,
 0x0000,
 0x0000,
 0x0000,
 0x0000,
 0x0000,
 0x0000,
 0x0000,
 0x0000,
 0x0000,
 0x0000,
 0x0762,
 0x0000,
 0x0000,
 0x0000,
 0x0000,
 0x0000,
 0x0000,
 0x0000,
 0x0000,
 0x0000,
 0x0000,
 0x0000,
 0x0000,
 0x0000,
 0x0000,
 0x0000,
 0x0000,
 0x0000,
 0x0000,
 0x0000,
 0x0000,
 0x819c,
 0x0000,
 0x0000,
 0x0000,
 0x0000,
 0x0000,
 0x0000,
 0x0000,
 0x0000,
 0x0000,
 0x0000,
 0x0000,
 0x0000,
 0x0000,
 0x0000,
 0x0000,
 0x0000,
 0x0000,
 0x0000,
 0x0000,
 0x0000,
 0x0000,
 0x0000,
 0x0000,
 0x0000,
 0x0000,
 0x0000,
 0x0000,
 0x0000,
 0x0000,
 0x0000,
 0x0000,
 0x0000,
 0x0000,
 0x0000,
 0x0000,
 0x0000,
 0x0000,
 0x0000,
 0x8099,
 0x0000,
 0x0000,
 0x0000,
 0x0000,
 0x0000,
 0x0000,
 0x0000,
 0x0000,
 0x0000,
 0x0000,
 0x0000,
 0x0000,
 0x0000,
 0x0000,
 0x0000,
 0x0000,
 0x0000,
 0x0000,
 0x0000,
 0x80fd,
 0x0000,
 0x0000,
 0x0000,
 0x0000,
 0x0000,
 0x0000,
 0x0000,
 0x0000,
 0x0000,
 0x0000,
 0x0000,
 0x0000,
 0x0000,
 0x0000,
 0x0000,
 0x0000,
 0x0000,
 0x0000,
 0x0000,
 0x0000,
 0x0000,
 0x0000,
 0x0000,
 0x0000,
 0x0000,
 0x0000,
 0x0000,
 0x0000,
 0x0000,
 0x0000,
 0x0000,
 0x0000,
 0x0000,
 0x0000,
 0x0000,
 0x0000,
 0x0000,
 0x0000,
 0x0000,
 0x0000,
 0x0000,
 0x0000,
 0x0000,
 0x0000,
 0x0000,
 0x0000,
 0x0000,
 0x0000,
 0x0000,
 0x0000,
 0x0000,
 0x0000,
 0x0000,
 0x0000,
 0x0000,
 0x0000,
 0x0000,
 0x0000,
 0x0000,
 0x0000,
 0x0000,
 0x0000,
 0x0000,
 0x0000,
 0x0000,
 0x0000,
 0x0000,
 0x0000,
 0x0000,
 0x0000,
 0x0000,
 0x0000,
 0x0000,
 0x0000,
 0x0000,
 0x0000,
 0x0000,
 0x0000,
 0x0000,
 0x0000,
 0x0000,
 0x8088,
 0x0000,
 0x0000,
 0x0000,
 0x0000,
 0x0000,
 0x0000,
 0x0000,
 0x0000,
 0x0000,
 0x0000,
 0x0000,
 0x0000,
 0x0000,
 0x0000,
 0x0000,
 0x0000,
 0x0000,
 0x0000,
 0x0000,
 0x0000,
 0x0000,
 0x0000,
 0x0000,
 0x0000,
 0x0000,
 0x0000,
 0x0000,
 0x0000,
 0x0000,
 0x0000,
 0x0000,
 0x0000,
 0x0000,
 0x0000,
 0x0000,
 0x0000,
 0x0000,
 0x0000,
 0x0000,
 0x0000,
 0x8140,
 0x0000,
 0x0000,
 0x0000,
 0x0000,
 0x0000,
 0x0802,
 0x0000,
 0x0000,
 0x0000,
 0x0000,
 0x0000,
 0x0000,
 0x0000,
 0x0000,
 0x0000,
 0x0000,
 0x0000,
 0x0000,
 0x802c,
 0x0000,
 0x0000,
 0x0000,
 0x0000,
 0x0000,
 0x0000,
 0x0000,
 0x0000,
 0x0000,
 0x0000,
 0x0000,
 0x0000,
 0x0000,
 0x0000,
 0x0000,
 0x0000,
 0x0000,
 0x0000,
 0x0000,
 0x0000,
 0x0000,
 0x0000,
 0x0000,
 0x0000,
 0x0000,
 0x0000,
 0x0000,
 0x0000,
 0x0000,
 0x0000,
 0x0000,
 0x0000,
 0x0000,
 0x0000,
 0x0000,
 0x0000,
 0x0000,
 0x0000,
 0x0000,
 0x80cf,
 0x0000,
 0x0000,
 0x0000,
 0x0000,
 0x0000,
 0x0000,
 0x0000,
 0x0000,
 0x0000,
 0x0000,
 0x0000,
 0x0000,
 0x0000,
 0x0000,
 0x0000,
 0x0000,
 0x0000,
 0x0000,
 0x0000,
 0x0000,
 0x81a2,
 0x0000,
 0x0000,
 0x0000,
 0x0000,
 0x0000,
 0x0000,
 0x0000,
 0x0000,
 0x0000,
 0x0000,
 0x0000,
 0x0000,
 0x0000,
 0x0000,
 0x0000,
 0x0000,
 0x0000,
 0x0000,
 0x0000,
 0x0000,
 0x0000,
 0x0000,
 0x0000,
 0x0000,
 0x0000,
 0x0000,
 0x0000,
 0x0000,
 0x0000,
 0x0000,
 0x0000,
 0x0000,
 0x0000,
 0x0000,
 0x0000,
 0x80d5,
 0x0000,
 0x0000,
 0x0000,
 0x0000,
 0x0000,
 0x0000,
 0x0000,
 0x0000,
 0x0000,
 0x0000,
 0x0000,
 0x0000,
 0x0000,
 0x0000,
 0x0000,
 0x0000,
 0x0000,
 0x0000,
 0x0000,
 0x0000,
 0x0000,
 0x0000,
 0x0000,
 0x0000,
 0x0000,
 0x0000,
 0x0000,
 0x8123,
 0x0000,
 0x0000,
 0x0000,
 0x0000,
 0x0000,
 0x0000,
 0x0000,
 0x0000,
 0x0000,
 0x0000,
 0x0000,
 0x0000,
 0x0000,
 0x0000,
 0x0000,
 0x07ec,
 0x0000,
 0x0000,
 0x0000,
 0x0000,
 0x0000,
 0x0000,
 0x0000,
 0x0000,
 0x0000,
 0x0000,
 0x0000,
 0x0000,
 0x0000,
 0x0000,
 0x0000,
 0x0000,
 0x0000,
 0x07f9,
 0x0000,
 0x0000,
 0x0000,
 0x0000,
 0x0000,
 0x0000,
 0x0000,
 0x0000,
 0x0000,
 0x0000,
 0x0000,
 0x0000,
 0x0000,
 0x0000,
 0x0000,
 0x0000,
 0x0000,
 0x0000,
 0x0000,
 0x0000,
 0x0000,
 0x814c,
 0x0000,
 0x0000,
 0x0000,
 0x0000,
 0x0000,
 0x0000,
 0x0000,
 0x0000,
 0x0000,
 0x0000,
 0x0000,
 0x0000,
 0x0000,
 0x0000,
 0x0000,
 0x0000,
 0x0000,
 0x0000,
 0x0000,
 0x0000,
 0x0000,
 0x0000,
 0x0000,
 0x0000,
 0x0000,
 0x0000,
 0x0000,
 0x0000,
 0x0000,
 0x0000,
 0x0000,
 0x0000,
 0x0000,
 0x0000,
 0x0000,
 0x0000,
 0x0000,
 0x0000,
 0x0000,
 0x0000,
 0x0000,
 0x0000,
 0x0000,
 0x0000,
 0x0000,
 0x0000,
 0x0000,
 0x0000,
 0x0000,
 0x0000,
 0x0000,
 0x0000,
 0x0000,
 0x0000,
 0x0000,
 0x0000,
 0x0000,
 0x0000,
 0x0000,
 0x0000,
 0x0000,
 0x0000,
 0x0000,
 0x0000,
 0x0000,
 0x0000,
 0x0000,
 0x0000,
 0x0000,
 0x0000,
 0x0000,
 0x0000,
 0x0000,
 0x0000,
 0x0000,
 0x0000,
 0x0000,
 0x0000,
 0x0000,
 0x0000,
 0x0000,
 0x0000,
 0x0000,
 0x0000,
 0x0000,
 0x0000,
 0x0000,
 0x0000,
 0x0000,
 0x0000,
 0x0000,
 0x0000,
 0x0000,
 0x0000,
 0x0000,
 0x0000,
 0x0000,
 0x0000,
 0x0000,
 0x0000,
 0x0750,
 0x0000,
 0x0000,
 0x0000,
 0x0000,
 0x0000,
 0x0000,
 0x0000,
 0x0000,
 0x0000,
 0x0000,
 0x0000,
 0x0000,
 0x0000,
 0x0000,
 0x0000,
 0x0000,
 0x0000,
 0x0000,
 0x0000,
 0x0000,
 0x0000,
 0x0000,
 0x0000,
 0x0000,
 0x0000,
 0x0000,
 0x0000,
 0x0000,
 0x0000,
 0x0000,
 0x0000,
 0x0000,
 0x0000,
 0x0000,
 0x0000,
 0x0000,
 0x0000,
 0x0000,
 0x0000,
 0x0000,
 0x0000,
 0x0000,
 0x0000,
 0x0000,
 0x0000,
 0x0000,
 0x0000,
 0x0000,
 0x0000,
 0x0000,
 0x0000,
 0x0000,
 0x0000,
 0x0000,
 0x0000,
 0x0000,
 0x0000,
 0x0000,
 0x0000,
 0x0000,
 0x0000,
 0x0000,
 0x0000,
 0x0000,
 0x0000,
 0x0000,
 0x0000,
 0x0000,
 0x0000,
 0x0000,
 0x0000,
 0x0000,
 0x0000,
 0x0000,
 0x0000,
 0x0000,
 0x0000,
 0x0000,
 0x0000,
 0x0000,
 0x0000,
 0x0000,
 0x0000,
 0x0000,
 0x0000,
 0x0000,
 0x0000,
 0x0000,
 0x0000,
 0x0000,
 0x0000,
 0x0000,
 0x0000,
 0x0000,
 0x0000,
 0x0000,
 0x0000,
 0x0000,
 0x0000,
 0x0000,
 0x0000,
 0x0000,
 0x0000,
 0x0000,
 0x0000,
 0x0000,
 0x0000,
 0x0000,
 0x0000,
 0x0000,
 0x0000,
 0x0000,
 0x0000,
 0x0000,
 0x0000,
 0x0000,
 0x0000,
 0x0000,
 0x0000,
 0x0000,
 0x0bed,
 0x0000,
 0x0000,
 0x0000,
 0x0000,
 0x0000,
 0x0000,
 0x0000,
 0x0000,
 0x0000,
 0x0000,
 0x0000,
 0x0000,
 0x0000,
 0x0000,
 0x0000,
 0x0000,
 0x0000,
 0x0000,
 0x0000,
 0x0000,
 0x0000,
 0x0000,
 0x0000,
 0x0000,
 0x0000,
 0x0000,
 0x0000,
 0x0000,
 0x0000,
 0x0000,
 0x0000,
 0x0000,
 0x0000,
 0x0000,
 0x0000,
 0x0000,
 0x0000,
 0x0000,
 0x0000,
 0x0000,
 0x0000,
 0x0000,
 0x0000,
 0x0000,
 0x0000,
 0x0000,
 0x0000,
 0x0000,
 0x0000,
 0x0000,
 0x0000,
 0x0000,
 0x0000,
 0x0000,
 0x0000,
 0x0000,
 0x0000,
 0x0000,
 0x0000,
 0x0000,
 0x0000,
 0x0000,
 0x0000,
 0x0000,
 0x0000,
 0x0000,
 0x0000,
 0x0000,
 0x0000,
 0x0000,
 0x0000,
 0x0000,
 0x0000,
 0x0000,
 0x0000,
 0x0000,
 0x0000,
 0x0000,
 0x0000,
 0x8149,
 0x0000,
 0x0000,
 0x0000,
 0x0000,
 0x0000,
 0x0000,
 0x0000,
 0x0000,
 0x0000,
 0x0000,
 0x0000,
 0x0000,
 0x0000,
 0x0000,
 0x0000,
 0x0000,
 0x0000,
 0x0000,
 0x0000,
 0x0000,
 0x0000,
 0x0000,
 0x0000,
 0x0000,
 0x0000,
 0x0000,
 0x0000,
 0x0000,
 0x0000,
 0x0000,
 0x0000,
 0x0000,
 0x0000,
 0x0000,
 0x0000,
 0x0000,
 0x0000,
 0x0000,
 0x0000,
 0x0000,
 0x0000,
 0x0000,
 0x0000,
 0x0000,
 0x0000,
 0x0000,
 0x0000,
 0x0000,
 0x0000,
 0x0000,
 0x0000,
 0x0000,
 0x0000,
 0x0000,
 0x0000,
 0x0000,
 0x0000,
 0x0000,
 0x0000,
 0x0000,
 0x0000,
 0x0000,
 0x0000,
 0x0000,
 0x0000,
 0x0000,
 0x0000,
 0x0000,
 0x0000,
 0x0000,
 0x0000,
 0x0000,
 0x0000,
 0x0000,
 0x0000,
 0x0000,
 0x0000,
 0x0000,
 0x0000,
 0x0000,
 0x0000,
 0x0000,
 0x0000,
 0x0000,
 0x0000,
 0x0000,
 0x0000,
 0x0000,
 0x0000,
 0x0000,
 0x0000,
 0x0000,
 0x0000,
 0x0000,
 0x0000,
 0x0000,
 0x0000,
 0x0000,
 0x0000,
 0x0000,
 0x0000,
 0x0000,
 0x0000,
 0x8193,
 0x0000,
 0x0000,
 0x0000,
 0x0000,
 0x0000,
 0x0000,
 0x0000,
 0x0000,
 0x0000,
 0x0000,
 0x0000,
 0x0000,
 0x0000,
 0x0000,
 0x0000,
 0x0000,
 0x0000,
 0x0000,
 0x0000,
 0x0000,
 0x0000,
 0x0000,
 0x0000,
 0x0000,
 0x0000,
 0x0000,
 0x0000,
 0x0000,
 0x0000,
 0x0000,
 0x0000,
 0x0000,
 0x0000,
 0x0000,
 0x0000,
 0x0000,
 0x0000,
 0x0000,
 0x0000,
 0x0000,
 0x0000,
 0x0000,
 0x0000,
 0x0000,
 0x0000,
 0x0000,
 0x0000,
 0x0000,
 0x0000,
 0x0000,
 0x0000,
 0x0000,
 0x0000,
 0x0000,
 0x0000,
 0x0000,
 0x0000,
 0x0000,
 0x0000,
 0x8033,
 0x0000,
 0x0000,
 0x0000,
 0x0000,
 0x0000,
 0x0000,
 0x0000,
 0x0000,
 0x0000,
 0x0000,
 0x0000,
 0x0000,
 0x0000,
 0x0000,
 0x0000,
 0x0000,
 0x0000,
 0x0000,
 0x0000,
 0x0000,
 0x0000,
 0x0000,
 0x0000,
 0x0000,
 0x0000,
 0x0000,
 0x0000,
 0x0000,
 0x0000,
 0x0000,
 0x0000,
 0x0000,
 0x0000,
 0x0000,
 0x0000,
 0x0000,
 0x0000,
 0x0000,
 0x0000,
 0x0000,
 0x0000,
 0x01a9,
 0x0000,
 0x0000,
 0x0000,
 0x0000,
 0x0000,
 0x0000,
 0x0000,
 0x0000,
 0x0000,
 0x0000,
 0x0000,
 0x0000,
 0x0000,
 0x0000,
 0x0000,
 0x0000,
 0x0000,
 0x0000,
 0x0000,
 0x0000,
 0x0000,
 0x0000,
 0x0000,
 0x0000,
 0x0000,
 0x0000,
 0x0000,
 0x0000,
 0x0000,
 0x0000,
 0x0000,
 0x0000,
 0x0000,
 0x0000,
 0x0000,
 0x0000,
 0x0000,
 0x0000,
 0x0000,
 0x0000,
 0x0000,
 0x0000,
 0x0000,
 0x0000,
 0x0000,
 0x0000,
 0x0000,
 0x0000,
 0x0000,
 0x0000,
 0x0000,
 0x0000,
 0x0000,
 0x0000,
 0x0000,
 0x0000,
 0x0000,
 0x0000,
 0x0000,
 0x0000,
 0x0000,
 0x0000,
 0x0000,
 0x0000,
 0x0000,
 0x0000,
 0x0000,
 0x0000,
 0x0000,
 0x0000,
 0x0000,
 0x0000,
 0x0000,
 0x0000,
 0x0000,
 0x0000,
 0x0000,
 0x0000,
 0x0000,
 0x0000,
 0x0000,
 0x0b05,
 0x0000,
 0x0000,
 0x0000,
 0x0000,
 0x0000,
 0x0000,
 0x0000,
 0x0000,
 0x0232,
 0x0000,
 0x0000,
 0x0000,
 0x0000,
 0x0000,
 0x0000,
 0x0000,
 0x0000,
 0x0000,
 0x0000,
 0x0000,
 0x0000,
 0x0000,
 0x0000,
 0x0834,
 0x0000,
 0x0000,
 0x0000,
 0x0000,
 0x0000,
 0x0000,
 0x0000,
 0x0000,
 0x0000,
 0x0000,
 0x0000,
 0x0000,
 0x0000,
 0x0000,
 0x0000,
 0x0000,
 0x0000,
 0x0000,
 0x0000,
 0x0000,
 0x0000,
 0x0000,
 0x0000,
 0x8111,
 0x0000,
 0x0000,
 0x0000,
 0x0000,
 0x0000,
 0x0000,
 0x0000,
 0x0000,
 0x0000,
 0x0000,
 0x0000,
 0x0000,
 0x0000,
 0x0000,
 0x0000,
 0x0000,
 0x0000,
 0x0000,
 0x0000,
 0x0000,
 0x0000,
 0x0000,
 0x0000,
 0x0000,
 0x0000,
 0x0000,
 0x0000,
 0x0000,
 0x81a8,
 0x0000,
 0x0000,
 0x0000,
 0x0000,
 0x0000,
 0x0000,
 0x0000,
 0x0000,
 0x0000,
 0x0000,
 0x0000,
 0x0000,
 0x0000,
 0x0000,
 0x0000,
 0x0000,
 0x0000,
 0x0000,
 0x0000,
 0x0000,
 0x0000,
 0x0000,
 0x0000,
 0x0000,
 0x0000,
 0x0000,
 0x0000,
 0x0000,
 0x0000,
 0x0000,
 0x0000,
 0x0000,
 0x0000,
 0x0000,
 0x0000,
 0x0000,
 0x0000,
 0x0000,
 0x0000,
 0x0000,
 0x0000,
 0x0000,
 0x0000,
 0x0000,
 0x0000,
 0x0000,
 0x0000,
 0x8183,
 0x0000,
 0x0000,
 0x0000,
 0x0000,
 0x0000,
 0x0000,
 0x0000,
 0x0000,
 0x0000,
 0x0000,
 0x0000,
 0x0000,
 0x0000,
 0x0000,
 0x0000,
 0x0000,
 0x0000,
 0x0000,
 0x0000,
 0x0000,
 0x0000,
 0x0000,
 0x0000,
 0x0000,
 0x0000,
 0x0000,
 0x0000,
 0x0000,
 0x0000,
 0x0000,
 0x0000,
 0x0000,
 0x0000,
 0x0000,
 0x0000,
 0x0000,
 0x0000,
 0x0000,
 0x0000,
 0x0000,
 0x0000,
 0x0000,
 0x0000,
 0x0000,
 0x0000,
 0x0000,
 0x0000,
 0x0000,
 0x0000,
 0x0000,
 0x0000,
 0x0000,
 0x0000,
 0x0000,
 0x0000,
 0x0000,
 0x0000,
 0x0000,
 0x0000,
 0x0000,
 0x0000,
 0x0000,
 0x0000,
 0x0000,
 0x0000,
 0x0000,
 0x0000,
 0x0000,
 0x0000,
 0x0000,
 0x0000,
 0x0000,
 0x0000,
 0x0000,
 0x0000,
 0x0000,
 0x0000,
 0x0000,
 0x0000,
 0x0000,
 0x0000,
 0x0000,
 0x0000,
 0x0000,
 0x0000,
 0x0000,
 0x0000,
 0x0000,
 0x0000,
 0x0000,
 0x0000,
 0x0000,
 0x0000,
 0x0000,
 0x0000,
 0x0000,
 0x0000,
 0x0000,
 0x0000,
 0x0000,
 0x0000,
 0x0000,
 0x0000,
 0x0000,
 0x0000,
 0x0000,
 0x0000,
 0x0000,
 0x0000,
 0x0000,
 0x0000,
 0x0000,
 0x0000,
 0x0000,
 0x0000,
 0x0000,
 0x806c,
 0x0000,
 0x0000,
 0x0000,
 0x0000,
 0x0000,
 0x0000,
 0x0000,
 0x0000,
 0x0000,
 0x0000,
 0x0000,
 0x0000,
 0x0000,
 0x0000,
 0x0000,
 0x0000,
 0x0000,
 0x0000,
 0x0000,
 0x0000,
 0x0000,
 0x0000,
 0x0000,
 0x0000,
 0x0000,
 0x0000,
 0x0000,
 0x0000,
 0x0000,
 0x0000,
 0x0000,
 0x0000,
 0x0000,
 0x0000,
 0x0000,
 0x0000,
 0x0000,
 0x0000,
 0x0000,
 0x0000,
 0x0000,
 0x0000,
 0x0000,
 0x8058,
 0x0000,
 0x0000,
 0x0000,
 0x0000,
 0x0000,
 0x0000,
 0x0000,
 0x0000,
 0x0000,
 0x0000,
 0x0000,
 0x0000,
 0x0000,
 0x0000,
 0x0000,
 0x0000,
 0x0000,
 0x0000,
 0x0000,
 0x0000,
 0x0000,
 0x0000,
 0x0000,
 0x0000,
 0x0000,
 0x0000,
 0x0000,
 0x0000,
 0x0000,
 0x0000,
 0x0000,
 0x0000,
 0x0000,
 0x0000,
 0x0000,
 0x0000,
 0x0000,
 0x0000,
 0x0000,
 0x0000,
 0x0000,
 0x0000,
 0x0000,
 0x0000,
 0x0000,
 0x0000,
 0x0000,
 0x0000,
 0x0000,
 0x0000,
 0x0000,
 0x0000,
 0x0000,
 0x0000,
 0x0000,
 0x0000,
 0x0000,
 0x0000,
 0x0000,
 0x0000,
 0x0000,
 0x0000,
 0x0000,
 0x0000,
 0x0000,
 0x0000,
 0x0000,
 0x0000,
 0x0000,
 0x0000,
 0x0000,
 0x0000,
 0x0000,
 0x0000,
 0x0000,
 0x0000,
 0x0000,
 0x0000,
 0x0000,
 0x0000,
 0x0000,
 0x0000,
 0x0000,
 0x0000,
 0x0000,
 0x0000,
 0x0000,
 0x0000,
 0x0000,
 0x0000,
 0x0000,
 0x0000,
 0x0000,
 0x0000,
 0x0000,
 0x0000,
 0x0000,
 0x0000,
 0x0000,
 0x0000,
 0x0000,
 0x0000,
 0x0000,
 0x8083,
 0x0000,
 0x0000,
 0x0000,
 0x0000,
 0x0000,
 0x0000,
 0x0000,
 0x0000,
 0x0000,
 0x0000,
 0x0000,
 0x0000,
 0x0000,
 0x0000,
 0x0000,
 0x0000,
 0x0000,
 0x0000,
 0x0745,
 0x0000,
 0x0000,
 0x0234,
 0x0000,
 0x0000,
 0x0000,
 0x0000,
 0x0000,
 0x0000,
 0x0000,
 0x0000,
 0x0000,
 0x0000,
 0x0000,
 0x0000,
 0x0000,
 0x0000,
 0x0000,
 0x0000,
 0x0000,
 0x0000,
 0x0000,
 0x0000,
 0x0000,
 0x804d,
 0x0000,
 0x0000,
 0x0000,
 0x0000,
 0x0000,
 0x0000,
 0x0000,
 0x0000,
 0x0000,
 0x0000,
 0x0000,
 0x0000,
 0x0000,
 0x0000,
 0x0000,
 0x0000,
 0x0000,
 0x0000,
 0x0000,
 0x0000,
 0x0000,
 0x0000,
 0x0000,
 0x0000,
 0x0000,
 0x0000,
 0x0000,
 0x0000,
 0x0000,
 0x0000,
 0x0000,
 0x0000,
 0x0000,
 0x0000,
 0x0000,
 0x0000,
 0x0000,
 0x0000,
 0x0000,
 0x0000,
 0x0000,
 0x0000,
 0x0000,
 0x0000,
 0x0000,
 0x0000,
 0x0000,
 0x0000,
 0x0000,
 0x0000,
 0x0000,
 0x0000,
 0x0000,
 0x0000,
 0x0000,
 0x0000,
 0x0000,
 0x0000,
 0x0000,
 0x0000,
 0x0000,
 0x0000,
 0x0000,
 0x0000,
 0x0000,
 0x0000,
 0x0000,
 0x0000,
 0x0000,
 0x0000,
 0x0000,
 0x0000,
 0x0000,
 0x0000,
 0x0000,
 0x0000,
 0x0000,
 0x0000,
 0x0000,
 0x0000,
 0x0000,
 0x0000,
 0x0000,
 0x0000,
 0x0000,
 0x0000,
 0x0c6a,
 0x0000,
 0x0000,
 0x0000,
 0x0000,
 0x022c,
 0x0000,
 0x0000,
 0x0000,
 0x0000,
 0x0000,
 0x0000,
 0x0000,
 0x0000,
 0x0000,
 0x0000,
 0x0000,
 0x0000,
 0x0000,
 0x0000,
 0x0000,
 0x0000,
 0x0000,
 0x0000,
 0x0000,
 0x0000,
 0x0000,
 0x0000,
 0x0000,
 0x0000,
 0x0000,
 0x0000,
 0x0000,
 0x0000,
 0x0000,
 0x0000,
 0x0000,
 0x0000,
 0x0000,
 0x0000,
 0x0000,
 0x0000,
 0x0000,
 0x0000,
 0x0000,
 0x0000,
 0x0000,
 0x0000,
 0x0000,
 0x0000,
 0x0000,
 0x0000,
 0x0000,
 0x0000,
 0x0000,
 0x0000,
 0x0000,
 0x0000,
 0x0000,
 0x0000,
 0x0000,
 0x0000,
 0x0000,
 0x0000,
 0x0000,
 0x0000,
 0x0000,
 0x0000,
 0x80db,
 0x0403,
 0x0000,
 0x0000,
 0x0000,
 0x0000,
 0x0000,
 0x0000,
 0x0000,
 0x0000,
 0x0000,
 0x0000,
 0x0000,
 0x0000,
 0x0000,
 0x0000,
 0x0000,
 0x0000,
 0x0000,
 0x0000,
 0x0000,
 0x0000,
 0x0000,
 0x0000,
 0x0000,
 0x0000,
 0x0000,
 0x0000,
 0x0000,
 0x0000,
 0x0000,
 0x0000,
 0x0000,
 0x0000,
 0x0000,
 0x0000,
 0x0000,
 0x0000,
 0x0000,
 0x0000,
 0x0000,
 0x0000,
 0x0000,
 0x0000,
 0x0000,
 0x0000,
 0x0000,
 0x0000,
 0x0000,
 0x0000,
 0x0000,
 0x0000,
 0x0000,
 0x0000,
 0x0000,
 0x0000,
 0x0000,
 0x0000,
 0x0000,
 0x0000,
 0x0000,
 0x0000,
 0x0000,
 0x0000,
 0x0000,
 0x0000,
 0x0000,
 0x0000,
 0x0000,
 0x0000,
 0x0000,
 0x0000,
 0x0000,
 0x0000,
 0x0000,
 0x0000,
 0x0000,
 0x0000,
 0x0000,
 0x0000,
 0x0000,
 0x0000,
 0x0000,
 0x0000,
 0x0000,
 0x0000,
 0x0000,
 0x0000,
 0x0000,
 0x0000,
 0x0000,
 0x0000,
 0x0000,
 0x0000,
 0x0000,
 0x0000,
 0x0000,
 0x0000,
 0x0000,
 0x0000,
 0x8175,
 0x0000,
 0x0000,
 0x0000,
 0x0000,
 0x0000,
 0x0000,
 0x0000,
 0x0000,
 0x0000,
 0x80ea,
 0x0000,
 0x0000,
 0x0000,
 0x0000,
 0x0000,
 0x0000,
 0x0000,
 0x0000,
 0x0000,
 0x0000,
 0x0000,
 0x0000,
 0x0000,
 0x0000,
 0x0000,
 0x0000,
 0x0000,
 0x0000,
 0x0000,
 0x0000,
 0x0000,
 0x0000,
 0x0000,
 0x0000,
 0x0000,
 0x0000,
 0x0000,
 0x0000,
 0x0000,
 0x0000,
 0x0000,
 0x0000,
 0x0000,
 0x0000,
 0x0000,
 0x0000,
 0x0000,
 0x0000,
 0x0000,
 0x0000,
 0x0000,
 0x0000,
 0x0000,
 0x0000,
 0x0000,
 0x0000,
 0x0969,
 0x0000,
 0x0000,
 0x0000,
 0x0000,
 0x0000,
 0x0000,
 0x0000,
 0x0000,
 0x0000,
 0x0000,
 0x80e2,
 0x0000,
 0x0000,
 0x0000,
 0x0000,
 0x0000,
 0x0000,
 0x0000,
 0x0000,
 0x0000,
 0x0000,
 0x0000,
 0x0000,
 0x0000,
 0x0000,
 0x0000,
 0x0000,
 0x0000,
 0x0000,
 0x0000,
 0x0000,
 0x0000,
 0x0000,
 0x0000,
 0x04d8,
 0x0000,
 0x0000,
 0x0000,
 0x0000,
 0x0000,
 0x0000,
 0x0000,
 0x0000,
 0x0000,
 0x0000,
 0x80ac,
 0x0000,
 0x0000,
 0x0000,
 0x0000,
 0x0000,
 0x0000,
 0x0000,
 0x0000,
 0x0000,
 0x0000,
 0x0000,
 0x0000,
 0x0000,
 0x0000,
 0x0000,
 0x0000,
 0x0000,
 0x0000,
 0x0000,
 0x0000,
 0x0000,
 0x8119,
 0x0000,
 0x0000,
 0x0000,
 0x0000,
 0x0000,
 0x0000,
 0x0000,
 0x0000,
 0x0000,
 0x8147,
 0x0000,
 0x0000,
 0x0000,
 0x0000,
 0x0000,
 0x0000,
 0x0000,
 0x0000,
 0x0000,
 0x8041,
 0x0000,
 0x0000,
 0x0000,
 0x0000,
 0x0000,
 0x0000,
 0x0000,
 0x0000,
 0x0000,
 0x0000,
 0x0000,
 0x0000,
 0x0000,
 0x0000,
 0x0000,
 0x0000,
 0x0000,
 0x0000,
 0x0000,
 0x0000,
 0x0000,
 0x0000,
 0x0000,
 0x0000,
 0x01af,
 0x0000,
 0x0000,
 0x0000,
 0x0000,
 0x0000,
 0x0000,
 0x0000,
 0x0000,
 0x0000,
 0x0000,
 0x0000,
 0x0000,
 0x0000,
 0x0000,
 0x0000,
 0x814e,
 0x0000,
 0x0000,
 0x0000,
 0x0000,
 0x0000,
 0x0000,
 0x0000,
 0x0000,
 0x0000,
 0x0000,
 0x0000,
 0x0000,
 0x0000,
 0x0000,
 0x0000,
 0x0000,
 0x0000,
 0x0000,
 0x0000,
 0x0000,
 0x0000,
 0x0000,
 0x0000,
 0x0000,
 0x0000,
 0x0000,
 0x0000,
 0x0000,
 0x0000,
 0x0000,
 0x0000,
 0x0000,
 0x0000,
 0x0000,
 0x0000,
 0x0000,
 0x0000,
 0x0000,
 0x0000,
 0x0000,
 0x0000,
 0x0000,
 0x0000,
 0x0000,
 0x0000,
 0x0000,
 0x0000,
 0x0000,
 0x0000,
 0x0000,
 0x0000,
 0x0000,
 0x0000,
 0x0000,
 0x0000,
 0x0000,
 0x0000,
 0x0000,
 0x0000,
 0x0000,
 0x0000,
 0x0000,
 0x0000,
 0x0000,
 0x0000,
 0x0000,
 0x0000,
 0x0000,
 0x0000,
 0x0000,
 0x0000,
 0x0000,
 0x0000,
 0x0000,
 0x0000,
 0x0000,
 0x0000,
 0x0000,
 0x0000,
 0x0000,
 0x0000,
 0x0000,
 0x0000,
 0x8115,
 0x0000,
 0x0000,
 0x0000,
 0x0000,
 0x0000,
 0x0000,
 0x0000,
 0x0000,
 0x0000,
 0x0000,
 0x0000,
 0x0000,
 0x0000,
 0x0000,
 0x0000,
 0x09a5,
 0x0000,
 0x0000,
 0x0000,
 0x0000,
 0x0000,
 0x0000,
 0x0000,
 0x0000,
 0x8076,
 0x0000,
 0x0000,
 0x0000,
 0x0000,
 0x0000,
 0x0000,
 0x0000,
 0x0000,
 0x0000,
 0x0000,
 0x0000,
 0x0000,
 0x0000,
 0x0000,
 0x01b4,
 0x0000,
 0x0000,
 0x0000,
 0x0000,
 0x0000,
 0x0000,
 0x0000,
 0x0000,
 0x0000,
 0x0000,
 0x803f,
 0x0000,
 0x0000,
 0x0000,
 0x0000,
 0x0000,
 0x0000,
 0x0000,
 0x0000,
 0x0000,
 0x0000,
 0x0000,
 0x0000,
 0x0000,
 0x0000,
 0x0000,
 0x0000,
 0x0000,
 0x0000,
 0x0000,
 0x0000,
 0x0000,
 0x0000,
 0x0000,
 0x0000,
 0x0000,
 0x8109,
 0x0000,
 0x0000,
 0x0000,
 0x0000,
 0x0000,
 0x0000,
 0x0000,
 0x0000,
 0x0000,
 0x0000,
 0x0000,
 0x0000,
 0x0000,
 0x0000,
 0x0000,
 0x0000,
 0x0000,
 0x0000,
 0x0000,
 0x0000,
 0x0000,
 0x0000,
 0x0000,
 0x0000,
 0x0000,
 0x0000,
 0x0000,
 0x0000,
 0x0000,
 0x046b,
 0x0000,
 0x0000,
 0x0000,
 0x0000,
 0x0000,
 0x0000,
 0x0000,
 0x0000,
 0x0000,
 0x0000,
 0x0000,
 0x0000,
 0x0000,
 0x0000,
 0x0000,
 0x0000,
 0x0000,
 0x0000,
 0x0000,
 0x0000,
 0x0000,
 0x0000,
 0x0000,
 0x0000,
 0x0000,
 0x0000,
 0x0000,
 0x0000,
 0x0000,
 0x0000,
 0x0000,
 0x0000,
 0x0000,
 0x0000,
 0x0000,
 0x0000,
 0x0000,
 0x0000,
 0x0000,
 0x0000,
 0x0000,
 0x0000,
 0x0000,
 0x0000,
 0x0000,
 0x0000,
 0x0000,
 0x0000,
 0x0000,
 0x0000,
 0x0000,
 0x0000,
 0x0000,
 0x0000,
 0x0000,
 0x0000,
 0x0000,
 0x0000,
 0x0000,
 0x0000,
 0x0000,
 0x0000,
 0x0000,
 0x0000,
 0x0000,
 0x0000,
 0x0000,
 0x0000,
 0x0000,
 0x0000,
 0x0000,
 0x0000,
 0x0000,
 0x0000,
 0x0000,
 0x0000,
 0x0000,
 0x0000,
 0x0000,
 0x0000,
 0x0000,
 0x0000,
 0x0000,
 0x0000,
 0x0000,
 0x0000,
 0x0000,
 0x0000,
 0x0000,
 0x0000,
 0x0000,
 0x0000,
 0x0000,
 0x0000,
 0x0000,
 0x0000,
 0x0000,
 0x0000,
 0x0000,
 0x0000,
 0x0000,
 0x0000,
 0x0000,
 0x0000,
 0x0000,
 0x0000,
 0x0000,
 0x0000,
 0x0000,
 0x0000,
 0x0000,
 0x0000,
 0x0000,
 0x0000,
 0x0000,
 0x0000,
 0x0000,
 0x0000,
 0x0000,
 0x0000,
 0x0000,
 0x0000,
 0x0000,
 0x0000,
 0x0000,
 0x0000,
 0x0000,
 0x0000,
 0x0000,
 0x0000,
 0x0000,
 0x0000,
 0x0000,
 0x0000,
 0x0000,
 0x0000,
 0x0000,
 0x0000,
 0x0000,
 0x0000,
 0x0000,
 0x0000,
 0x0000,
 0x0000,
 0x0000,
 0x0000,
 0x0000,
 0x0000,
 0x0000,
 0x0000,
 0x0000,
 0x0000,
 0x0000,
 0x0000,
 0x0000,
 0x0000,
 0x0000,
 0x0000,
 0x0000,
 0x0000,
 0x0000,
 0x0000,
 0x0000,
 0x0000,
 0x0000,
 0x0000,
 0x0000,
 0x80f1,
 0x0000,
 0x0000,
 0x0000,
 0x0000,
 0x0000,
 0x0000,
 0x0000,
 0x0000,
 0x0000,
 0x0000,
 0x0000,
 0x0000,
 0x0000,
 0x0000,
 0x0000,
 0x0000,
 0x0000,
 0x0000,
 0x0000,
 0x0000,
 0x0000,
 0x0000,
 0x0000,
 0x0000,
 0x0000,
 0x0000,
 0x0000,
 0x05fd,
 0x0000,
 0x0000,
 0x0000,
 0x0000,
 0x0000,
 0x0000,
 0x0000,
 0x0000,
 0x0000,
 0x0000,
 0x0000,
 0x0000,
 0x0000,
 0x0000,
 0x0000,
 0x0000,
 0x0000,
 0x0000,
 0x0000,
 0x0000,
 0x0000,
 0x0000,
 0x0000,
 0x0000,
 0x0000,
 0x0000,
 0x0000,
 0x0000,
 0x8089,
 0x0000,
 0x0000,
 0x0000,
 0x0000,
 0x0000,
 0x0000,
 0x0000,
 0x0000,
 0x0000,
 0x0000,
 0x0000,
 0x03b3,
 0x0000,
 0x0000,
 0x0000,
 0x0000,
 0x0000,
 0x0000,
 0x0000,
 0x0000,
 0x0000,
 0x0000,
 0x0000,
 0x0000,
 0x0000,
 0x0000,
 0x0000,
 0x0000,
 0x0000,
 0x0000,
 0x0000,
 0x0000,
 0x0000,
 0x0000,
 0x0000,
 0x0000,
 0x0000,
 0x0000,
 0x0000,
 0x0000,
 0x0000,
 0x0000,
 0x0000,
 0x0000,
 0x0000,
 0x0000,
 0x0000,
 0x0000,
 0x0000,
 0x0000,
 0x0000,
 0x0000,
 0x0000,
 0x0000,
 0x0000,
 0x0000,
 0x0000,
 0x0000,
 0x0000,
 0x0000,
 0x0000,
 0x0000,
 0x0000,
 0x0000,
 0x0000,
 0x0000,
 0x0000,
 0x0000,
 0x0000,
 0x0000,
 0x0000,
 0x8107,
 0x0000,
 0x0000,
 0x0000,
 0x0000,
 0x0000,
 0x0000,
 0x0000,
 0x0000,
 0x0000,
 0x0000,
 0x0000,
 0x0000,
 0x0000,
 0x0000,
 0x0000,
 0x0000,
 0x0000,
 0x0000,
 0x0000,
 0x0000,
 0x0000,
 0x0000,
 0x0000,
 0x0000,
 0x0000,
 0x0000,
 0x0000,
 0x0000,
 0x0000,
 0x0000,
 0x0000,
 0x0000,
 0x0000,
 0x0000,
 0x0000,
 0x0000,
 0x0000,
 0x0000,
 0x0000,
 0x0000,
 0x0000,
 0x0000,
 0x0000,
 0x0000,
 0x0000,
 0x0000,
 0x0000,
 0x0000,
 0x0000,
 0x0000,
 0x0000,
 0x0000,
 0x0000,
 0x0000,
 0x0000,
 0x0000,
 0x0000,
 0x0000,
 0x0000,
 0x0000,
 0x0000,
 0x0000,
 0x0000,
 0x0000,
 0x0000,
 0x0000,
 0x0000,
 0x0000,
 0x0000,
 0x0000,
 0x0000,
 0x0000,
 0x0000,
 0x0000,
 0x0000,
 0x0000,
 0x0000,
 0x0000,
 0x0000,
 0x0000,
 0x0000,
 0x0000,
 0x0000,
 0x0000,
 0x0000,
 0x0000,
 0x0000,
 0x0000,
 0x0000,
 0x0000,
 0x0000,
 0x0000,
 0x0000,
 0x0000,
 0x0000,
 0x0000,
 0x0000,
 0x0000,
 0x0000,
 0x0000,
 0x0000,
 0x0000,
 0x0000,
 0x0000,
 0x0000,
 0x0000,
 0x0000,
 0x0000,
 0x0000,
 0x0019,
 0x0000,
 0x0000,
 0x0000,
 0x0000,
 0x0000,
 0x0000,
 0x0000,
 0x0000,
 0x0000,
 0x0000,
 0x0000,
 0x0000,
 0x0000,
 0x0000,
 0x0000,
 0x0000,
 0x0000,
 0x0000,
 0x0000,
 0x0000,
 0x0000,
 0x0000,
 0x0000,
 0x0000,
 0x0000,
 0x0000,
 0x0000,
 0x0000,
 0x0000,
 0x0000,
 0x0000,
 0x0000,
 0x0000,
 0x0000,
 0x0000,
 0x0000,
 0x0000,
 0x0000,
 0x0000,
 0x0c61,
 0x0000,
 0x0000,
 0x0000,
 0x0000,
 0x0000,
 0x0000,
 0x0000,
 0x0000,
 0x0000,
 0x0000,
 0x0000,
 0x0000,
 0x0000,
 0x0000,
 0x0000,
 0x0000,
 0x0000,
 0x0000,
 0x0000,
 0x0000,
 0x0000,
 0x0000,
 0x0000,
 0x0000,
 0x0000,
 0x0000,
 0x0000,
 0x0000,
 0x0000,
 0x0000,
 0x0000,
 0x0000,
 0x0000,
 0x0000,
 0x0000,
 0x0000,
 0x0000,
 0x0000,
 0x0000,
 0x0000,
 0x0000,
 0x0000,
 0x0000,
 0x0000,
 0x0000,
 0x0000,
 0x0000,
 0x0000,
 0x0000,
 0x0000,
 0x0000,
 0x0000,
 0x0000,
 0x0000,
 0x0000,
 0x0000,
 0x0000,
 0x0000,
 0x0000,
 0x0000,
 0x0000,
 0x0000,
 0x0000,
 0x0000,
 0x0000,
 0x0000,
 0x0000,
 0x0000,
 0x0000,
 0x07a6,
 0x0000,
 0x0000,
 0x0000,
 0x0000,
 0x0000,
 0x0000,
 0x0000,
 0x0000,
 0x0000,
 0x0000,
 0x0000,
 0x0000,
 0x0000,
 0x0000,
 0x0000,
 0x0000,
 0x0000,
 0x0000,
 0x0000,
 0x0000,
 0x0000,
 0x0000,
 0x0000,
 0x0000,
 0x0000,
 0x0000,
 0x8070,
 0x0000,
 0x0000,
 0x0000,
 0x0000,
 0x0000,
 0x0000,
 0x0000,
 0x0000,
 0x0000,
 0x0000,
 0x0000,
 0x0000,
 0x0000,
 0x0000,
 0x0000,
 0x0000,
 0x0000,
 0x0000,
 0x0000,
 0x0000,
 0x0000,
 0x0000,
 0x8060,
 0x0000,
 0x0000,
 0x0000,
 0x0000,
 0x0000,
 0x0000,
 0x0000,
 0x0000,
 0x0000,
 0x0000,
 0x0000,
 0x0000,
 0x0000,
 0x0000,
 0x0000,
 0x8161,
 0x0000,
 0x0000,
 0x0000,
 0x0000,
 0x0000,
 0x0000,
 0x0000,
 0x0000,
 0x0000,
 0x0000,
 0x0000,
 0x0000,
 0x0000,
 0x0000,
 0x0000,
 0x0000,
 0x0000,
 0x0000,
 0x0000,
 0x0000,
 0x0000,
 0x0000,
 0x0000,
 0x0000,
 0x0000,
 0x0000,
 0x0000,
 0x0000,
 0x0000,
 0x0000,
 0x0000,
 0x0cf5,
 0x0000,
 0x0000,
 0x0000,
 0x0000,
 0x0000,
 0x0000,
 0x0000,
 0x0000,
 0x0000,
 0x0000,
 0x0000,
 0x0000,
 0x0000,
 0x0000,
 0x0000,
 0x0000,
 0x0000,
 0x0000,
 0x0000,
 0x0000,
 0x0000,
 0x0000,
 0x0000,
 0x0000,
 0x0000,
 0x0000,
 0x0000,
 0x0000,
 0x0442,
 0x0000,
 0x0000,
 0x0000,
 0x0000,
 0x0000,
 0x0000,
 0x0000,
 0x80b2,
 0x0000,
 0x0000,
 0x0000,
 0x0000,
 0x0000,
 0x0000,
 0x0000,
 0x0000,
 0x0000,
 0x0000,
 0x0000,
 0x0000,
 0x0000,
 0x0000,
 0x0000,
 0x0000,
 0x0000,
 0x0000,
 0x0000,
 0x0000,
 0x0000,
 0x0000,
 0x0000,
 0x0000,
 0x0000,
 0x0000,
 0x0000,
 0x0000,
 0x0000,
 0x0000,
 0x0000,
 0x0000,
 0x0000,
 0x0000,
 0x0000,
 0x0000,
 0x0000,
 0x0000,
 0x0000,
 0x0000,
 0x0000,
 0x0000,
 0x0000,
 0x0000,
 0x0000,
 0x0000,
 0x0000,
 0x0000,
 0x0000,
 0x0000,
 0x0000,
 0x0000,
 0x0000,
 0x0000,
 0x8126,
 0x0000,
 0x0000,
 0x0000,
 0x0000,
 0x0000,
 0x0000,
 0x0000,
 0x0000,
 0x0000,
 0x0000,
 0x0000,
 0x8045,
 0x0000,
 0x0000,
 0x0000,
 0x0000,
 0x0000,
 0x0000,
 0x0000,
 0x0000,
 0x0000,
 0x0000,
 0x0000,
 0x0000,
 0x0000,
 0x0000,
 0x0000,
 0x0000,
 0x0000,
 0x0000,
 0x0000,
 0x0000,
 0x0000,
 0x0000,
 0x0000,
 0x0000,
 0x0000,
 0x0000,
 0x0000,
 0x0000,
 0x0000,
 0x0000,
 0x0000,
 0x0000,
 0x0000,
 0x0000,
 0x0000,
 0x0000,
 0x0000,
 0x0000,
 0x0000,
 0x0000,
 0x0000,
 0x0000,
 0x0000,
 0x0000,
 0x0000,
 0x0000,
 0x0000,
 0x0000,
 0x0000,
 0x0000,
 0x0000,
 0x0000,
 0x0000,
 0x0000,
 0x0000,
 0x0000,
 0x0000,
 0x0000,
 0x0000,
 0x0000,
 0x0000,
 0x0000,
 0x0000,
 0x0000,
 0x0000,
 0x0000,
 0x0000,
 0x0000,
 0x0000,
 0x0000,
 0x0000,
 0x0000,
 0x0000,
 0x0000,
 0x0000,
 0x0000,
 0x0000,
 0x0000,
 0x0000,
 0x0000,
 0x0000,
 0x0000,
 0x0000,
 0x0000,
 0x0199,
 0x0000,
 0x0000,
 0x0000,
 0x03a2,
 0x0000,
 0x0000,
 0x0000,
 0x0000,
 0x0000,
 0x0000,
 0x0000,
 0x0000,
 0x0029,
 0x0000,
 0x0000,
 0x0000,
 0x0000,
 0x0000,
 0x0000,
 0x0000,
 0x0000,
 0x0000,
 0x0000,
 0x0000,
 0x0000,
 0x0000,
 0x0000,
 0x0000,
 0x0d13,
 0x0000,
 0x0000,
 0x0000,
 0x0000,
 0x0000,
 0x0000,
 0x0000,
 0x0000,
 0x0000,
 0x0000,
 0x0000,
 0x0000,
 0x0000,
 0x0000,
 0x0000,
 0x0000,
 0x0000,
 0x0000,
 0x0000,
 0x0000,
 0x0000,
 0x0000,
 0x0000,
 0x0000,
 0x0000,
 0x0000,
 0x0000,
 0x0000,
 0x0000,
 0x0000,
 0x0000,
 0x0000,
 0x0000,
 0x0000,
 0x0000,
 0x0000,
 0x0000,
 0x0000,
 0x0000,
 0x0000,
 0x0000,
 0x0000,
 0x0000,
 0x0000,
 0x0000,
 0x0000,
 0x0000,
 0x0000,
 0x0000,
 0x0000,
 0x0000,
 0x0000,
 0x0000,
 0x0000,
 0x0000,
 0x0000,
 0x0000,
 0x0000,
 0x0000,
 0x0000,
 0x0000,
 0x0b0b,
 0x0000,
 0x0000,
 0x0000,
 0x0000,
 0x0000,
 0x0000,
 0x0000,
 0x0000,
 0x0000,
 0x0000,
 0x0000,
 0x0000,
 0x0000,
 0x0000,
 0x0000,
 0x0000,
 0x0000,
 0x0000,
 0x0000,
 0x0000,
 0x0000,
 0x8098,
 0x0000,
 0x0000,
 0x0000,
 0x0000,
 0x0000,
 0x0000,
 0x0000,
 0x0000,
 0x0000,
 0x0000,
 0x0000,
 0x0000,
 0x0000,
 0x0000,
 0x0000,
 0x0000,
 0x0000,
 0x0000,
 0x0000,
 0x0000,
 0x0000,
 0x0000,
 0x0000,
 0x0000,
 0x0000,
 0x0000,
 0x0000,
 0x0000,
 0x0000,
 0x0000,
 0x0000,
 0x0000,
 0x0000,
 0x01bc,
 0x0000,
 0x0000,
 0x0000,
 0x0000,
 0x0000,
 0x0000,
 0x0000,
 0x0000,
 0x0000,
 0x0000,
 0x0000,
 0x0000,
 0x0000,
 0x0000,
 0x0000,
 0x0000,
 0x0000,
 0x0000,
 0x0000,
 0x0000,
 0x0000,
 0x0000,
 0x0000,
 0x0000,
 0x0000,
 0x0000,
 0x0000,
 0x0000,
 0x0000,
 0x0000,
 0x0000,
 0x0000,
 0x0000,
 0x0000,
 0x0000,
 0x0000,
 0x0000,
 0x0000,
 0x0000,
 0x0000,
 0x0000,
 0x0000,
 0x0000,
 0x0000,
 0x0000,
 0x0000,
 0x0000,
 0x0000,
 0x0000,
 0x0000,
 0x0000,
 0x0000,
 0x0000,
 0x0000,
 0x0000,
 0x0000,
 0x0000,
 0x0000,
 0x0000,
 0x0000,
 0x0000,
 0x0000,
 0x0000,
 0x0000,
 0x0000,
 0x0000,
 0x0000,
 0x0000,
 0x0000,
 0x0000,
 0x0000,
 0x0000,
 0x0000,
 0x0000,
 0x0000,
 0x0000,
 0x0000,
 0x0000,
 0x0000,
 0x0000,
 0x0000,
 0x0000,
 0x0000,
 0x0000,
 0x0000,
 0x0000,
 0x0000,
 0x0000,
 0x0000,
 0x0000,
 0x0000,
 0x0000,
 0x0000,
 0x0000,
 0x0000,
 0x0000,
 0x0000,
 0x0000,
 0x0000,
 0x0000,
 0x0000,
 0x0000,
 0x0000,
 0x0000,
 0x0000,
 0x0000,
 0x0000,
 0x0000,
 0x0000,
 0x0000,
 0x0000,
 0x0000,
 0x0000,
 0x0000,
 0x0000,
 0x0000,
 0x0000,
 0x0000,
 0x0000,
 0x0000,
 0x0000,
 0x0000,
 0x0000,
 0x0000,
 0x0000,
 0x0000,
 0x0000,
 0x0000,
 0x0000,
 0x0000,
 0x0000,
 0x0000,
 0x0000,
 0x0000,
 0x0000,
 0x0000,
 0x0000,
 0x0000,
 0x0000,
 0x0000,
 0x0000,
 0x0000,
 0x0000,
 0x0000,
 0x0000,
 0x0000,
 0x0000,
 0x0000,
 0x0000,
 0x0000,
 0x0000,
 0x0000,
 0x0000,
 0x0000,
 0x0000,
 0x0000,
 0x0000,
 0x0000,
 0x0000,
 0x0000,
 0x0000,
 0x0000,
 0x0000,
 0x0000,
 0x0000,
 0x0000,
 0x0000,
 0x0000,
 0x0000,
 0x0000,
 0x0000,
 0x0000,
 0x0000,
 0x0000,
 0x0000,
 0x0000,
 0x0000,
 0x0000,
 0x0000,
 0x0000,
 0x0000,
 0x0000,
 0x0000,
 0x0000,
 0x0000,
 0x0000,
 0x0000,
 0x0000,
 0x0000,
 0x0000,
 0x0000,
 0x0000,
 0x0000,
 0x0000,
 0x0000,
 0x0000,
 0x0000,
 0x0000,
 0x0000,
 0x0000,
 0x0000,
 0x0000,
 0x0000,
 0x0000,
 0x0000,
 0x0000,
 0x0000,
 0x0000,
 0x0017,
 0x0000,
 0x0000,
 0x0000,
 0x0000,
 0x0000,
 0x0000,
 0x0000,
 0x804b,
 0x0000,
 0x0000,
 0x0000,
 0x0000,
 0x0000,
 0x0000,
 0x0000,
 0x0000,
 0x0000,
 0x0000,
 0x0000,
 0x0000,
 0x0000,
 0x0000,
 0x0000,
 0x0000,
 0x0000,
 0x0000,
 0x0000,
 0x0000,
 0x0000,
 0x0000,
 0x0000,
 0x0000,
 0x060b,
 0x0000,
 0x0000,
 0x0000,
 0x0000,
 0x0000,
 0x0000,
 0x0000,
 0x0000,
 0x0000,
 0x0000,
 0x0000,
 0x0000,
 0x0000,
 0x0000,
 0x0000,
 0x0000,
 0x0000,
 0x0000,
 0x0000,
 0x0000,
 0x0000,
 0x0000,
 0x0000,
 0x0000,
 0x0000,
 0x0000,
 0x0000,
 0x0000,
 0x0000,
 0x0000,
 0x0000,
 0x0000,
 0x0000,
 0x00ad,
 0x0000,
 0x0000,
 0x0000,
 0x0000,
 0x0000,
 0x0000,
 0x0000,
 0x0192,
 0x0000,
 0x0000,
 0x0000,
 0x0000,
 0x0000,
 0x0000,
 0x0000,
 0x0000,
 0x0000,
 0x0000,
 0x0000,
 0x0000,
 0x0000,
 0x0000,
 0x0000,
 0x0000,
 0x0000,
 0x0000,
 0x0000,
 0x0000,
 0x0000,
 0x0000,
 0x0000,
 0x0000,
 0x0000,
 0x0000,
 0x0000,
 0x0691,
 0x0000,
 0x0000,
 0x0000,
 0x0000,
 0x0000,
 0x0000,
 0x0000,
 0x0000,
 0x0000,
 0x0000,
 0x0000,
 0x0000,
 0x0000,
 0x0000,
 0x0000,
 0x0000,
 0x0000,
 0x09ad,
 0x0000,
 0x0000,
 0x0000,
 0x0000,
 0x0000,
 0x0000,
 0x0000,
 0x0000,
 0x0000,
 0x0000,
 0x0000,
 0x0000,
 0x0000,
 0x0000,
 0x0000,
 0x0000,
 0x0000,
 0x0000,
 0x0000,
 0x0000,
 0x0000,
 0x0000,
 0x0000,
 0x0000,
 0x0000,
 0x0000,
 0x0000,
 0x0000,
 0x0000,
 0x0000,
 0x0000,
 0x0000,
 0x0000,
 0x0000,
 0x0000,
 0x0000,
 0x0000,
 0x0000,
 0x0000,
 0x0000,
 0x0000,
 0x0000,
 0x0000,
 0x0000,
 0x0000,
 0x0000,
 0x0000,
 0x0000,
 0x0000,
 0x0000,
 0x0000,
 0x0000,
 0x0000,
 0x0000,
 0x0000,
 0x0000,
 0x0000,
 0x0000,
 0x0000,
 0x0000,
 0x0000,
 0x0000,
 0x0000,
 0x0000,
 0x0000,
 0x0000,
 0x0000,
 0x0000,
 0x0000,
 0x0000,
 0x0000,
 0x0000,
 0x0000,
 0x0000,
 0x0000,
 0x0000,
 0x0000,
 0x0000,
 0x0000,
 0x0000,
 0x0000,
 0x0000,
 0x0000,
 0x0000,
 0x0000,
 0x0000,
 0x0000,
 0x0000,
 0x0000,
 0x0000,
 0x0000,
 0x0000,
 0x0000,
 0x0000,
 0x0000,
 0x0000,
 0x0000,
 0x0000,
 0x0000,
 0x0000,
 0x0000,
 0x0000,
 0x0000,
 0x0000,
 0x0000,
 0x0000,
 0x0000,
 0x0000,
 0x0000,
 0x0000,
 0x0000,
 0x0000,
 0x0000,
 0x0000,
 0x0000,
 0x0000,
 0x0000,
 0x0000,
 0x0000,
 0x0000,
 0x0000,
 0x0000,
 0x0000,
 0x0000,
 0x0000,
 0x0000,
 0x0000,
 0x0000,
 0x0000,
 0x0328,
 0x0000,
 0x0000,
 0x0000,
 0x0000,
 0x0000,
 0x0000,
 0x0000,
 0x0000,
 0x0000,
 0x0000,
 0x0000,
 0x0000,
 0x0000,
 0x0000,
 0x0000,
 0x0000,
 0x0000,
 0x0000,
 0x0000,
 0x0000,
 0x0000,
 0x0000,
 0x0000,
 0x0000,
 0x0000,
 0x0000,
 0x0000,
 0x0000,
 0x0000,
 0x0000,
 0x0000,
 0x0000,
 0x0000,
 0x0000,
 0x0000,
 0x0000,
 0x097c,
 0x0000,
 0x0000,
 0x0000,
 0x0000,
 0x0000,
 0x0000,
 0x0000,
 0x0000,
 0x0000,
 0x0000,
 0x0000,
 0x0000,
 0x0000,
 0x0000,
 0x0000,
 0x0000,
 0x0000,
 0x0000,
 0x0000,
 0x0000,
 0x0000,
 0x0000,
 0x0000,
 0x0000,
 0x8094,
 0x0000,
 0x8127,
 0x0000,
 0x0000,
 0x05f4,
 0x0000,
 0x0000,
 0x0000,
 0x0000,
 0x0000,
 0x0000,
 0x0000,
 0x0000,
 0x0000,
 0x0000,
 0x0000,
 0x0000,
 0x0000,
 0x0994,
 0x0000,
 0x0000,
 0x0000,
 0x0000,
 0x0000,
 0x0000,
 0x0000,
 0x0000,
 0x0000,
 0x0000,
 0x0000,
 0x0000,
 0x0000,
 0x0000,
 0x0000,
 0x0000,
 0x0000,
 0x0000,
 0x0000,
 0x0000,
 0x0000,
 0x0000,
 0x0000,
 0x0000,
 0x0000,
 0x0000,
 0x0000,
 0x0000,
 0x0000,
 0x0000,
 0x0000,
 0x0000,
 0x0000,
 0x0000,
 0x0000,
 0x0000,
 0x0000,
 0x0000,
 0x0000,
 0x0000,
 0x0000,
 0x0000,
 0x0000,
 0x0000,
 0x0000,
 0x0000,
 0x0000,
 0x0000,
 0x0000,
 0x0000,
 0x0000,
 0x0000,
 0x0000,
 0x0000,
 0x0000,
 0x0000,
 0x0000,
 0x0000,
 0x0000,
 0x0000,
 0x0000,
 0x0000,
 0x0000,
 0x0000,
 0x81b1,
 0x0000,
 0x0000,
 0x0000,
 0x0000,
 0x0000,
 0x0000,
 0x0000,
 0x0000,
 0x0000,
 0x0000,
 0x0000,
 0x0000,
 0x0000,
 0x0000,
 0x0000,
 0x0000,
 0x0000,
 0x0000,
 0x0000,
 0x0000,
 0x0000,
 0x0000,
 0x00b5,
 0x0000,
 0x0000,
 0x0000,
 0x0000,
 0x0000,
 0x0000,
 0x0000,
 0x0000,
 0x0000,
 0x0000,
 0x0000,
 0x0a23,
 0x0000,
 0x0000,
 0x0000,
 0x0000,
 0x0000,
 0x0000,
 0x0000,
 0x0000,
 0x0000,
 0x0000,
 0x0000,
 0x0000,
 0x0000,
 0x0000,
 0x0000,
 0x0000,
 0x0000,
 0x0000,
 0x0000,
 0x0000,
 0x0000,
 0x0000,
 0x0000,
 0x8177,
 0x0000,
 0x0000,
 0x0000,
 0x0000,
 0x0000,
 0x0000,
 0x0000,
 0x0000,
 0x0000,
 0x0000,
 0x0000,
 0x0000,
 0x0000,
 0x0000,
 0x0000,
 0x0000,
 0x0000,
 0x0000,
 0x0000,
 0x0000,
 0x0220,
 0x0000,
 0x0000,
 0x0000,
 0x0000,
 0x0000,
 0x0000,
 0x0000,
 0x0000,
 0x0000,
 0x0000,
 0x0281,
 0x0000,
 0x0000,
 0x0000,
 0x0000,
 0x0000,
 0x0000,
 0x0000,
 0x0000,
 0x0000,
 0x0000,
 0x0000,
 0x0000,
 0x0000,
 0x0000,
 0x0000,
 0x0000,
 0x0000,
 0x0000,
 0x0000,
 0x0000,
 0x0000,
 0x0000,
 0x0000,
 0x0000,
 0x0000,
 0x0000,
 0x0000,
 0x0000,
 0x0000,
 0x0000,
 0x0000,
 0x0000,
 0x0000,
 0x0000,
 0x0000,
 0x0000,
 0x0000,
 0x0000,
 0x0000,
 0x819e,
 0x0000,
 0x0000,
 0x0000,
 0x0000,
 0x0000,
 0x0000,
 0x0000,
 0x0000,
 0x0000,
 0x0000,
 0x0000,
 0x0000,
 0x0000,
 0x0000,
 0x0000,
 0x0000,
 0x0000,
 0x0000,
 0x0000,
 0x0000,
 0x0000,
 0x0000,
 0x021c,
 0x0000,
 0x0000,
 0x0000,
 0x0000,
 0x0000,
 0x0000,
 0x0000,
 0x0000,
 0x0000,
 0x0000,
 0x0000,
 0x0000,
 0x0000,
 0x0000,
 0x0000,
 0x0000,
 0x0000,
 0x0000,
 0x0000,
 0x0000,
 0x0211,
 0x0000,
 0x0000,
 0x0000,
 0x0000,
 0x0000,
 0x0000,
 0x0000,
 0x0000,
 0x0000,
 0x0000,
 0x0000,
 0x0000,
 0x0000,
 0x0000,
 0x8133,
 0x0000,
 0x0000,
 0x0000,
 0x0000,
 0x0000,
 0x0000,
 0x0000,
 0x0000,
 0x0000,
 0x0000,
 0x0000,
 0x0000,
 0x0000,
 0x0000,
 0x0000,
 0x0000,
 0x0000,
 0x0000,
 0x0000,
 0x0000,
 0x0000,
 0x0000,
 0x0000,
 0x810f,
 0x0000,
 0x0000,
 0x0000,
 0x0000,
 0x0000,
 0x0000,
 0x0000,
 0x0000,
 0x0000,
 0x0000,
 0x0000,
 0x0000,
 0x0000,
 0x0000,
 0x0000,
 0x0000,
 0x0000,
 0x0000,
 0x0000,
 0x0000,
 0x818c,
 0x0000,
 0x0000,
 0x0000,
 0x0000,
 0x0000,
 0x0000,
 0x0000,
 0x0000,
 0x0000,
 0x0000,
 0x0000,
 0x0000,
 0x0000,
 0x0000,
 0x0000,
 0x0000,
 0x0000,
 0x0000,
 0x0000,
 0x0000,
 0x0000,
 0x0ca1,
 0x0000,
 0x0000,
 0x0000,
 0x0000,
 0x0000,
 0x0000,
 0x0000,
 0x0000,
 0x0000,
 0x0000,
 0x0000,
 0x0000,
 0x0000,
 0x0000,
 0x0000,
 0x0000,
 0x0000,
 0x0000,
 0x0000,
 0x0000,
 0x0000,
 0x0000,
 0x0000,
 0x0000,
 0x0000,
 0x0000,
 0x0000,
 0x0000,
 0x0000,
 0x0000,
 0x0000,
 0x0000,
 0x0000,
 0x0000,
 0x0000,
 0x0000,
 0x0000,
 0x0000,
 0x0000,
 0x0000,
 0x0000,
 0x0000,
 0x0000,
 0x0000,
 0x0000,
 0x0000,
 0x0000,
 0x0000,
 0x0000,
 0x0000,
 0x0000,
 0x0000,
 0x0000,
 0x0000,
 0x0000,
 0x817b,
 0x0000,
 0x0000,
 0x0000,
 0x0000,
 0x0000,
 0x0000,
 0x0000,
 0x0000,
 0x80a9,
 0x0000,
 0x0000,
 0x0000,
 0x0000,
 0x0000,
 0x0000,
 0x0000,
 0x0000,
 0x0000,
 0x0000,
 0x0000,
 0x0000,
 0x0000,
 0x0000,
 0x0000,
 0x0000,
 0x0000,
 0x0000,
 0x0000,
 0x0000,
 0x0000,
 0x0000,
 0x0000,
 0x0000,
 0x0000,
 0x0000,
 0x0000,
 0x0000,
 0x0000,
 0x0000,
 0x0000,
 0x0000,
 0x0000,
 0x021a,
 0x0000,
 0x0000,
 0x0000,
 0x0000,
 0x0000,
 0x0000,
 0x0000,
 0x0000,
 0x0000,
 0x0000,
 0x80ce,
 0x0000,
 0x0000,
 0x0000,
 0x0000,
 0x0000,
 0x0000,
 0x0000,
 0x0000,
 0x0000,
 0x0000,
 0x0000,
 0x0000,
 0x0000,
 0x0000,
 0x0000,
 0x0000,
 0x0000,
 0x0000,
 0x0000,
 0x0000,
 0x0000,
 0x0000,
 0x0000,
 0x0000,
 0x0000,
 0x0000,
 0x0000,
 0x0000,
 0x0000,
 0x0000,
 0x0000,
 0x0000,
 0x0000,
 0x0000,
 0x0000,
 0x0000,
 0x0000,
 0x0000,
 0x0000,
 0x0000,
 0x0000,
 0x0000,
 0x0000,
 0x0000,
 0x0000,
 0x0000,
 0x0000,
 0x0000,
 0x0000,
 0x0000,
 0x0000,
 0x0000,
 0x0000,
 0x0000,
 0x0000,
 0x0000,
 0x0000,
 0x0000,
 0x0000,
 0x0000,
 0x0000,
 0x0000,
 0x0000,
 0x0000,
 0x0000,
 0x0000,
 0x0000,
 0x0000,
 0x0000,
 0x0000,
 0x0000,
 0x0025,
 0x0000,
 0x0000,
 0x0000,
 0x0000,
 0x0000,
 0x0000,
 0x0000,
 0x0000,
 0x0000,
 0x0000,
 0x0000,
 0x0000,
 0x0000,
 0x0000,
 0x0000,
 0x0000,
 0x0000,
 0x0000,
 0x0000,
 0x0000,
 0x0000,
 0x0000,
 0x0000,
 0x0000,
 0x0000,
 0x0000,
 0x8043,
 0x0000,
 0x0000,
 0x0000,
 0x0000,
 0x0000,
 0x0000,
 0x80ec,
 0x0000,
 0x0000,
 0x0000,
 0x0000,
 0x0000,
 0x0000,
 0x0000,
 0x0000,
 0x0000,
 0x0000,
 0x0000,
 0x0000,
 0x0000,
 0x0000,
 0x0000,
 0x0000,
 0x0000,
 0x0000,
 0x0000,
 0x0000,
 0x0000,
 0x0000,
 0x0000,
 0x0000,
 0x0000,
 0x0000,
 0x0000,
 0x0000,
 0x0000,
 0x0000,
 0x0000,
 0x0000,
 0x0000,
 0x0000,
 0x0000,
 0x0000,
 0x0000,
 0x0000,
 0x0000,
 0x0000,
 0x0000,
 0x0000,
 0x0000,
 0x0000,
 0x0000,
 0x0000,
 0x0000,
 0x0000,
 0x0000,
 0x0000,
 0x0000,
 0x0b5a,
 0x0000,
 0x0000,
 0x0000,
 0x0000,
 0x0000,
 0x0000,
 0x0000,
 0x0000,
 0x0000,
 0x0000,
 0x0000,
 0x0000,
 0x0000,
 0x0000,
 0x0000,
 0x0000,
 0x8188,
 0x0000,
 0x0000,
 0x0000,
 0x0000,
 0x0000,
 0x0000,
 0x0000,
 0x0000,
 0x0000,
 0x0000,
 0x0000,
 0x0000,
 0x0000,
 0x0000,
 0x0000,
 0x0000,
 0x0000,
 0x0000,
 0x0000,
 0x0000,
 0x0000,
 0x0000,
 0x80a5,
 0x0000,
 0x0000,
 0x0000,
 0x0000,
 0x0000,
 0x0000,
 0x0000,
 0x0000,
 0x0000,
 0x0000,
 0x0000,
 0x0000,
 0x0000,
 0x0000,
 0x0000,
 0x0000,
 0x0000,
 0x0000,
 0x0000,
 0x0000,
 0x0000,
 0x0000,
 0x0000,
 0x0000,
 0x0000,
 0x0000,
 0x0000,
 0x0000,
 0x0000,
 0x0000,
 0x0000,
 0x0000,
 0x0000,
 0x0000,
 0x0000,
 0x0000,
 0x0000,
 0x0000,
 0x0000,
 0x0000,
 0x0000,
 0x0000,
 0x0000,
 0x0000,
 0x0000,
 0x0000,
 0x0000,
 0x0000,
 0x0000,
 0x060f,
 0x0000,
 0x0226,
 0x0000,
 0x0000,
 0x0000,
 0x0000,
 0x0000,
 0x0000,
 0x0000,
 0x0000,
 0x0000,
 0x0000,
 0x0000,
 0x0000,
 0x0000,
 0x0000,
 0x0000,
 0x0000,
 0x0000,
 0x0000,
 0x0000,
 0x0000,
 0x0000,
 0x0000,
 0x0000,
 0x0000,
 0x0000,
 0x0000,
 0x0000,
 0x0000,
 0x0000,
 0x0000,
 0x0000,
 0x0000,
 0x0000,
 0x0000,
 0x0000,
 0x0000,
 0x0000,
 0x0000,
 0x0000,
 0x0000,
 0x0000,
 0x0000,
 0x0000,
 0x0000,
 0x0000,
 0x0000,
 0x0000,
 0x0000,
 0x0000,
 0x0000,
 0x0000,
 0x0000,
 0x0000,
 0x0000,
 0x0000,
 0x0000,
 0x0000,
 0x0000,
 0x0000,
 0x0000,
 0x0000,
 0x0000,
 0x0000,
 0x0000,
 0x0000,
 0x0000,
 0x0000,
 0x0000,
 0x0000,
 0x0000,
 0x0000,
 0x0000,
 0x0000,
 0x0000,
 0x0000,
 0x0000,
 0x0000,
 0x0000,
 0x0000,
 0x0000,
 0x0000,
 0x0000,
 0x0000,
 0x0000,
 0x0000,
 0x0000,
 0x0000,
 0x0000,
 0x0000,
 0x0000,
 0x0000,
 0x0000,
 0x09a7,
 0x0000,
 0x0000,
 0x0000,
 0x0000,
 0x0000,
 0x0000,
 0x0000,
 0x0000,
 0x0000,
 0x0000,
 0x0000,
 0x0000,
 0x0000,
 0x0000,
 0x0000,
 0x0000,
 0x0000,
 0x0000,
 0x0000,
 0x0000,
 0x0000,
 0x0000,
 0x0986,
 0x0000,
 0x0000,
 0x0000,
 0x0000,
 0x0000,
 0x0000,
 0x0000,
 0x0000,
 0x0000,
 0x80fb,
 0x0000,
 0x0000,
 0x0000,
 0x0000,
 0x0000,
 0x0000,
 0x0000,
 0x0000,
 0x0000,
 0x0000,
 0x0000,
 0x0000,
 0x0000,
 0x0000,
 0x0000,
 0x0000,
 0x0000,
 0x0000,
 0x0000,
 0x0000,
 0x0000,
 0x0000,
 0x0000,
 0x0619,
 0x0000,
 0x0000,
 0x0000,
 0x0000,
 0x0000,
 0x0000,
 0x0000,
 0x0000,
 0x0000,
 0x0000,
 0x0000,
 0x0000,
 0x0000,
 0x0000,
 0x0000,
 0x0000,
 0x0000,
 0x0000,
 0x0000,
 0x0000,
 0x0000,
 0x0000,
 0x0000,
 0x0000,
 0x0000,
 0x0000,
 0x0000,
 0x0000,
 0x0000,
 0x0000,
 0x0000,
 0x0000,
 0x0000,
 0x0000,
 0x0000,
 0x0000,
 0x00b3,
 0x0000,
 0x0000,
 0x0000,
 0x0000,
 0x0000,
 0x0000,
 0x0000,
 0x0000,
 0x0000,
 0x0000,
 0x0000,
 0x0000,
 0x0000,
 0x0000,
 0x0000,
 0x0000,
 0x0000,
 0x0000,
 0x0000,
 0x0000,
 0x0000,
 0x0609,
 0x0000,
 0x0000,
 0x0000,
 0x0000,
 0x0000,
 0x0000,
 0x0000,
 0x0000,
 0x0000,
 0x0000,
 0x0000,
 0x0000,
 0x0000,
 0x0000,
 0x0000,
 0x0000,
 0x0000,
 0x0000,
 0x0000,
 0x0000,
 0x0000,
 0x0000,
 0x0000,
 0x0000,
 0x0000,
 0x0000,
 0x0000,
 0x0000,
 0x0000,
 0x0000,
 0x0000,
 0x0000,
 0x0000,
 0x0000,
 0x80ae,
 0x0000,
 0x0000,
 0x0000,
 0x0000,
 0x0000,
 0x0000,
 0x0000,
 0x0000,
 0x0000,
 0x0000,
 0x0000,
 0x0000,
 0x0000,
 0x0000,
 0x0000,
 0x0000,
 0x0000,
 0x0000,
 0x0000,
 0x0000,
 0x0000,
 0x0000,
 0x0000,
 0x0000,
 0x0000,
 0x0000,
 0x0000,
 0x0000,
 0x0000,
 0x0000,
 0x0000,
 0x0000,
 0x0000,
 0x0000,
 0x0000,
 0x0000,
 0x0b5d,
 0x0000,
 0x0000,
 0x0000,
 0x0000,
 0x0000,
 0x0000,
 0x0000,
 0x0000,
 0x0000,
 0x0000,
 0x0000,
 0x0000,
 0x0000,
 0x0000,
 0x0000,
 0x0000,
 0x0000,
 0x0000,
 0x0000,
 0x0000,
 0x0000,
 0x0000,
 0x0000,
 0x0000,
 0x0000,
 0x0000,
 0x0000,
 0x0000,
 0x0000,
 0x0000,
 0x0000,
 0x0000,
 0x0000,
 0x0000,
 0x0000,
 0x0000,
 0x0000,
 0x0000,
 0x0000,
 0x0000,
 0x0000,
 0x0000,
 0x0000,
 0x0000,
 0x0000,
 0x0000,
 0x0000,
 0x0000,
 0x0000,
 0x0000,
 0x0000,
 0x0000,
 0x0000,
 0x0000,
 0x0000,
 0x0000,
 0x0000,
 0x0000,
 0x0000,
 0x0000,
 0x0000,
 0x0000,
 0x0000,
 0x0000,
 0x0000,
 0x0000,
 0x0000,
 0x0000,
 0x0000,
 0x0000,
 0x0000,
 0x0000,
 0x0000,
 0x0000,
 0x0000,
 0x0000,
 0x0000,
 0x0000,
 0x0000,
 0x0000,
 0x0000,
 0x0000,
 0x0000,
 0x0000,
 0x0000,
 0x0000,
 0x0000,
 0x0000,
 0x0000,
 0x0000,
 0x0000,
 0x0000,
 0x0000,
 0x0000,
 0x0000,
 0x0000,
 0x0976,
 0x0000,
 0x0000,
 0x0000,
 0x0000,
 0x0000,
 0x0000,
 0x0000,
 0x0000,
 0x0000,
 0x0000,
 0x0000,
 0x0000,
 0x0000,
 0x0000,
 0x0000,
 0x0000,
 0x0000,
 0x0000,
 0x0000,
 0x0000,
 0x0000,
 0x0000,
 0x0000,
 0x0000,
 0x0000,
 0x0000,
 0x0000,
 0x0000,
 0x0000,
 0x0000,
 0x0000,
 0x0000,
 0x0000,
 0x0000,
 0x0000,
 0x0000,
 0x0000,
 0x0000,
 0x0000,
 0x0000,
 0x0000,
 0x0000,
 0x0000,
 0x0000,
 0x0000,
 0x0000,
 0x0000,
 0x0000,
 0x0000,
 0x0000,
 0x0000,
 0x0000,
 0x0000,
 0x0000,
 0x0000,
 0x0000,
 0x0000,
 0x0000,
 0x00b7,
 0x0000,
 0x0000,
 0x0000,
 0x0000,
 0x0000,
 0x81b0,
 0x0000,
 0x0000,
 0x0000,
 0x0000,
 0x0000,
 0x0000,
 0x0000,
 0x0000,
 0x0000,
 0x0000,
 0x0000,
 0x0000,
 0x0000,
 0x0000,
 0x0000,
 0x0000,
 0x0000,
 0x0000,
 0x0000,
 0x0000,
 0x0000,
 0x0000,
 0x0000,
 0x0000,
 0x0000,
 0x0000,
 0x0000,
 0x0000,
 0x8191,
 0x0000,
 0x0988,
 0x0000,
 0x0000,
 0x0000,
 0x0000,
 0x0000,
 0x0000,
 0x0000,
 0x0000,
 0x0000,
 0x0000,
 0x0000,
 0x0000,
 0x0000,
 0x0000,
 0x0000,
 0x0000,
 0x0000,
 0x0000,
 0x0000,
 0x0000,
 0x0000,
 0x0000,
 0x0000,
 0x0000,
 0x0000,
 0x0000,
 0x0000,
 0x0000,
 0x0000,
 0x0000,
 0x0000,
 0x0000,
 0x0000,
 0x0000,
 0x0000,
 0x0000,
 0x0000,
 0x0000,
 0x0000,
 0x0000,
 0x0000,
 0x0000,
 0x0000,
 0x0000,
 0x0000,
 0x0000,
 0x0000,
 0x0000,
 0x0000,
 0x0000,
 0x0000,
 0x0000,
 0x0000,
 0x0000,
 0x0000,
 0x0000,
 0x0000,
 0x0000,
 0x0000,
 0x0000,
 0x0000,
 0x0000,
 0x0000,
 0x0000,
 0x0000,
 0x0000,
 0x0000,
 0x0000,
 0x0000,
 0x0000,
 0x0000,
 0x0000,
 0x0000,
 0x0000,
 0x0000,
 0x0000,
 0x0000,
 0x0000,
 0x0000,
 0x0000,
 0x0000,
 0x0000,
 0x0000,
 0x0000,
 0x0000,
 0x0000,
 0x0000,
 0x0000,
 0x0000,
 0x0000,
 0x81aa,
 0x0000,
 0x0000,
 0x0000,
 0x0000,
 0x0000,
 0x0000,
 0x0000,
 0x0000,
 0x0000,
 0x0532,
 0x0000,
 0x0000,
 0x0000,
 0x0000,
 0x0000,
 0x0000,
 0x0000,
 0x0000,
 0x0000,
 0x0000,
 0x0000,
 0x0000,
 0x0000,
 0x0000,
 0x0000,
 0x0000,
 0x0000,
 0x0000,
 0x0000,
 0x0000,
 0x0000,
 0x0000,
 0x0000,
 0x0000,
 0x0000,
 0x0000,
 0x0000,
 0x0000,
 0x0000,
 0x0000,
 0x0000,
 0x0000,
 0x0000,
 0x0000,
 0x0000,
 0x0000,
 0x0000,
 0x0000,
 0x0000,
 0x0000,
 0x0000,
 0x0000,
 0x0000,
 0x0000,
 0x0000,
 0x0000,
 0x0000,
 0x8166,
 0x0000,
 0x0000,
 0x0000,
 0x0000,
 0x0000,
 0x0000,
 0x0000,
 0x0000,
 0x0000,
 0x0000,
 0x0000,
 0x0000,
 0x0000,
 0x0000,
 0x0000,
 0x0000,
 0x0000,
 0x0000,
 0x0000,
 0x0000,
 0x0000,
 0x0000,
 0x0000,
 0x0000,
 0x0000,
 0x0000,
 0x0000,
 0x0000,
 0x0000,
 0x0000,
 0x0000,
 0x0000,
 0x0000,
 0x0000,
 0x0000,
 0x0000,
 0x0000,
 0x0000,
 0x0000,
 0x0000,
 0x0000,
 0x0000,
 0x0000,
 0x0000,
 0x0000,
 0x0000,
 0x0000,
 0x0000,
 0x0000,
 0x0000,
 0x0000,
 0x0000,
 0x0000,
 0x0000,
 0x0000,
 0x0000,
 0x0000,
 0x0000,
 0x0000,
 0x0000,
 0x0000,
 0x0000,
 0x0000,
 0x0000,
 0x0000,
 0x0000,
 0x0000,
 0x0000,
 0x0000,
 0x0000,
 0x0000,
 0x0000,
 0x0000,
 0x0000,
 0x0000,
 0x0000,
 0x0000,
 0x0000,
 0x0000,
 0x0000,
 0x0000,
 0x0000,
 0x0000,
 0x0000,
 0x0000,
 0x0000,
 0x0000,
 0x0000,
 0x0000,
 0x0000,
 0x0000,
 0x0000,
 0x0000,
 0x0000,
 0x0000,
 0x0000,
 0x0000,
 0x0000,
 0x0000,
 0x0000,
 0x0000,
 0x0000,
 0x0000,
 0x0000,
 0x0000,
 0x0000,
 0x0000,
 0x0000,
 0x0000,
 0x0000,
 0x0000,
 0x0000,
 0x08bd,
 0x0000,
 0x0000,
 0x0000,
 0x0000,
 0x0000,
 0x0000,
 0x0000,
 0x0ce1,
 0x0000,
 0x0000,
 0x0000,
 0x0000,
 0x0000,
 0x0000,
 0x0000,
 0x0000,
 0x0000,
 0x0000,
 0x0000,
 0x0000,
 0x0000,
 0x0000,
 0x0000,
 0x0000,
 0x0000,
 0x0000,
 0x0000,
 0x0000,
 0x0000,
 0x0000,
 0x0000,
 0x0000,
 0x0000,
 0x0000,
 0x0000,
 0x0000,
 0x0000,
 0x0000,
 0x0000,
 0x0000,
 0x0000,
 0x0000,
 0x0000,
 0x0000,
 0x0000,
 0x0000,
 0x0000,
 0x0000,
 0x0000,
 0x0000,
 0x0000,
 0x0000,
 0x0000,
 0x0000,
 0x0000,
 0x0000,
 0x0000,
 0x0000,
 0x0000,
 0x0000,
 0x0000,
 0x0000,
 0x0000,
 0x0000,
 0x0000,
 0x0000,
 0x0000,
 0x0228,
 0x0000,
 0x0000,
 0x0000,
 0x0000,
 0x0000,
 0x0000,
 0x0000,
 0x0000,
 0x0000,
 0x0000,
 0x0000,
 0x0000,
 0x0000,
 0x0000,
 0x0000,
 0x0000,
 0x0000,
 0x0000,
 0x0000,
 0x0000,
 0x80bc,
 0x0000,
 0x0000,
 0x0000,
 0x0000,
 0x0000,
 0x0000,
 0x0000,
 0x0000,
 0x0000,
 0x0000,
 0x0000,
 0x0000,
 0x0000,
 0x0000,
 0x0000,
 0x0000,
 0x0000,
 0x0000,
 0x0000,
 0x0000,
 0x0000,
 0x0000,
 0x0000,
 0x0000,
 0x8102,
 0x0000,
 0x0000,
 0x0000,
 0x0000,
 0x0000,
 0x0000,
 0x0000,
 0x0000,
 0x0000,
 0x0000,
 0x0000,
 0x0000,
 0x0000,
 0x0000,
 0x0000,
 0x0000,
 0x0000,
 0x0000,
 0x0000,
 0x0000,
 0x0000,
 0x0000,
 0x0000,
 0x0000,
 0x0000,
 0x0000,
 0x0000,
 0x0000,
 0x0000,
 0x0000,
 0x0000,
 0x0000,
 0x0000,
 0x0000,
 0x0000,
 0x0000,
 0x0000,
 0x0000,
 0x0000,
 0x0000,
 0x0000,
 0x0000,
 0x0000,
 0x0000,
 0x0000,
 0x0000,
 0x0000,
 0x0000,
 0x0000,
 0x0000,
 0x0000,
 0x0000,
 0x0000,
 0x0000,
 0x0000,
 0x0000,
 0x0000,
 0x0000,
 0x0000,
 0x0000,
 0x0000,
 0x0000,
 0x0000,
 0x0000,
 0x0000,
 0x0000,
 0x0000,
 0x0000,
 0x0000,
 0x0000,
 0x0000,
 0x0000,
 0x0000,
 0x0000,
 0x0000,
 0x0000,
 0x0000,
 0x0000,
 0x07a8,
 0x0000,
 0x0000,
 0x0000,
 0x0000,
 0x0000,
 0x0000,
 0x0000,
 0x0000,
 0x0000,
 0x0000,
 0x0000,
 0x0000,
 0x0000,
 0x0000,
 0x0000,
 0x0000,
 0x0000,
 0x0000,
 0x0000,
 0x0000,
 0x0000,
 0x0000,
 0x0000,
 0x0000,
 0x0000,
 0x0000,
 0x0000,
 0x0000,
 0x0000,
 0x0000,
 0x0000,
 0x0000,
 0x80d7,
 0x0000,
 0x0000,
 0x0000,
 0x0000,
 0x0000,
 0x0000,
 0x0000,
 0x0000,
 0x0000,
 0x0000,
 0x0000,
 0x0000,
 0x0000,
 0x0000,
 0x0000,
 0x0000,
 0x0000,
 0x0000,
 0x0000,
 0x01fc,
 0x0000,
 0x0000,
 0x0000,
 0x0000,
 0x0000,
 0x0000,
 0x0000,
 0x0000,
 0x0000,
 0x0000,
 0x0000,
 0x0000,
 0x0000,
 0x0000,
 0x0000,
 0x0000,
 0x0000,
 0x0000,
 0x0000,
 0x0000,
 0x0000,
 0x0000,
 0x0000,
 0x0000,
 0x0000,
 0x0000,
 0x0000,
 0x0000,
 0x0000,
 0x0000,
 0x0000,
 0x0000,
 0x0000,
 0x0000,
 0x0000,
 0x0000,
 0x0000,
 0x0000,
 0x01b2,
 0x0000,
 0x0000,
 0x0000,
 0x0000,
 0x0000,
 0x0000,
 0x0000,
 0x0000,
 0x0000,
 0x0000,
 0x0000,
 0x0000,
 0x0000,
 0x0000,
 0x0000,
 0x0000,
 0x0000,
 0x0000,
 0x0000,
 0x0000,
 0x0000,
 0x0000,
 0x813b,
 0x0000,
 0x0000,
 0x0000,
 0x0000,
 0x0000,
 0x0000,
 0x0000,
 0x0000,
 0x0000,
 0x0000,
 0x0000,
 0x0000,
 0x0000,
 0x0000,
 0x0000,
 0x0000,
 0x0000,
 0x0000,
 0x0000,
 0x0000,
 0x0000,
 0x0000,
 0x0000,
 0x0000,
 0x0000,
 0x0000,
 0x0000,
 0x0000,
 0x0000,
 0x0000,
 0x0000,
 0x0000,
 0x0603,
 0x0000,
 0x0000,
 0x0000,
 0x0000,
 0x0000,
 0x0000,
 0x0000,
 0x0000,
 0x0000,
 0x0000,
 0x0000,
 0x0000,
 0x0000,
 0x0000,
 0x0000,
 0x0000,
 0x0000,
 0x0000,
 0x0000,
 0x0000,
 0x0000,
 0x0000,
 0x0000,
 0x0000,
 0x0000,
 0x0000,
 0x0000,
 0x0000,
 0x0000,
 0x0000,
 0x0000,
 0x0000,
 0x0000,
 0x0000,
 0x0000,
 0x0000,
 0x0000,
 0x0000,
 0x0000,
 0x0000,
 0x0000,
 0x0000,
 0x0000,
 0x0000,
 0x0000,
 0x0000,
 0x0000,
 0x0000,
 0x0000,
 0x0000,
 0x0000,
 0x0000,
 0x0000,
 0x0000,
 0x0000,
 0x0000,
 0x0000,
 0x0000,
 0x0000,
 0x0000,
 0x0000,
 0x0000,
 0x0000,
 0x0000,
 0x0000,
 0x0000,
 0x0000,
 0x0000,
 0x0000,
 0x0000,
 0x0000,
 0x0000,
 0x0000,
 0x0000,
 0x0000,
 0x0000,
 0x0000,
 0x0000,
 0x0000,
 0x0000,
 0x0000,
 0x0000,
 0x0000,
 0x0000,
 0x0000,
 0x0000,
 0x0000,
 0x0000,
 0x0000,
 0x0000,
 0x0000,
 0x0000,
 0x0000,
 0x0000,
 0x0000,
 0x0000,
 0x0000,
 0x0000,
 0x0000,
 0x8013,
 0x0000,
 0x0000,
 0x0000,
 0x0000,
 0x0000,
 0x0000,
 0x0000,
 0x0000,
 0x0000,
 0x0000,
 0x0000,
 0x8168,
 0x0000,
 0x0000,
 0x0000,
 0x0000,
 0x0000,
 0x0000,
 0x0000,
 0x0000,
 0x0000,
 0x0000,
 0x0000,
 0x0000,
 0x0000,
 0x0000,
 0x0000,
 0x0000,
 0x0000,
 0x0000,
 0x0000,
 0x0000,
 0x0000,
 0x0000,
 0x0000,
 0x0000,
 0x0000,
 0x0000,
 0x0000,
 0x0000,
 0x0000,
 0x0000,
 0x0000,
 0x0000,
 0x0000,
 0x0000,
 0x0000,
 0x0000,
 0x0000,
 0x0000,
 0x0000,
 0x0000,
 0x0000,
 0x0000,
 0x0000,
 0x0000,
 0x0000,
 0x0000,
 0x0000,
 0x0000,
 0x0000,
 0x0000,
 0x0000,
 0x0000,
 0x0000,
 0x0000,
 0x0000,
 0x0000,
 0x0000,
 0x0021,
 0x0000,
 0x0000,
 0x0000,
 0x0000,
 0x0000,
 0x0000,
 0x0000,
 0x0000,
 0x0000,
 0x0000,
 0x0000,
 0x0000,
 0x0000,
 0x0000,
 0x0000,
 0x0000,
 0x0000,
 0x0000,
 0x0000,
 0x0000,
 0x0000,
 0x0000,
 0x0000,
 0x0000,
 0x0000,
 0x0000,
 0x0000,
 0x0000,
 0x0000,
 0x0000,
 0x0000,
 0x0000,
 0x0000,
 0x0000,
 0x0000,
 0x0000,
 0x0000,
 0x0000,
 0x0000,
 0x0000,
 0x0000,
 0x0000,
 0x0000,
 0x0000,
 0x0000,
 0x0000,
 0x0000,
 0x0000,
 0x0000,
 0x0000,
 0x0000,
 0x0000,
 0x0000,
 0x0000,
 0x0000,
 0x0000,
 0x05ff,
 0x0000,
 0x0000,
 0x0000,
 0x0000,
 0x0000,
 0x0000,
 0x0000,
 0x0000,
 0x0000,
 0x0000,
 0x0000,
 0x0000,
 0x0000,
 0x0000,
 0x0000,
 0x0000,
 0x0000,
 0x0000,
 0x0000,
 0x0000,
 0x0000,
 0x0000,
 0x0000,
 0x0000,
 0x0000,
 0x0000,
 0x0000,
 0x0000,
 0x0000,
 0x0000,
 0x0000,
 0x0000,
 0x0000,
 0x0000,
 0x0000,
 0x80e7,
 0x0000,
 0x0000,
 0x0000,
 0x0000,
 0x0000,
 0x0000,
 0x0000,
 0x0000,
 0x0000,
 0x0000,
 0x0000,
 0x0000,
 0x0000,
 0x0000,
 0x0000,
 0x0000,
 0x0000,
 0x0000,
 0x0000,
 0x0000,
 0x0000,
 0x0000,
 0x0000,
 0x0997,
 0x0000,
 0x0000,
 0x0000,
 0x0000,
 0x0000,
 0x0000,
 0x0000,
 0x0000,
 0x0000,
 0x0000,
 0x0000,
 0x0000,
 0x0000,
 0x0000,
 0x0000,
 0x0000,
 0x0000,
 0x0000,
 0x818e,
 0x0000,
 0x0000,
 0x0000,
 0x0000,
 0x0000,
 0x0000,
 0x0000,
 0x0000,
 0x0000,
 0x0000,
 0x0000,
 0x0000,
 0x0000,
 0x0000,
 0x0000,
 0x0000,
 0x0000,
 0x0000,
 0x0000,
 0x0000,
 0x0000,
 0x0000,
 0x0000,
 0x0000,
 0x0000,
 0x0000,
 0x0000,
 0x0000,
 0x0000,
 0x0000,
 0x0000,
 0x0000,
 0x0000,
 0x0000,
 0x0000,
 0x0000,
 0x0000,
 0x0000,
 0x0000,
 0x0000,
 0x0000,
 0x0000,
 0x0000,
 0x0000,
 0x0000,
 0x0000,
 0x0000,
 0x0000,
 0x0000,
 0x0000,
 0x0000,
 0x0000,
 0x0000,
 0x0000,
 0x0000,
 0x0000,
 0x0000,
 0x0000,
 0x0000,
 0x0000,
 0x0000,
 0x0000,
 0x0000,
 0x0000,
 0x0000,
 0x0000,
 0x0000,
 0x0000,
 0x0000,
 0x0000,
 0x0000,
 0x0000,
 0x0000,
 0x0000,
 0x0000,
 0x0000,
 0x0c72,
 0x0000,
 0x0000,
 0x0000,
 0x0000,
 0x80c0,
 0x0000,
 0x0000,
 0x0000,
 0x0000,
 0x0000,
 0x0000,
 0x0000,
 0x0000,
 0x0000,
 0x0000,
 0x0000,
 0x0000,
 0x0000,
 0x0465,
 0x0000,
 0x0000,
 0x0000,
 0x0000,
 0x0000,
 0x0000,
 0x0000,
 0x0000,
 0x0000,
 0x0000,
 0x0000,
 0x0000,
 0x0000,
 0x0000,
 0x0000,
 0x0000,
 0x0000,
 0x0000,
 0x0000,
 0x0000,
 0x0000,
 0x0000,
 0x0000,
 0x0000,
 0x0000,
 0x0000,
 0x0000,
 0x0000,
 0x0000,
 0x0000,
 0x0000,
 0x0000,
 0x0000,
 0x0000,
 0x0000,
 0x0000,
 0x0000,
 0x0000,
 0x0000,
 0x0000,
 0x0000,
 0x0000,
 0x0000,
 0x0000,
 0x0000,
 0x0000,
 0x0000,
 0x0000,
 0x0000,
 0x0000,
 0x0000,
 0x0000,
 0x0000,
 0x0000,
 0x0000,
 0x0000,
 0x0000,
 0x0000,
 0x0000,
 0x0000,
 0x0000,
 0x0000,
 0x0000,
 0x0000,
 0x0000,
 0x0000,
 0x8051,
 0x0000,
 0x0000,
 0x0000,
 0x0000,
 0x0000,
 0x0000,
 0x0000,
 0x0000,
 0x0000,
 0x0000,
 0x0000,
 0x0000,
 0x0000,
 0x0000,
 0x0000,
 0x0000,
 0x0000,
 0x0000,
 0x0000,
 0x0000,
 0x0000,
 0x0000,
 0x0000,
 0x8023,
 0x0000,
 0x0000,
 0x0000,
 0x0000,
 0x0000,
 0x0000,
 0x0000,
 0x0000,
 0x0000,
 0x0000,
 0x0000,
 0x0000,
 0x0000,
 0x0000,
 0x0000,
 0x0000,
 0x0000,
 0x0000,
 0x0000,
 0x0000,
 0x0000,
 0x0000,
 0x0000,
 0x0000,
 0x0000,
 0x0000,
 0x0000,
 0x0000,
 0x0000,
 0x0000,
 0x0000,
 0x0000,
 0x0000,
 0x0000,
 0x0000,
 0x0000,
 0x0000,
 0x0000,
 0x0000,
 0x0000,
 0x0000,
 0x0000,
 0x0000,
 0x0000,
 0x0000,
 0x0000,
 0x0000,
 0x0000,
 0x0000,
 0x0000,
 0x0000,
 0x0000,
 0x0000,
 0x0000,
 0x0000,
 0x0000,
 0x0000,
 0x0000,
 0x0000,
 0x0000,
 0x0000,
 0x0000,
 0x0000,
 0x0195,
 0x0000,
 0x0000,
 0x0000,
 0x0000,
 0x0000,
 0x0000,
 0x0000,
 0x0000,
 0x0000,
 0x0000,
 0x0000,
 0x0000,
 0x04c8,
 0x0000,
 0x0000,
 0x0000,
 0x0000,
 0x0000,
 0x0000,
 0x0000,
 0x0000,
 0x0000,
 0x0000,
 0x0000,
 0x0000,
 0x0000,
 0x0000,
 0x0000,
 0x0000,
 0x0b0d,
 0x0000,
 0x0000,
 0x0c9d,
 0x0000,
 0x0000,
 0x0000,
 0x0000,
 0x0000,
 0x0000,
 0x0000,
 0x0000,
 0x0000,
 0x0000,
 0x0000,
 0x0000,
 0x0000,
 0x0000,
 0x0000,
 0x0000,
 0x0000,
 0x0000,
 0x0000,
 0x0000,
 0x0000,
 0x0000,
 0x0000,
 0x805c,
 0x0000,
 0x0000,
 0x0000,
 0x0000,
 0x0000,
 0x0000,
 0x0000,
 0x0000,
 0x0000,
 0x0000,
 0x0000,
 0x0000,
 0x0000,
 0x0000,
 0x0000,
 0x0000,
 0x0000,
 0x0000,
 0x0000,
 0x0000,
 0x0000,
 0x0000,
 0x814b,
 0x0000,
 0x0000,
 0x0000,
 0x0000,
 0x0000,
 0x0000,
 0x0000,
 0x8114,
 0x0000,
 0x0000,
 0x0000,
 0x0000,
 0x0000,
 0x0000,
 0x803b,
 0x0000,
 0x0000,
 0x0000,
 0x0000,
 0x0000,
 0x0000,
 0x0000,
 0x0000,
 0x0d11,
 0x0000,
 0x0000,
 0x0000,
 0x0000,
 0x0000,
 0x0000,
 0x0000,
 0x0000,
 0x0000,
 0x0000,
 0x0000,
 0x0000,
 0x0000,
 0x0000,
 0x0000,
 0x0000,
 0x0000,
 0x0000,
 0x0000,
 0x0000,
 0x0000,
 0x0000,
 0x0000,
 0x0000,
 0x0000,
 0x0000,
 0x0000,
 0x0000,
 0x0000,
 0x0000,
 0x0000,
 0x0000,
 0x0000,
 0x0000,
 0x0000,
 0x0000,
 0x0000,
 0x0000,
 0x0000,
 0x0000,
 0x0000,
 0x0000,
 0x0000,
 0x0000,
 0x0000,
 0x0000,
 0x0000,
 0x0000,
 0x0000,
 0x0000,
 0x0000,
 0x0000,
 0x0000,
 0x0000,
 0x0000,
 0x0000,
 0x0000,
 0x0000,
 0x0000,
 0x0000,
 0x0000,
 0x0000,
 0x0000,
 0x0000,
 0x0000,
 0x0000,
 0x0000,
 0x0000,
 0x0000,
 0x0000,
 0x0000,
 0x0000,
 0x0000,
 0x0982,
 0x0000,
 0x0000,
 0x0000,
 0x0000,
 0x0000,
 0x0000,
 0x0000,
 0x0000,
 0x0000,
 0x0000,
 0x0000,
 0x0000,
 0x0000,
 0x0000,
 0x0000,
 0x0000,
 0x0000,
 0x0000,
 0x0000,
 0x0000,
 0x0000,
 0x0000,
 0x0000,
 0x0000,
 0x0000,
 0x0000,
 0x0000,
 0x0000,
 0x0000,
 0x0000,
 0x0000,
 0x0000,
 0x0000,
 0x810c,
 0x0000,
 0x0000,
 0x0000,
 0x0000,
 0x0000,
 0x0000,
 0x0000,
 0x0000,
 0x0000,
 0x0000,
 0x0000,
 0x0000,
 0x0000,
 0x0000,
 0x0000,
 0x0000,
 0x0000,
 0x0000,
 0x0000,
 0x0000,
 0x0000,
 0x0000,
 0x0000,
 0x0000,
 0x0000,
 0x0000,
 0x0000,
 0x0000,
 0x0000,
 0x0000,
 0x0000,
 0x0000,
 0x0000,
 0x0000,
 0x0000,
 0x8197,
 0x0000,
 0x0000,
 0x0000,
 0x0000,
 0x0000,
 0x0000,
 0x0000,
 0x0000,
 0x0000,
 0x0000,
 0x0000,
 0x0000,
 0x0000,
 0x0000,
 0x0000,
 0x0000,
 0x0000,
 0x0000,
 0x0000,
 0x0000,
 0x022e,
 0x0000,
 0x0000,
 0x0000,
 0x0000,
 0x0000,
 0x0000,
 0x0000,
 0x0000,
 0x0000,
 0x0000,
 0x0000,
 0x0000,
 0x0000,
 0x0000,
 0x0000,
 0x0000,
 0x0000,
 0x0000,
 0x0000,
 0x0000,
 0x0000,
 0x0000,
 0x0000,
 0x0000,
 0x0000,
 0x0000,
 0x0000,
 0x0000,
 0x0000,
 0x0000,
 0x0000,
 0x0000,
 0x0000,
 0x0000,
 0x0000,
 0x0000,
 0x0000,
 0x0000,
 0x0000,
 0x0000,
 0x0000,
 0x0000,
 0x0000,
 0x0000,
 0x0000,
 0x0000,
 0x0000,
 0x0000,
 0x0000,
 0x0000,
 0x0000,
 0x0000,
 0x0000,
 0x0000,
 0x0000,
 0x0000,
 0x0000,
 0x0000,
 0x0000,
 0x0000,
 0x0000,
 0x0000,
 0x0000,
 0x0000,
 0x0000,
 0x0000,
 0x0000,
 0x0000,
 0x0000,
 0x0000,
 0x0000,
 0x0000,
 0x0000,
 0x0000,
 0x0000,
 0x0000,
 0x0000,
 0x0000,
 0x0000,
 0x0000,
 0x0000,
 0x0000,
 0x0000,
 0x0000,
 0x0000,
 0x0000,
 0x0000,
 0x0000,
 0x0000,
 0x0000,
 0x0000,
 0x0000,
 0x0000,
 0x0000,
 0x0000,
 0x0000,
 0x0000,
 0x0000,
 0x0000,
 0x0000,
 0x0000,
 0x0000,
 0x0000,
 0x0000,
 0x0000,
 0x0000,
 0x0000,
 0x0000,
 0x0000,
 0x0000,
 0x0000,
 0x0000,
 0x0000,
 0x0000,
 0x0000,
 0x0000,
 0x0000,
 0x0000,
 0x0000,
 0x0000,
 0x0000,
 0x0000,
 0x0000,
 0x0000,
 0x0000,
 0x0000,
 0x0000,
 0x0000,
 0x0000,
 0x0000,
 0x0000,
 0x0000,
 0x0000,
 0x0000,
 0x0000,
 0x0000,
 0x0000,
 0x0000,
 0x0000,
 0x0000,
 0x0000,
 0x0000,
 0x0000,
 0x0000,
 0x0000,
 0x0000,
 0x0000,
 0x0000,
 0x0000,
 0x0000,
 0x0000,
 0x0000,
 0x0000,
 0x0000,
 0x0000,
 0x0000,
 0x0000,
 0x0000,
 0x0000,
 0x0000,
 0x0000,
 0x0000,
 0x0000,
 0x0000,
 0x0000,
 0x046d,
 0x0000,
 0x0000,
 0x0000,
 0x0000,
 0x0000,
 0x0000,
 0x0000,
 0x0000,
 0x0000,
 0x0000,
 0x0000,
 0x0000,
 0x0000,
 0x0000,
 0x0000,
 0x0000,
 0x0000,
 0x0000,
 0x0000,
 0x0000,
 0x0000,
 0x0000,
 0x0000,
 0x0000,
 0x0000,
 0x0000,
 0x0000,
 0x0000,
 0x0000,
 0x0000,
 0x0000,
 0x0000,
 0x0000,
 0x0000,
 0x0000,
 0x0000,
 0x0000,
 0x0000,
 0x0000,
 0x0000,
 0x0000,
 0x0000,
 0x0000,
 0x0000,
 0x0000,
 0x0000,
 0x098a,
 0x812b,
 0x0000,
 0x0000,
 0x0000,
 0x0000,
 0x0000,
 0x0000,
 0x0000,
 0x0000,
 0x0000,
 0x0000,
 0x0000,
 0x0000,
 0x0000,
 0x0000,
 0x0000,
 0x0000,
 0x0000,
 0x0000,
 0x0000,
 0x0000,
 0x0000,
 0x0000,
 0x0000,
 0x0000,
 0x0000,
 0x0000,
 0x0000,
 0x0000,
 0x0000,
 0x0000,
 0x0000,
 0x0000,
 0x0000,
 0x0000,
 0x0000,
 0x0000,
 0x0000,
 0x0000,
 0x0000,
 0x0000,
 0x0000,
 0x0000,
 0x0000,
 0x0000,
 0x0000,
 0x0000,
 0x0000,
 0x0000,
 0x0000,
 0x0000,
 0x0000,
 0x0000,
 0x0000,
 0x0000,
 0x0000,
 0x0000,
 0x0000,
 0x0000,
 0x0000,
 0x0000,
 0x0000,
 0x0000,
 0x0000,
 0x0000,
 0x0000,
 0x0000,
 0x0000,
 0x0000,
 0x0000,
 0x0000,
 0x0000,
 0x0000,
 0x0000,
 0x0000,
 0x0000,
 0x0000,
 0x0000,
 0x0000,
 0x0000,
 0x0000,
 0x0000,
 0x0000,
 0x0000,
 0x0000,
 0x0000,
 0x0000,
 0x0000,
 0x0000,
 0x0000,
 0x0000,
 0x0000,
 0x0000,
 0x0000,
 0x0000,
 0x0000,
 0x0000,
 0x0000,
 0x0000,
 0x0000,
 0x0000,
 0x0000,
 0x0000,
 0x0000,
 0x0000,
 0x0000,
 0x0000,
 0x0000,
 0x0000,
 0x0000,
 0x0000,
 0x0000,
 0x0000,
 0x0000,
 0x0000,
 0x0000,
 0x0000,
 0x0000,
 0x0000,
 0x0000,
 0x0000,
 0x0000,
 0x0000,
 0x0000,
 0x0000,
 0x0000,
 0x0000,
 0x0000,
 0x0000,
 0x0000,
 0x0000,
 0x0000,
 0x0000,
 0x0000,
 0x0000,
 0x0000,
 0x0000,
 0x0000,
 0x0000,
 0x0000,
 0x0000,
 0x0000,
 0x0000,
 0x8190,
 0x0000,
 0x0000,
 0x0000,
 0x0000,
 0x0000,
 0x0000,
 0x0000,
 0x0000,
 0x0000,
 0x0000,
 0x0000,
 0x80d1,
 0x0000,
 0x0000,
 0x0000,
 0x0000,
 0x0000,
 0x0000,
 0x0000,
 0x0000,
 0x0000,
 0x0000,
 0x0000,
 0x0000,
 0x0000,
 0x0000,
 0x0000,
 0x0000,
 0x0000,
 0x0000,
 0x0000,
 0x0000,
 0x0000,
 0x0000,
 0x0000,
 0x0000,
 0x0000,
 0x0000,
 0x0000,
 0x0000,
 0x0000,
 0x0000,
 0x0000,
 0x0000,
 0x0000,
 0x0000,
 0x0000,
 0x0000,
 0x0000,
 0x0000,
 0x0000,
 0x0000,
 0x0000,
 0x0000,
 0x0000,
 0x0000,
 0x0000,
 0x0000,
 0x0000,
 0x0000,
 0x0000,
 0x0000,
 0x0000,
 0x0000,
 0x0000,
 0x0000,
 0x0000,
 0x0000,
 0x0000,
 0x0000,
 0x0000,
 0x0000,
 0x0000,
 0x0000,
 0x0000,
 0x0000,
 0x0000,
 0x0000,
 0x0000,
 0x0000,
 0x0000,
 0x0000,
 0x0000,
 0x0000,
 0x0000,
 0x0000,
 0x0000,
 0x0000,
 0x0000,
 0x0000,
 0x8080,
 0x0000,
 0x0000,
 0x0000,
 0x0000,
 0x0000,
 0x0000,
 0x0000,
 0x0000,
 0x0000,
 0x0000,
 0x0000,
 0x0000,
 0x0000,
 0x0000,
 0x0000,
 0x0200,
 0x0000,
 0x0000,
 0x0000,
 0x0000,
 0x0000,
 0x0000,
 0x0000,
 0x0000,
 0x0000,
 0x0000,
 0x0000,
 0x0000,
 0x0000,
 0x0000,
 0x0000,
 0x0000,
 0x0000,
 0x0000,
 0x0000,
 0x0000,
 0x0000,
 0x0000,
 0x0000,
 0x0000,
 0x0000,
 0x0000,
 0x0000,
 0x0000,
 0x0000,
 0x0000,
 0x0000,
 0x0000,
 0x0000,
 0x0000,
 0x0000,
 0x0000,
 0x0000,
 0x0000,
 0x0000,
 0x0000,
 0x0000,
 0x0000,
 0x0000,
 0x0000,
 0x0000,
 0x0000,
 0x0000,
 0x0000,
 0x0000,
 0x0000,
 0x0000,
 0x0000,
 0x0000,
 0x0000,
 0x0000,
 0x0000,
 0x8031,
 0x0000,
 0x0000,
 0x0000,
 0x0000,
 0x0000,
 0x0000,
 0x0000,
 0x0000,
 0x0000,
 0x0000,
 0x0000,
 0x0000,
 0x0000,
 0x0000,
 0x0000,
 0x0000,
 0x0000,
 0x0000,
 0x0000,
 0x0000,
 0x0000,
 0x0000,
 0x0000,
 0x0000,
 0x0000,
 0x0000,
 0x0000,
 0x0000,
 0x0000,
 0x0000,
 0x0000,
 0x0000,
 0x0000,
 0x0000,
 0x0000,
 0x0000,
 0x0000,
 0x0000,
 0x0000,
 0x0000,
 0x0000,
 0x0000,
 0x0000,
 0x0000,
 0x0000,
 0x0000,
 0x0000,
 0x0000,
 0x0000,
 0x0000,
 0x0000,
 0x0000,
 0x0000,
 0x0000,
 0x80d9,
 0x0000,
 0x0000,
 0x0000,
 0x0000,
 0x0000,
 0x0000,
 0x0000,
 0x0000,
 0x0000,
 0x0000,
 0x0000,
 0x0000,
 0x0000,
 0x0000,
 0x0000,
 0x0000,
 0x0000,
 0x0000,
 0x0000,
 0x0000,
 0x0000,
 0x0000,
 0x0000,
 0x8072,
 0x0000,
 0x0000,
 0x0000,
 0x0000,
 0x0000,
 0x0000,
 0x0000,
 0x0000,
 0x0000,
 0x0000,
 0x0000,
 0x0000,
 0x0000,
 0x0000,
 0x0000,
 0x0000,
 0x0000,
 0x0000,
 0x0000,
 0x0000,
 0x0000,
 0x0000,
 0x0000,
 0x048c,
 0x0000,
 0x0000,
 0x0000,
 0x0000,
 0x0000,
 0x0000,
 0x0000,
 0x0000,
 0x0000,
 0x0000,
 0x0000,
 0x0000,
 0x0000,
 0x0000,
 0x0000,
 0x0000,
 0x0000,
 0x0000,
 0x0000,
 0x0000,
 0x0000,
 0x0000,
 0x0000,
 0x0000,
 0x0000,
 0x0000,
 0x0000,
 0x0000,
 0x0000,
 0x0000,
 0x0000,
 0x0000,
 0x0000,
 0x0000,
 0x0000,
 0x0000,
 0x0000,
 0x8078,
 0x0000,
 0x0000,
 0x0000,
 0x0000,
 0x0000,
 0x0000,
 0x0000,
 0x0000,
 0x0000,
 0x0000,
 0x0000,
 0x0000,
 0x0000,
 0x0000,
 0x0000,
 0x0000,
 0x0000,
 0x0000,
 0x0000,
 0x0000,
 0x0000,
 0x0000,
 0x0000,
 0x0000,
 0x0000,
 0x0000,
 0x0000,
 0x0000,
 0x0000,
 0x0000,
 0x0000,
 0x0000,
 0x0000,
 0x0000,
 0x0000,
 0x0000,
 0x0000,
 0x0000,
 0x0000,
 0x0000,
 0x0000,
 0x0000,
 0x0000,
 0x0000,
 0x0000,
 0x0000,
 0x0000,
 0x0000,
 0x0000,
 0x0000,
 0x0000,
 0x0000,
 0x0000,
 0x0000,
 0x0000,
 0x0000,
 0x0000,
 0x0000,
 0x0000,
 0x0000,
 0x0000,
 0x0000,
 0x0000,
 0x0000,
 0x0000,
 0x0000,
 0x0000,
 0x0000,
 0x0000,
 0x0000,
 0x0cd3,
 0x0000,
 0x0000,
 0x0000,
 0x0000,
 0x0000,
 0x0000,
 0x0000,
 0x0000,
 0x0000,
 0x0739,
 0x0000,
 0x0000,
 0x0000,
 0x0000,
 0x0000,
 0x0000,
 0x0000,
 0x0000,
 0x0000,
 0x0000,
 0x80f9,
 0x0000,
 0x0000,
 0x0000,
 0x0000,
 0x0000,
 0x0000,
 0x0000,
 0x019d,
 0x0000,
 0x0000,
 0x0000,
 0x0000,
 0x0000,
 0x0000,
 0x0000,
 0x0000,
 0x0000,
 0x0000,
 0x0000,
 0x0000,
 0x0000,
 0x0000,
 0x0000,
 0x0000,
 0x0000,
 0x0000,
 0x0000,
 0x0000,
 0x0000,
 0x0000,
 0x0000,
 0x0000,
 0x0000,
 0x0000,
 0x0000,
 0x0000,
 0x0000,
 0x0000,
 0x0000,
 0x0000,
 0x0000,
 0x0000,
 0x0000,
 0x0000,
 0x0000,
 0x0000,
 0x0000,
 0x0000,
 0x0000,
 0x0000,
 0x0000,
 0x0000,
 0x0000,
 0x0000,
 0x0000,
 0x0000,
 0x0000,
 0x0000,
 0x0000,
 0x0000,
 0x0000,
 0x0000,
 0x0000,
 0x0000,
 0x0000,
 0x0000,
 0x0000,
 0x0000,
 0x0be7,
 0x0000,
 0x0000,
 0x0000,
 0x0000,
 0x0000,
 0x0000,
 0x0000,
 0x0000,
 0x0000,
 0x0000,
 0x0000,
 0x0000,
 0x0000,
 0x0000,
 0x0000,
 0x0000,
 0x0000,
 0x0000,
 0x0000,
 0x0000,
 0x0000,
 0x0000,
 0x0000,
 0x0000,
 0x0000,
 0x0000,
 0x0000,
 0x0000,
 0x0000,
 0x0000,
 0x0000,
 0x0000,
 0x0000,
 0x0000,
 0x0000,
 0x0000,
 0x0000,
 0x0000,
 0x0000,
 0x0000,
 0x0000,
 0x0000,
 0x0000,
 0x0000,
 0x0000,
 0x0000,
 0x096f,
 0x0000,
 0x0000,
 0x0000,
 0x0000,
 0x0000,
 0x0000,
 0x0000,
 0x0000,
 0x0000,
 0x0000,
 0x0000,
 0x0000,
 0x0000,
 0x0000,
 0x80b6,
 0x0000,
 0x0000,
 0x0000,
 0x0000,
 0x0000,
 0x0000,
 0x0000,
 0x0000,
 0x0000,
 0x0000,
 0x0000,
 0x0000,
 0x0000,
 0x0000,
 0x0000,
 0x804f,
 0x0000,
 0x0000,
 0x0000,
 0x0000,
 0x0000,
 0x0000,
 0x0000,
 0x0000,
 0x0000,
 0x0000,
 0x0000,
 0x0000,
 0x0000,
 0x0000,
 0x0000,
 0x0000,
 0x0000,
 0x0000,
 0x0000,
 0x0000,
 0x0000,
 0x0000,
 0x0000,
 0x0000,
 0x0000,
 0x0000,
 0x0000,
 0x0000,
 0x0000,
 0x0000,
 0x0000,
 0x0000,
 0x0000,
 0x0000,
 0x0000,
 0x0000,
 0x0000,
 0x0000,
 0x0000,
 0x0000,
 0x0000,
 0x0000,
 0x0000,
 0x0000,
 0x0000,
 0x0000,
 0x0000,
 0x0000,
 0x0000,
 0x0000,
 0x0000,
 0x0000,
 0x0000,
 0x0000,
 0x0000,
 0x0000,
 0x0b09,
 0x0000,
 0x0000,
 0x0000,
 0x0000,
 0x0000,
 0x0000,
 0x0000,
 0x0000,
 0x0000,
 0x0000,
 0x0000,
 0x0000,
 0x0000,
 0x0000,
 0x0000,
 0x0000,
 0x0000,
 0x0000,
 0x0000,
 0x0000,
 0x0000,
 0x0000,
 0x0000,
 0x0000,
 0x0000,
 0x0000,
 0x0000,
 0x0000,
 0x0000,
 0x0000,
 0x0000,
 0x0000,
 0x0000,
 0x0000,
 0x0000,
 0x0000,
 0x0000,
 0x0000,
 0x0000,
 0x0000,
 0x0000,
 0x0000,
 0x0000,
 0x0000,
 0x0000,
 0x0000,
 0x0000,
 0x0000,
 0x0000,
 0x020f,
 0x0000,
 0x0000,
 0x0000,
 0x0000,
 0x0000,
 0x0000,
 0x0000,
 0x0000,
 0x0000,
 0x0000,
 0x0000,
 0x0000,
 0x032f,
 0x0000,
 0x0000,
 0x0000,
 0x0000,
 0x0000,
 0x0000,
 0x0000,
 0x0000,
 0x0000,
 0x0000,
 0x0000,
 0x0000,
 0x0000,
 0x0000,
 0x0000,
 0x0000,
 0x0000,
 0x0000,
 0x0000,
 0x0000,
 0x0000,
 0x0000,
 0x0000,
 0x0000,
 0x0000,
 0x0000,
 0x0000,
 0x0000,
 0x0000,
 0x0000,
 0x0000,
 0x0000,
 0x0000,
 0x0000,
 0x0000,
 0x0000,
 0x0000,
 0x0000,
 0x0000,
 0x0000,
 0x0000,
 0x0000,
 0x0000,
 0x0000,
 0x0000,
 0x0000,
 0x0000,
 0x0000,
 0x0000,
 0x0000,
 0x0000,
 0x0000,
 0x0000,
 0x0000,
 0x0000,
 0x0000,
 0x0000,
 0x0000,
 0x0000,
 0x0000,
 0x0000,
 0x0000,
 0x0000,
 0x0000,
 0x0000,
 0x0000,
 0x0000,
 0x097a,
 0x0000,
 0x0000,
 0x0000,
 0x0000,
 0x0000,
 0x0000,
 0x0000,
 0x0000,
 0x0000,
 0x0000,
 0x0000,
 0x0000,
 0x0000,
 0x0000,
 0x0000,
 0x0000,
 0x0000,
 0x0000,
 0x0000,
 0x0832,
 0x0000,
 0x0000,
 0x0000,
 0x0000,
 0x0000,
 0x817f,
 0x0000,
 0x0000,
 0x0000,
 0x0000,
 0x0000,
 0x0000,
 0x0000,
 0x0000,
 0x0000,
 0x0000,
 0x0000,
 0x0000,
 0x0000,
 0x0000,
 0x0000,
 0x0000,
 0x807a,
 0x0000,
 0x0000,
 0x0000,
 0x0000,
 0x0000,
 0x0000,
 0x0000,
 0x0000,
 0x0000,
 0x0000,
 0x0000,
 0x0224,
 0x0000,
 0x0000,
 0x0000,
 0x0000,
 0x0000,
 0x0000,
 0x0000,
 0x0000,
 0x0000,
 0x0000,
 0x0000,
 0x0000,
 0x0000,
 0x0000,
 0x0000,
 0x80dd,
 0x0000,
 0x0000,
 0x0000,
 0x0000,
 0x0000,
 0x0000,
 0x0000,
 0x0000,
 0x0000,
 0x0000,
 0x0000,
 0x0000,
 0x0000,
 0x0000,
 0x0000,
 0x0000,
 0x0000,
 0x0000,
 0x0000,
 0x0000,
 0x0000,
 0x0000,
 0x0000,
 0x0000,
 0x0000,
 0x0000,
 0x0000,
 0x0000,
 0x0000,
 0x0000,
 0x0000,
 0x0000,
 0x0000,
 0x0000,
 0x0000,
 0x0000,
 0x0000,
 0x0000,
 0x0000,
 0x0000,
 0x0000,
 0x80ff,
 0x0000,
 0x0000,
 0x0000,
 0x0000,
 0x0000,
 0x0000,
 0x0000,
 0x8155,
 0x0000,
 0x0000,
 0x0000,
 0x0000,
 0x0000,
 0x8009,
 0x0000,
 0x0000,
 0x0000,
 0x0000,
 0x0000,
 0x0000,
 0x0000,
 0x0000,
 0x0000,
 0x0000,
 0x0000,
 0x0000,
 0x0000,
 0x0000,
 0x0000,
 0x0000,
 0x80be,
 0x0000,
 0x0000,
 0x0000,
 0x0000,
 0x0000,
 0x0000,
 0x0000,
 0x0000,
 0x0000,
 0x0000,
 0x0000,
 0x0000,
 0x0000,
 0x0000,
 0x0000,
 0x0000,
 0x0000,
 0x0000,
 0x0000,
 0x0000,
 0x0000,
 0x0000,
 0x0000,
 0x0000,
 0x0000,
 0x0000,
 0x0000,
 0x0000,
 0x0000,
 0x0000,
 0x0000,
 0x0000,
 0x0000,
 0x0000,
 0x0000,
 0x0000,
 0x0000,
 0x0000,
 0x0000,
 0x0000,
 0x0000,
 0x0000,
 0x0000,
 0x0000,
 0x0000,
 0x0000,
 0x0000,
 0x0000,
 0x0000,
 0x0000,
 0x0000,
 0x0000,
 0x0000,
 0x0000,
 0x0000,
 0x0000,
 0x0000,
 0x0000,
 0x0000,
 0x0000,
 0x0000,
 0x0000,
 0x0000,
 0x0000,
 0x0000,
 0x0000,
 0x0000,
 0x0000,
 0x0000,
 0x0000,
 0x0000,
 0x0000,
 0x0ba2,
 0x0000,
 0x0000,
 0x0000,
 0x0000,
 0x0000,
 0x0000,
 0x0000,
 0x0000,
 0x0000,
 0x0000,
 0x0000,
 0x0000,
 0x0000,
 0x0000,
 0x0000,
 0x0000,
 0x0000,
 0x0000,
 0x0000,
 0x0000,
 0x0000,
 0x0000,
 0x0000,
 0x0000,
 0x0000,
 0x0000,
 0x0000,
 0x0000,
 0x0000,
 0x0000,
 0x0000,
 0x0000,
 0x0000,
 0x0000,
 0x0000,
 0x0000,
 0x0000,
 0x0000,
 0x0000,
 0x0000,
 0x0000,
 0x0000,
 0x0000,
 0x0000,
 0x0000,
 0x0000,
 0x0000,
 0x0000,
 0x0000,
 0x0000,
 0x0000,
 0x0000,
 0x0000,
 0x0000,
 0x0000,
 0x0000,
 0x0000,
 0x0000,
 0x0000,
 0x0000,
 0x0000,
 0x0000,
 0x0000,
 0x0000,
 0x0000,
 0x0000,
 0x0000,
 0x0000,
 0x0000,
 0x0000,
 0x0000,
 0x0000,
 0x0000,
 0x0000,
 0x0000,
 0x0000,
 0x0000,
 0x0000,
 0x0000,
 0x0000,
 0x0000,
 0x0000,
 0x0000,
 0x0000,
 0x0000,
 0x0000,
 0x0000,
 0x0000,
 0x0000,
 0x0000,
 0x0000,
 0x0000,
 0x0000,
 0x0000,
 0x800d,
 0x0000,
 0x0000,
 0x0000,
 0x0000,
 0x0000,
 0x0000,
 0x0000,
 0x0000,
 0x0000,
 0x0000,
 0x0000,
 0x0000,
 0x0000,
 0x0000,
 0x0000,
 0x0000,
 0x0000,
 0x0000,
 0x0000,
 0x0000,
 0x0000,
 0x0000,
 0x0000,
 0x0000,
 0x0c2b,
 0x0000,
 0x0000,
 0x0000,
 0x0000,
 0x0000,
 0x0000,
 0x0000,
 0x0000,
 0x0000,
 0x0000,
 0x0000,
 0x0000,
 0x0000,
 0x0000,
 0x0000,
 0x0000,
 0x0000,
 0x0000,
 0x0000,
 0x0000,
 0x0000,
 0x0000,
 0x0000,
 0x0000,
 0x0000,
 0x0000,
 0x0000,
 0x0000,
 0x0000,
 0x0000,
 0x0000,
 0x0000,
 0x0000,
 0x0000,
 0x0000,
 0x0000,
 0x0000,
 0x0000,
 0x0000,
 0x0000,
 0x0000,
 0x0000,
 0x0000,
 0x0000,
 0x0000,
 0x0000,
 0x0000,
 0x0000,
 0x0000,
 0x0000,
 0x0000,
 0x8182,
 0x0000,
 0x0000,
 0x0000,
 0x0000,
 0x0000,
 0x0000,
 0x0000,
 0x0000,
 0x0000,
 0x0000,
 0x0000,
 0x0000,
 0x0000,
 0x0000,
 0x0000,
 0x0000,
 0x0000,
 0x0000,
 0x0000,
 0x0000,
 0x0000,
 0x0000,
 0x0000,
 0x0000,
 0x0000,
 0x0000,
 0x0000,
 0x0000,
 0x0000,
 0x0000,
 0x0000,
 0x0000,
 0x0000,
 0x0000,
 0x0000,
 0x0000,
 0x0000,
 0x0000,
 0x0000,
 0x0000,
 0x0000,
 0x0000,
 0x0000,
 0x0000,
 0x0000,
 0x0000,
 0x0000,
 0x0000,
 0x0000,
 0x0000,
 0x0000,
 0x0000,
 0x0000,
 0x0000,
 0x0000,
 0x0000,
 0x0000,
 0x0000,
 0x0000,
 0x0000,
 0x0000,
 0x0000,
 0x0000,
 0x0000,
 0x0000,
 0x0000,
 0x0000,
 0x0000,
 0x0000,
 0x0000,
 0x0000,
 0x0000,
 0x0000,
 0x0000,
 0x0000,
 0x0000,
 0x0000,
 0x0000,
 0x0000,
 0x0000,
 0x0000,
 0x0000,
 0x0000,
 0x0000,
 0x0000,
 0x0000,
 0x0000,
 0x0000,
 0x0000,
 0x80de,
 0x0000,
 0x0000,
 0x0000,
 0x0000,
 0x0000,
 0x0000,
 0x05ea,
 0x0000,
 0x0000,
 0x0000,
 0x0000,
 0x0000,
 0x0000,
 0x0000,
 0x0000,
 0x0000,
 0x0000,
 0x0000,
 0x0000,
 0x0000,
 0x0000,
 0x0000,
 0x0000,
 0x0000,
 0x0000,
 0x0000,
 0x0000,
 0x0000,
 0x0000,
 0x0000,
 0x0974,
 0x0000,
 0x0000,
 0x0000,
 0x0000,
 0x0000,
 0x0000,
 0x0000,
 0x0000,
 0x0000,
 0x0000,
 0x0000,
 0x0000,
 0x0000,
 0x0000,
 0x0000,
 0x0000,
 0x0000,
 0x0000,
 0x0000,
 0x0000,
 0x0000,
 0x0000,
 0x0000,
 0x0000,
 0x0000,
 0x0000,
 0x0000,
 0x0000,
 0x0000,
 0x0000,
 0x0000,
 0x0000,
 0x0000,
 0x0000,
 0x0000,
 0x0000,
 0x01fe,
 0x0000,
 0x0000,
 0x0000,
 0x0000,
 0x0000,
 0x0000,
 0x0000,
 0x0000,
 0x0000,
 0x0000,
 0x0000,
 0x0000,
 0x0000,
 0x0000,
 0x0000,
 0x0000,
 0x0000,
 0x0000,
 0x0000,
 0x0000,
 0x0000,
 0x0000,
 0x0000,
 0x0000,
 0x0000,
 0x0000,
 0x0000,
 0x0000,
 0x0000,
 0x0000,
 0x0000,
 0x0000,
 0x0000,
 0x0000,
 0x0000,
 0x0999,
 0x0000,
 0x0000,
 0x0000,
 0x0000,
 0x0000,
 0x0000,
 0x0000,
 0x0000,
 0x0000,
 0x0000,
 0x0000,
 0x0000,
 0x0000,
 0x0000,
 0x0000,
 0x0000,
 0x0000,
 0x0000,
 0x0000,
 0x0000,
 0x0000,
 0x0000,
 0x0000,
 0x0000,
 0x0000,
 0x809f,
 0x0000,
 0x0000,
 0x0000,
 0x0000,
 0x0000,
 0x0000,
 0x0000,
 0x0000,
 0x0000,
 0x0000,
 0x0000,
 0x0000,
 0x0000,
 0x0000,
 0x0000,
 0x0000,
 0x0000,
 0x0000,
 0x0000,
 0x0000,
 0x0000,
 0x0000,
 0x0000,
 0x0000,
 0x0000,
 0x0000,
 0x0000,
 0x0000,
 0x0000,
 0x0000,
 0x0000,
 0x0000,
 0x0000,
 0x0000,
 0x0000,
 0x0000,
 0x0000,
 0x0000,
 0x0000,
 0x0000,
 0x0000,
 0x0000,
 0x0000,
 0x0000,
 0x0000,
 0x0000,
 0x0000,
 0x0000,
 0x0000,
 0x0000,
 0x0000,
 0x0000,
 0x0000,
 0x0000,
 0x0000,
 0x0000,
 0x0000,
 0x0000,
 0x0000,
 0x8097,
 0x0000,
 0x0000,
 0x0000,
 0x0000,
 0x0000,
 0x0000,
 0x0000,
 0x0000,
 0x0000,
 0x0000,
 0x0000,
 0x0000,
 0x0000,
 0x0000,
 0x0000,
 0x0000,
 0x0000,
 0x0000,
 0x0000,
 0x0000,
 0x0000,
 0x0000,
 0x0000,
 0x0000,
 0x0000,
 0x0000,
 0x0000,
 0x0000,
 0x0000,
 0x0000,
 0x0000,
 0x0000,
 0x0000,
 0x0000,
 0x0000,
 0x0000,
 0x8121,
 0x0000,
 0x0000,
 0x801f,
 0x0000,
 0x0000,
 0x0000,
 0x0000,
 0x0000,
 0x0000,
 0x0000,
 0x0000,
 0x0000,
 0x0000,
 0x0000,
 0x0000,
 0x0000,
 0x0000,
 0x0000,
 0x0000,
 0x0000,
 0x0000,
 0x0000,
 0x0000,
 0x0000,
 0x0000,
 0x0000,
 0x0000,
 0x0000,
 0x0000,
 0x0000,
 0x0000,
 0x0000,
 0x0000,
 0x0000,
 0x0000,
 0x0000,
 0x0000,
 0x0000,
 0x0000,
 0x0000,
 0x0000,
 0x0000,
 0x0000,
 0x0000,
 0x0000,
 0x0000,
 0x0000,
 0x0000,
 0x0000,
 0x0000,
 0x0000,
 0x0000,
 0x0000,
 0x0000,
 0x0000,
 0x0000,
 0x0000,
 0x0000,
 0x0000,
 0x0000,
 0x0000,
 0x0000,
 0x0000,
 0x0000,
 0x0000,
 0x0000,
 0x0000,
 0x0000,
 0x0000,
 0x0000,
 0x0000,
 0x0000,
 0x0000,
 0x0000,
 0x0000,
 0x0000,
 0x0000,
 0x0000,
 0x0000,
 0x0000,
 0x0000,
 0x0000,
 0x0000,
 0x0000,
 0x0000,
 0x0000,
 0x0000,
 0x0000,
 0x0000,
 0x0000,
 0x0000,
 0x0000,
 0x0000,
 0x0000,
 0x0000,
 0x0000,
 0x0000,
 0x0000,
 0x0000,
 0x0000,
 0x0000,
 0x0000,
 0x0000,
 0x0000,
 0x0000,
 0x0000,
 0x0000,
 0x0000,
 0x0000,
 0x0000,
 0x0000,
 0x0000,
 0x0000,
 0x0000,
 0x0000,
 0x0000,
 0x0000,
 0x0000,
 0x0000,
 0x0000,
 0x0000,
 0x0000,
 0x0000,
 0x0000,
 0x0000,
 0x0000,
 0x0000,
 0x0000,
 0x0000,
 0x0000,
 0x0000,
 0x0000,
 0x0000,
 0x0000,
 0x0000,
 0x0000,
 0x0000,
 0x0000,
 0x0000,
 0x0000,
 0x0000,
 0x0000,
 0x0000,
 0x0000,
 0x809b,
 0x0000,
 0x0000,
 0x0000,
 0x0000,
 0x0000,
 0x0000,
 0x0000,
 0x0000,
 0x0000,
 0x0000,
 0x0000,
 0x0000,
 0x0000,
 0x0000,
 0x0000,
 0x0000,
 0x0000,
 0x0000,
 0x0000,
 0x0000,
 0x0000,
 0x0000,
 0x0000,
 0x0000,
 0x0000,
 0x0000,
 0x0000,
 0x0000,
 0x0000,
 0x0000,
 0x0000,
 0x0000,
 0x0000,
 0x0000,
 0x0000,
 0x0000,
 0x0000,
 0x0000,
 0x0000,
 0x0000,
 0x0000,
 0x0000,
 0x0000,
 0x0000,
 0x0000,
 0x0000,
 0x0000,
 0x0000,
 0x0000,
 0x0000,
 0x0000,
 0x0000,
 0x0000,
 0x0000,
 0x0000,
 0x0000,
 0x0000,
 0x0000,
 0x0000,
 0x0000,
 0x0000,
 0x0000,
 0x0000,
 0x0000,
 0x0000,
 0x0000,
 0x0000,
 0x0000,
 0x0000,
 0x0000,
 0x0000,
 0x0000,
 0x0000,
 0x0000,
 0x0000,
 0x0000,
 0x0000,
 0x0000,
 0x0000,
 0x0000,
 0x0000,
 0x0000,
 0x0000,
 0x0000,
 0x0000,
 0x0000,
 0x0000,
 0x0000,
 0x0000,
 0x0000,
 0x0000,
 0x0000,
 0x0000,
 0x0000,
 0x0000,
 0x0000,
 0x0000,
 0x0000,
 0x0000,
 0x0000,
 0x0000,
 0x0000,
 0x0000,
 0x0000,
 0x0000,
 0x0000,
 0x0000,
 0x0000,
 0x0000,
 0x0000,
 0x0000,
 0x0000,
 0x0000,
 0x0000,
 0x0000,
 0x0000,
 0x0000,
 0x0000,
 0x0000,
 0x0000,
 0x0000,
 0x0000,
 0x0000,
 0x0000,
 0x0000,
 0x0000,
 0x0000,
 0x0000,
 0x0000,
 0x0000,
 0x0000,
 0x0000,
 0x0000,
 0x0000,
 0x0000,
 0x0000,
 0x0000,
 0x0000,
 0x0000,
 0x0000,
 0x0965,
 0x0000,
 0x0000,
 0x0000,
 0x0000,
 0x0000,
 0x0000,
 0x0000,
 0x0000,
 0x0000,
 0x0000,
 0x0000,
 0x0000,
 0x0000,
 0x0000,
 0x0000,
 0x0000,
 0x0000,
 0x0000,
 0x0000,
 0x0000,
 0x0000,
 0x0000,
 0x0000,
 0x0000,
 0x0000,
 0x0000,
 0x0000,
 0x0000,
 0x0000,
 0x0000,
 0x0000,
 0x0000,
 0x0000,
 0x0000,
 0x0000,
 0x0000,
 0x0000,
 0x0000,
 0x0000,
 0x0000,
 0x0000,
 0x0000,
 0x0000,
 0x0000,
 0x0000,
 0x0000,
 0x0000,
 0x0000,
 0x0000,
 0x0000,
 0x0000,
 0x0000,
 0x0000,
 0x0000,
 0x0000,
 0x0000,
 0x0000,
 0x0000,
 0x0000,
 0x0000,
 0x0000,
 0x0000,
 0x0000,
 0x0000,
 0x0000,
 0x0000,
 0x0000,
 0x0000,
 0x0000,
 0x0000,
 0x0000,
 0x0000,
 0x0000,
 0x0000,
 0x0000,
 0x0000,
 0x0000,
 0x0000,
 0x0000,
 0x0000,
 0x0000,
 0x0000,
 0x0000,
 0x0000,
 0x0000,
 0x0000,
 0x0000,
 0x0000,
 0x0000,
 0x0000,
 0x0000,
 0x0000,
 0x0000,
 0x0000,
 0x0000,
 0x0000,
 0x0000,
 0x0000,
 0x0000,
 0x0000,
 0x0000,
 0x0000,
 0x0000,
 0x0000,
 0x0000,
 0x0000,
 0x0000,
 0x0000,
 0x0000,
 0x0000,
 0x0000,
 0x0000,
 0x0000,
 0x0000,
 0x0000,
 0x0000,
 0x0000,
 0x0000,
 0x0000,
 0x0000,
 0x0000,
 0x0000,
 0x0000,
 0x0000,
 0x0000,
 0x0000,
 0x0000,
 0x0000,
 0x0000,
 0x0000,
 0x0000,
 0x0472,
 0x0000,
 0x0000,
 0x0000,
 0x0000,
 0x0000,
 0x0000,
 0x0000,
 0x0000,
 0x0000,
 0x0000,
 0x0000,
 0x0000,
 0x0000,
 0x0000,
 0x0000,
 0x0000,
 0x0000,
 0x0000,
 0x0000,
 0x0000,
 0x0000,
 0x0000,
 0x0000,
 0x0000,
 0x800b,
 0x0000,
 0x0000,
 0x0000,
 0x0000,
 0x0000,
 0x0000,
 0x0000,
 0x0000,
 0x0000,
 0x0000,
 0x0000,
 0x0000,
 0x0000,
 0x0000,
 0x0000,
 0x0000,
 0x0000,
 0x0000,
 0x0000,
 0x01ac,
 0x0000,
 0x0000,
 0x0000,
 0x0000,
 0x0000,
 0x8053,
 0x0000,
 0x0000,
 0x0000,
 0x0000,
 0x0607,
 0x0000,
 0x0000,
 0x0000,
 0x0000,
 0x0000,
 0x0000,
 0x0000,
 0x0000,
 0x0000,
 0x0000,
 0x0000,
 0x0000,
 0x0000,
 0x0000,
 0x0000,
 0x0000,
 0x0000,
 0x0000,
 0x80a7,
 0x0000,
 0x0000,
 0x0000,
 0x0000,
 0x0000,
 0x0000,
 0x0000,
 0x0000,
 0x0000,
 0x0000,
 0x0000,
 0x0000,
 0x0000,
 0x0000,
 0x0000,
 0x0000,
 0x0000,
 0x0000,
 0x0000,
 0x0000,
 0x0000,
 0x0000,
 0x0000,
 0x0000,
 0x0000,
 0x0000,
 0x0000,
 0x0000,
 0x0000,
 0x0000,
 0x0000,
 0x0000,
 0x0000,
 0x0000,
 0x0000,
 0x0000,
 0x0000,
 0x0000,
 0x0000,
 0x0000,
 0x0000,
 0x0000,
 0x0000,
 0x0000,
 0x0000,
 0x0000,
 0x0000,
 0x0000,
 0x0000,
 0x0000,
 0x0000,
 0x0000,
 0x0000,
 0x0000,
 0x0000,
 0x0000,
 0x0000,
 0x0000,
 0x0000,
 0x8085,
 0x0000,
 0x0000,
 0x0000,
 0x0000,
 0x0000,
 0x0000,
 0x0000,
 0x0000,
 0x0000,
 0x0000,
 0x0000,
 0x0000,
 0x0000,
 0x0000,
 0x0000,
 0x0000,
 0x0000,
 0x0000,
 0x0000,
 0x0000,
 0x0000,
 0x0000,
 0x0000,
 0x0000,
 0x0000,
 0x0000,
 0x0000,
 0x0000,
 0x8001,
 0x0000,
 0x0000,
 0x0000,
 0x0000,
 0x0000,
 0x0000,
 0x0000,
 0x0000,
 0x0000,
 0x0000,
 0x0000,
 0x0000,
 0x0000,
 0x0000,
 0x0000,
 0x0000,
 0x0000,
 0x0000,
 0x0000,
 0x0000,
 0x0000,
 0x0000,
 0x0000,
 0x0000,
 0x0000,
 0x0000,
 0x0000,
 0x0000,
 0x0000,
 0x0000,
 0x0000,
 0x0000,
 0x0000,
 0x0000,
 0x0000,
 0x0000,
 0x0000,
 0x0000,
 0x0000,
 0x0000,
 0x0000,
 0x0000,
 0x0000,
 0x0000,
 0x0000,
 0x0000,
 0x0000,
 0x0000,
 0x0000,
 0x0000,
 0x0000,
 0x0000,
 0x0000,
 0x0000,
 0x0000,
 0x0000,
 0x0000,
 0x0000,
 0x0000,
 0x0000,
 0x0000,
 0x0000,
 0x0000,
 0x80b5,
 0x0000,
 0x0000,
 0x0000,
 0x0000,
 0x0000,
 0x0000,
 0x0000,
 0x0000,
 0x0000,
 0x0000,
 0x0000,
 0x0000,
 0x0000,
 0x0000,
 0x0000,
 0x0000,
 0x0000,
 0x0000,
 0x0000,
 0x0000,
 0x0000,
 0x0000,
 0x0000,
 0x0000,
 0x0000,
 0x0000,
 0x0000,
 0x0000,
 0x0000,
 0x0000,
 0x0000,
 0x0000,
 0x0000,
 0x0000,
 0x0000,
 0x0000,
 0x0000,
 0x0000,
 0x0000,
 0x0000,
 0x0000,
 0x0000,
 0x0000,
 0x0000,
 0x0000,
 0x0000,
 0x0000,
 0x0000,
 0x0000,
 0x0000,
 0x0000,
 0x0000,
 0x0000,
 0x0000,
 0x0000,
 0x0000,
 0x0000,
 0x0000,
 0x0000,
 0x0000,
 0x0000,
 0x0000,
 0x0000,
 0x0000,
 0x80e0,
 0x0000,
 0x0000,
 0x0000,
 0x0000,
 0x0000,
 0x0000,
 0x0000,
 0x0000,
 0x0000,
 0x0000,
 0x0000,
 0x0000,
 0x0000,
 0x0000,
 0x0000,
 0x0000,
 0x0000,
 0x0000,
 0x0000,
 0x0000,
 0x0000,
 0x0000,
 0x0000,
 0x0000,
 0x0000,
 0x099d,
 0x0000,
 0x0000,
 0x0000,
 0x0000,
 0x0000,
 0x0000,
 0x0000,
 0x0000,
 0x0000,
 0x0000,
 0x0000,
 0x0000,
 0x0000,
 0x0000,
 0x0000,
 0x0000,
 0x0000,
 0x0000,
 0x0000,
 0x0000,
 0x0000,
 0x0000,
 0x0000,
 0x0000,
 0x0000,
 0x0000,
 0x0000,
 0x0000,
 0x0000,
 0x0000,
 0x0000,
 0x0000,
 0x0000,
 0x0000,
 0x0000,
 0x0000,
 0x0000,
 0x0000,
 0x0000,
 0x0000,
 0x0000,
 0x0000,
 0x0000,
 0x0000,
 0x0000,
 0x0000,
 0x0000,
 0x0000,
 0x0000,
 0x0000,
 0x0000,
 0x0000,
 0x0000,
 0x0000,
 0x0000,
 0x0000,
 0x0000,
 0x0000,
 0x0000,
 0x0000,
 0x0000,
 0x0000,
 0x0000,
 0x0000,
 0x0000,
 0x0000,
 0x0000,
 0x0000,
 0x0000,
 0x0000,
 0x0000,
 0x0000,
 0x0000,
 0x0000,
 0x0000,
 0x0000,
 0x0000,
 0x0000,
 0x0000,
 0x0000,
 0x0000,
 0x0000,
 0x0000,
 0x0000,
 0x0000,
 0x0000,
 0x0000,
 0x0000,
 0x0000,
 0x0000,
 0x0000,
 0x0000,
 0x0000,
 0x0000,
 0x0000,
 0x0000,
 0x0000,
 0x0000,
 0x0000,
 0x0000,
 0x0000,
 0x0000,
 0x0000,
 0x0000,
 0x0000,
 0x0000,
 0x0000,
 0x0000,
 0x80f8,
 0x0000,
 0x0000,
 0x0000,
 0x0000,
 0x0000,
 0x0000,
 0x0000,
 0x0000,
 0x0000,
 0x0000,
 0x0000,
 0x0000,
 0x0000,
 0x0000,
 0x0000,
 0x0000,
 0x0000,
 0x0000,
 0x0000,
 0x0000,
 0x0000,
 0x0000,
 0x0000,
 0x0000,
 0x0000,
 0x0bdf,
 0x0000,
 0x0000,
 0x0000,
 0x0000,
 0x0000,
 0x0000,
 0x0000,
 0x0000,
 0x0000,
 0x0000,
 0x0000,
 0x0000,
 0x0000,
 0x0000,
 0x0000,
 0x0000,
 0x0000,
 0x0000,
 0x0000,
 0x0000,
 0x0000,
 0x0000,
 0x0000,
 0x0000,
 0x0000,
 0x0000,
 0x0000,
 0x0000,
 0x0000,
 0x0000,
 0x0000,
 0x0000,
 0x0000,
 0x0000,
 0x0000,
 0x0000,
 0x0000,
 0x0000,
 0x0000,
 0x0000,
 0x0000,
 0x0000,
 0x812f,
 0x0000,
 0x0000,
 0x0000,
 0x0000,
 0x0000,
 0x0000,
 0x0743,
 0x0000,
 0x0000,
 0x0000,
 0x0000,
 0x0000,
 0x0000,
 0x0000,
 0x0000,
 0x0000,
 0x0000,
 0x0000,
 0x0000,
 0x0000,
 0x0000,
 0x0000,
 0x0000,
 0x0000,
 0x0000,
 0x0000,
 0x0000,
 0x0000,
 0x0000,
 0x0000,
 0x0000,
 0x0000,
 0x0000,
 0x0000,
 0x0000,
 0x0000,
 0x0000,
 0x0000,
 0x0000,
 0x0000,
 0x0000,
 0x0000,
 0x0000,
 0x0000,
 0x0000,
 0x0000,
 0x0000,
 0x0000,
 0x0000,
 0x0000,
 0x0000,
 0x0000,
 0x0000,
 0x0000,
 0x0000,
 0x0000,
 0x0000,
 0x0000,
 0x0000,
 0x0000,
 0x0000,
 0x0000,
 0x0000,
 0x0000,
 0x0000,
 0x0000,
 0x0000,
 0x0000,
 0x0000,
 0x0000,
 0x0000,
 0x0000,
 0x0000,
 0x0000,
 0x0000,
 0x0000,
 0x0000,
 0x0000,
 0x0000,
 0x0000,
 0x0000,
 0x0000,
 0x0000,
 0x0000,
 0x0000,
 0x0000,
 0x0000,
 0x0000,
 0x0000,
 0x0000,
 0x0000,
 0x0000,
 0x0000,
 0x0000,
 0x0000,
 0x0000,
 0x0000,
 0x0000,
 0x0000,
 0x0000,
 0x0000,
 0x0000,
 0x0000,
 0x0000,
 0x0000,
 0x0000,
 0x0000,
 0x0000,
 0x0000,
 0x0000,
 0x0000,
 0x0000,
 0x0000,
 0x0000,
 0x0000,
 0x0000,
 0x0000,
 0x0000,
 0x0000,
 0x0000,
 0x0000,
 0x0000,
 0x0000,
 0x0000,
 0x0000,
 0x0000,
 0x0000,
 0x0000,
 0x0000,
 0x0000,
 0x0000,
 0x0000,
 0x0000,
 0x0000,
 0x0000,
 0x0000,
 0x0000,
 0x0000,
 0x0000,
 0x0000,
 0x0000,
 0x0000,
 0x0000,
 0x0000,
 0x0000,
 0x0000,
 0x0000,
 0x0000,
 0x0000,
 0x0000,
 0x0000,
 0x0000,
 0x0000,
 0x0000,
 0x0000,
 0x0000,
 0x0000,
 0x0000,
 0x0000,
 0x0000,
 0x0126,
 0x0000,
 0x0000,
 0x0000,
 0x0000,
 0x0000,
 0x0000,
 0x0000,
 0x0000,
 0x0000,
 0x0000,
 0x0000,
 0x0000,
 0x0000,
 0x0000,
 0x0000,
 0x0000,
 0x0000,
 0x0000,
 0x0000,
 0x0000,
 0x0000,
 0x0000,
 0x0000,
 0x0000,
 0x0000,
 0x0000,
 0x0000,
 0x0000,
 0x0000,
 0x0000,
 0x0000,
 0x0000,
 0x0000,
 0x0000,
 0x8164,
 0x0000,
 0x0000,
 0x0000,
 0x0000,
 0x0000,
 0x0000,
 0x0000,
 0x0000,
 0x0000,
 0x0000,
 0x0000,
 0x0000,
 0x0000,
 0x0000,
 0x0000,
 0x0000,
 0x0000,
 0x0000,
 0x0000,
 0x0000,
 0x0000,
 0x0000,
 0x0000,
 0x0000,
 0x0000,
 0x0000,
 0x0000,
 0x0000,
 0x0000,
 0x0000,
 0x0000,
 0x0000,
 0x0000,
 0x0000,
 0x0000,
 0x0000,
 0x0000,
 0x0000,
 0x0000,
 0x0000,
 0x0000,
 0x0000,
 0x0000,
 0x0000,
 0x0000,
 0x0000,
 0x0000,
 0x0000,
 0x0000,
 0x0000,
 0x0000,
 0x0000,
 0x0000,
 0x0000,
 0x0000,
 0x0000,
 0x0000,
 0x0000,
 0x0000,
 0x0000,
 0x0000,
 0x0000,
 0x0000,
 0x0000,
 0x0000,
 0x0000,
 0x0000,
 0x0000,
 0x0000,
 0x0000,
 0x0000,
 0x0000,
 0x0000,
 0x0000,
 0x0000,
 0x0000,
 0x0000,
 0x0000,
 0x0000,
 0x0000,
 0x0000,
 0x0000,
 0x0000,
 0x0000,
 0x0000,
 0x0230,
 0x0000,
 0x0000,
 0x0000,
 0x0000,
 0x0000,
 0x813d,
 0x0000,
 0x0000,
 0x0000,
 0x0000,
 0x0000,
 0x0000,
 0x0000,
 0x0000,
 0x0000,
 0x0000,
 0x0000,
 0x0000,
 0x0000,
 0x0000,
 0x8185,
 0x0000,
 0x0000,
 0x0000,
 0x0000,
 0x0000,
 0x0000,
 0x0000,
 0x0000,
 0x0000,
 0x0000,
 0x0000,
 0x0000,
 0x0000,
 0x0000,
 0x0000,
 0x0000,
 0x0000,
 0x0000,
 0x0000,
 0x002b,
 0x0000,
 0x0000,
 0x0000,
 0x0000,
 0x0000,
 0x0000,
 0x0000,
 0x0000,
 0x0000,
 0x0000,
 0x0000,
 0x0000,
 0x0000,
 0x0000,
 0x0000,
 0x0000,
 0x0000,
 0x0000,
 0x0000,
 0x0000,
 0x0000,
 0x0000,
 0x0000,
 0x0000,
 0x0000,
 0x0000,
 0x0000,
 0x0000,
 0x0000,
 0x0000,
 0x0000,
 0x0000,
 0x0000,
 0x0000,
 0x0000,
 0x0000,
 0x0000,
 0x0000,
 0x0000,
 0x0000,
 0x0000,
 0x0000,
 0x0000,
 0x0000,
 0x0000,
 0x0000,
 0x0000,
 0x0000,
 0x0000,
 0x0000,
 0x0000,
 0x0000,
 0x0000,
 0x0000,
 0x0000,
 0x0000,
 0x0000,
 0x0000,
 0x0000,
 0x0000,
 0x0000,
 0x0000,
 0x0000,
 0x0000,
 0x0000,
 0x0000,
 0x0000,
 0x0000,
 0x0000,
 0x0000,
 0x0000,
 0x0605,
 0x0000,
 0x0000,
 0x0000,
 0x0000,
 0x0000,
 0x0000,
 0x0000,
 0x0000,
 0x0000,
 0x0000,
 0x0000,
 0x0000,
 0x0000,
 0x0000,
 0x0000,
 0x0000,
 0x0000,
 0x0000,
 0x0000,
 0x0000,
 0x0000,
 0x0000,
 0x0000,
 0x0000,
 0x0000,
 0x0000,
 0x0000,
 0x0000,
 0x0000,
 0x0000,
 0x0000,
 0x0000,
 0x0000,
 0x0000,
 0x0000,
 0x0000,
 0x0000,
 0x0000,
 0x0000,
 0x0000,
 0x0000,
 0x0000,
 0x0000,
 0x0000,
 0x0000,
 0x0000,
 0x0000,
 0x0000,
 0x0000,
 0x0000,
 0x0000,
 0x0000,
 0x0000,
 0x0000,
 0x0000,
 0x0000,
 0x0000,
 0x0000,
 0x0000,
 0x0000,
 0x0000,
 0x0000,
 0x0000,
 0x0000,
 0x0000,
 0x0000,
 0x0000,
 0x0000,
 0x0000,
 0x0000,
 0x0000,
 0x0000,
 0x0000,
 0x0000,
 0x0000,
 0x0000,
 0x0000,
 0x0000,
 0x0000,
 0x0000,
 0x0000,
 0x8037,
 0x0000,
 0x0000,
 0x031b,
 0x0000,
 0x0000,
 0x0000,
 0x0000,
 0x0000,
 0x0000,
 0x0000,
 0x0000,
 0x0000,
 0x0000,
 0x0000,
 0x0000,
 0x0000,
 0x0000,
 0x0000,
 0x0000,
 0x0000,
 0x0000,
 0x0000,
 0x0000,
 0x0000,
 0x0000,
 0x0000,
 0x0000,
 0x07b8,
 0x0000,
 0x0000,
 0x0000,
 0x0000,
 0x0000,
 0x0000,
 0x0000,
 0x0000,
 0x0000,
 0x0000,
 0x0000,
 0x0000,
 0x0000,
 0x0000,
 0x0000,
 0x0000,
 0x0000,
 0x0000,
 0x0000,
 0x0000,
 0x0000,
 0x0000,
 0x0000,
 0x0b07,
 0x0000,
 0x0000,
 0x0000,
 0x0000,
 0x0000,
 0x0000,
 0x0000,
 0x0000,
 0x0000,
 0x0000,
 0x0000,
 0x0000,
 0x0000,
 0x0000,
 0x0000,
 0x0000,
 0x0000,
 0x0000,
 0x0000,
 0x0000,
 0x0000,
 0x0000,
 0x0000,
 0x0000,
 0x0000,
 0x81a6,
 0x0000,
 0x0000,
 0x0000,
 0x0000,
 0x0000,
 0x0000,
 0x0000,
 0x0000,
 0x0000,
 0x0000,
 0x0000,
 0x0000,
 0x0000,
 0x0000,
 0x0000,
 0x0000,
 0x0000,
 0x0000,
 0x0000,
 0x0000,
 0x0000,
 0x0000,
 0x0000,
 0x0000,
 0x0000,
 0x0000,
 0x0000,
 0x0000,
 0x0000,
 0x0000,
 0x0000,
 0x0000,
 0x0000,
 0x0000,
 0x0000,
 0x0000,
 0x0000,
 0x0000,
 0x0000,
 0x0000,
 0x0000,
 0x0000,
 0x0000,
 0x0000,
 0x0000,
 0x0000,
 0x0204,
 0x0000,
 0x0000,
 0x0000,
 0x0000,
 0x0000,
 0x0000,
 0x0000,
 0x0000,
 0x0000,
 0x0000,
 0x0000,
 0x0000,
 0x0000,
 0x0000,
 0x0000,
 0x0000,
 0x0000,
 0x0000,
 0x0000,
 0x0000,
 0x0000,
 0x0000,
 0x0000,
 0x0000,
 0x0000,
 0x0000,
 0x0000,
 0x0000,
 0x0000,
 0x0000,
 0x0000,
 0x0000,
 0x0000,
 0x0000,
 0x0000,
 0x0000,
 0x0000,
 0x0000,
 0x0000,
 0x0000,
 0x0000,
 0x0000,
 0x0000,
 0x0000,
 0x0208,
 0x0000,
 0x0000,
 0x0000,
 0x0000,
 0x0000,
 0x0000,
 0x0000,
 0x0000,
 0x0000,
 0x0000,
 0x0000,
 0x0000,
 0x0000,
 0x0000,
 0x0000,
 0x0000,
 0x0000,
 0x0000,
 0x0000,
 0x0000,
 0x0000,
 0x0000,
 0x0000,
 0x0000,
 0x0000,
 0x0000,
 0x0000,
 0x0000,
 0x0000,
 0x0000,
 0x0000,
 0x0000,
 0x0000,
 0x0000,
 0x0000,
 0x0000,
 0x0000,
 0x0000,
 0x0000,
 0x0000,
 0x0000,
 0x0000,
 0x0000,
 0x0000,
 0x0000,
 0x0000,
 0x0000,
 0x0000,
 0x0000,
 0x0000,
 0x0000,
 0x0000,
 0x0000,
 0x0000,
 0x0000,
 0x0000,
 0x0000,
 0x0000,
 0x0000,
 0x0000,
 0x0000,
 0x0000,
 0x0000,
 0x0000,
 0x0000,
 0x0000,
 0x0000,
 0x0000,
 0x0000,
 0x0000,
 0x0000,
 0x0000,
 0x0000,
 0x0000,
 0x0000,
 0x0000,
 0x0000,
 0x0000,
 0x0000,
 0x0000,
 0x0000,
 0x0000,
 0x0000,
 0x0000,
 0x0000,
 0x0000,
 0x0000,
 0x0000,
 0x0000,
 0x0000,
 0x0000,
 0x0000,
 0x0000,
 0x0000,
 0x0000,
 0x0000,
 0x0000,
 0x0000,
 0x0000,
 0x0000,
 0x0000,
 0x0000,
 0x0000,
 0x0000,
 0x0000,
 0x0000,
 0x0000,
 0x0000,
 0x0000,
 0x0000,
 0x0000,
 0x0000,
 0x0000,
 0x0000,
 0x0000,
 0x0000,
 0x0000,
 0x0000,
 0x0000,
 0x0000,
 0x0000,
 0x0000,
 0x0000,
 0x0000,
 0x0000,
 0x0000,
 0x0000,
 0x0000,
 0x0000,
 0x0000,
 0x0000,
 0x09cd,
 0x0000,
 0x0000,
 0x0000,
 0x0000,
 0x0000,
 0x0000,
 0x0000,
 0x0000,
 0x0000,
 0x0000,
 0x0000,
 0x0000,
 0x0000,
 0x0000,
 0x0000,
 0x0000,
 0x0000,
 0x0000,
 0x0000,
 0x0000,
 0x0000,
 0x0000,
 0x0000,
 0x0000,
 0x0000,
 0x0000,
 0x0000,
 0x0000,
 0x0000,
 0x0000,
 0x0000,
 0x0000,
 0x0000,
 0x0000,
 0x8027,
 0x0000,
 0x0000,
 0x0000,
 0x0000,
 0x0000,
 0x0000,
 0x0000,
 0x0000,
 0x0000,
 0x0000,
 0x0000,
 0x0000,
 0x0000,
 0x0000,
 0x0000,
 0x0000,
 0x0000,
 0x0000,
 0x0000,
 0x0000,
 0x0000,
 0x0000,
 0x0000,
 0x0000,
 0x0000,
 0x0000,
 0x0000,
 0x0000,
 0x0000,
 0x0000,
 0x0000,
 0x0000,
 0x0000,
 0x0000,
 0x0000,
 0x0000,
 0x0000,
 0x0000,
 0x0000,
 0x0000,
 0x0000,
 0x0000,
 0x0000,
 0x0000,
 0x0000,
 0x0000,
 0x0000,
 0x0000,
 0x0000,
 0x0000,
 0x0000,
 0x0000,
 0x0000,
 0x0000,
 0x0000,
 0x0000,
 0x0000,
 0x0000,
 0x0000,
 0x0000,
 0x0000,
 0x0000,
 0x0000,
 0x0000,
 0x0000,
 0x0000,
 0x083a,
 0x0000,
 0x0000,
 0x0000,
 0x0000,
 0x0000,
 0x0000,
 0x0000,
 0x0000,
 0x0000,
 0x0000,
 0x0000,
 0x0000,
 0x0000,
 0x0000,
 0x0000,
 0x07a4,
 0x0000,
 0x0000,
 0x0000,
 0x0000,
 0x0000,
 0x0000,
 0x0000,
 0x0000,
 0x0000,
 0x0548,
 0x0000,
 0x0000,
 0x0000,
 0x0000,
 0x0000,
 0x0000,
 0x0000,
 0x0000,
 0x0000,
 0x0000,
 0x0000,
 0x0000,
 0x0000,
 0x0000,
 0x0000,
 0x0000,
 0x0000,
 0x0000,
 0x0000,
 0x0000,
 0x0000,
 0x0000,
 0x0000,
 0x0000,
 0x0000,
 0x0000,
 0x0000,
 0x0000,
 0x0000,
 0x0000,
 0x0000,
 0x0000,
 0x0000,
 0x0000,
 0x0000,
 0x0000,
 0x0000,
 0x0000,
 0x0000,
 0x0000,
 0x0000,
 0x0000,
 0x0000,
 0x10cf,
 0x0000,
 0x0000,
 0x0000,
 0x8117,
 0x0000,
 0x0000,
 0x0000,
 0x0000,
 0x0000,
 0x0000,
 0x0000,
 0x0000,
 0x0000,
 0x0000,
 0x0000,
 0x0000,
 0x0000,
 0x0000,
 0x0000,
 0x0000,
 0x0000,
 0x0000,
 0x0000,
 0x0000,
 0x0000,
 0x0000,
 0x0000,
 0x0000,
 0x0000,
 0x0000,
 0x0000,
 0x0000,
 0x0000,
 0x0000,
 0x0000,
 0x0000,
 0x0000,
 0x0000,
 0x0000,
 0x0000,
 0x0000,
 0x0000,
 0x0000,
 0x0000,
 0x0000,
 0x0000,
 0x0000,
 0x0000,
 0x0000,
 0x0000,
 0x0000,
 0x0000,
 0x0000,
 0x0000,
 0x0000,
 0x0000,
 0x0000,
 0x0000,
 0x0000,
 0x0000,
 0x0000,
 0x0000,
 0x0000,
 0x0000,
 0x0000,
 0x0000,
 0x0000,
 0x0000,
 0x0000,
 0x0000,
 0x0000,
 0x0000,
 0x0000,
 0x0000,
 0x0000,
 0x0000,
 0x0000,
 0x0000,
 0x0000,
 0x0000,
 0x0000,
 0x0000,
 0x0000,
 0x0000,
 0x0000,
 0x0000,
 0x0000,
 0x05e8,
 0x0000,
 0x0000,
 0x0000,
 0x0000,
 0x0000,
 0x0000,
 0x0000,
 0x0000,
 0x0000,
 0x0000,
 0x0000,
 0x0000,
 0x0000,
 0x0000,
 0x0000,
 0x0000,
 0x0000,
 0x0000,
 0x0000,
 0x0000,
 0x0000,
 0x0000,
 0x0000,
 0x012f,
 0x0000,
 0x0000,
 0x0000,
 0x0000,
 0x0000,
 0x0000,
 0x0000,
 0x0000,
 0x0000,
 0x0000,
 0x0000,
 0x0000,
 0x0000,
 0x0000,
 0x0000,
 0x0000,
 0x0000,
 0x0000,
 0x0000,
 0x0000,
 0x0000,
 0x0000,
 0x0000,
 0x0000,
 0x0000,
 0x0000,
 0x0000,
 0x0000,
 0x0000,
 0x0000,
 0x0000,
 0x0000,
 0x0000,
 0x0000,
 0x0000,
 0x0000,
 0x0000,
 0x0000,
 0x0000,
 0x0000,
 0x0000,
 0x0000,
 0x0000,
 0x0000,
 0x0000,
 0x0000,
 0x0467,
 0x0000,
 0x0000,
 0x0000,
 0x0000,
 0x0000,
 0x0000,
 0x0000,
 0x0000,
 0x0000,
 0x0000,
 0x0000,
 0x0000,
 0x0000,
 0x0000,
 0x0000,
 0x0000,
 0x0000,
 0x0000,
 0x0000,
 0x0000,
 0x0000,
 0x0000,
 0x0000,
 0x0000,
 0x0000,
 0x0000,
 0x0000,
 0x0000,
 0x0000,
 0x0000,
 0x0000,
 0x0000,
 0x0000,
 0x0000,
 0x0000,
 0x0000,
 0x0000,
 0x0000,
 0x0000,
 0x0000,
 0x0000,
 0x0000,
 0x0000,
 0x0000,
 0x0000,
 0x0000,
 0x0000,
 0x0000,
 0x0000,
 0x0000,
 0x0000,
 0x0000,
 0x0000,
 0x0000,
 0x0000,
 0x0000,
 0x0000,
 0x0000,
 0x8069,
 0x0000,
 0x0000,
 0x0000,
 0x0000,
 0x0000,
 0x0000,
 0x0000,
 0x0000,
 0x0000,
 0x0000,
 0x0000,
 0x001b,
 0x0000,
 0x0000,
 0x0000,
 0x0000,
 0x0000,
 0x0000,
 0x0000,
 0x0000,
 0x0000,
 0x0000,
 0x0000,
 0x0000,
 0x0000,
 0x0000,
 0x0000,
 0x0000,
 0x0000,
 0x0000,
 0x0000,
 0x01be,
 0x0000,
 0x0000,
 0x0000,
 0x0000,
 0x0000,
 0x0000,
 0x0000,
 0x0000,
 0x0000,
 0x0000,
 0x0000,
 0x0000,
 0x0000,
 0x0000,
 0x0000,
 0x0000,
 0x0000,
 0x0000,
 0x0000,
 0x0000,
 0x0000,
 0x0000,
 0x0000,
 0x0000,
 0x0000,
 0x0000,
 0x0000,
 0x0000,
 0x0000,
 0x0000,
 0x0000,
 0x0749,
 0x0000,
 0x0000,
 0x0000,
 0x0000,
 0x0000,
 0x0000,
 0x0000,
 0x0000,
 0x0000,
 0x0000,
 0x0000,
 0x0000,
 0x0000,
 0x0000,
 0x0000,
 0x0000,
 0x0000,
 0x0000,
 0x0000,
 0x0000,
 0x0000,
 0x0000,
 0x0000,
 0x0000,
 0x0000,
 0x0000,
 0x0000,
 0x0000,
 0x0000,
 0x0000,
 0x0000,
 0x0000,
 0x0000,
 0x0000,
 0x0000,
 0x0000,
 0x0000,
 0x0000,
 0x0000,
 0x0000,
 0x0000,
 0x0000,
 0x0000,
 0x0000,
 0x0000,
 0x8137,
 0x0000,
 0x0000,
 0x0000,
 0x0000,
 0x0000,
 0x0000,
 0x0000,
 0x0000,
 0x0000,
 0x0000,
 0x0000,
 0x0000,
 0x0000,
 0x0000,
 0x0000,
 0x0000,
 0x0000,
 0x0000,
 0x0000,
 0x0000,
 0x0000,
 0x0000,
 0x0000,
 0x0000,
 0x0000,
 0x0000,
 0x0000,
 0x0000,
 0x0000,
 0x0000,
 0x0000,
 0x0000,
 0x0bdd,
 0x0000,
 0x0000,
 0x0000,
 0x0000,
 0x0000,
 0x0000,
 0x0000,
 0x075d,
 0x0000,
 0x0000,
 0x0000,
 0x0000,
 0x0000,
 0x0000,
 0x0000,
 0x0000,
 0x0000,
 0x0000,
 0x0000,
 0x0000,
 0x0000,
 0x0000,
 0x0be1,
 0x0000,
 0x0000,
 0x0000,
 0x0000,
 0x0000,
 0x0000,
 0x0000,
 0x0000,
 0x0000,
 0x0000,
 0x0000,
 0x0000,
 0x0000,
 0x0000,
 0x0000,
 0x0000,
 0x0463,
 0x0000,
 0x0000,
 0x0000,
 0x0000,
 0x0000,
 0x0000,
 0x0000,
 0x0000,
 0x0000,
 0x0000,
 0x0000,
 0x0000,
 0x0000,
 0x0000,
 0x0000,
 0x0000,
 0x0000,
 0x0000,
 0x0000,
 0x0000,
 0x805a,
 0x0000,
 0x0000,
 0x0000,
 0x0000,
 0x0000,
 0x0000,
 0x0000,
 0x0000,
 0x0000,
 0x0000,
 0x0000,
 0x0000,
 0x0000,
 0x0000,
 0x0000,
 0x0000,
 0x0000,
 0x0000,
 0x0000,
 0x0000,
 0x0000,
 0x0000,
 0x0000,
 0x0000,
 0x0000,
 0x0000,
 0x0000,
 0x0000,
 0x05e6,
 0x0000,
 0x0000,
 0x0000,
 0x0000,
 0x0000,
 0x0000,
 0x0000,
 0x0000,
 0x0000,
 0x0000,
 0x0000,
 0x0000,
 0x0000,
 0x0000,
 0x0000,
 0x0000,
 0x0000,
 0x0000,
 0x0000,
 0x0000,
 0x0000,
 0x0000,
 0x0000,
 0x0000,
 0x0000,
 0x0000,
 0x0000,
 0x0000,
 0x0000,
 0x0000,
 0x0000,
 0x0000,
 0x0000,
 0x0000,
 0x0000,
 0x0000,
 0x0000,
 0x0000,
 0x0000,
 0x0000,
 0x0000,
 0x0000,
 0x0000,
 0x0000,
 0x0000,
 0x0000,
 0x0000,
 0x0000,
 0x0000,
 0x0000,
 0x0000,
 0x0000,
 0x0000,
 0x0000,
 0x0000,
 0x0000,
 0x0000,
 0x0000,
 0x0000,
 0x0000,
 0x0000,
 0x0000,
 0x0000,
 0x0000,
 0x0000,
 0x0000,
 0x0000,
 0x0000,
 0x0000,
 0x0000,
 0x0000,
 0x0000,
 0x0000,
 0x0000,
 0x0000,
 0x0000,
 0x0000,
 0x0000,
 0x0000,
 0x0000,
 0x0000,
 0x0000,
 0x0000,
 0x0000,
 0x0000,
 0x0000,
 0x0000,
 0x0000,
 0x0000,
 0x0000,
 0x0000,
 0x0000,
 0x0000,
 0x0000,
 0x0000,
 0x0000,
 0x0000,
 0x0000,
 0x0000,
 0x0000,
 0x0000,
 0x0000,
 0x0836,
 0x0000,
 0x0000,
 0x0000,
 0x0000,
 0x0000,
 0x0000,
 0x80ba,
 0x0000,
 0x0000,
 0x0000,
 0x0000,
 0x0000,
 0x0000,
 0x0000,
 0x0000,
 0x0000,
 0x0000,
 0x0000,
 0x0000,
 0x0000,
 0x0000,
 0x0323,
 0x0000,
 0x0000,
 0x8173,
 0x0000,
 0x0000,
 0x0000,
 0x0000,
 0x0000,
 0x0000,
 0x0000,
 0x0000,
 0x0000,
 0x0000,
 0x0000,
 0x0000,
 0x0000,
 0x0000,
 0x0000,
 0x0000,
 0x0000,
 0x0000,
 0x0000,
 0x0000,
 0x0000,
 0x0000,
 0x0000,
 0x0000,
 0x0000,
 0x0000,
 0x0000,
 0x0000,
 0x0000,
 0x0000,
 0x0000,
 0x0000,
 0x0000,
 0x0000,
 0x0000,
 0x0000,
 0x0000,
 0x0000,
 0x0000,
 0x01c2,
 0x0000,
 0x0000,
 0x0000,
 0x0000,
 0x0000,
 0x0000,
 0x0000,
 0x0000,
 0x0000,
 0x0000,
 0x0000,
 0x0000,
 0x0000,
 0x0000,
 0x0000,
 0x0000,
 0x0000,
 0x0000,
 0x0000,
 0x0000,
 0x0000,
 0x0000,
 0x0000,
 0x0000,
 0x0000,
 0x0000,
 0x0000,
 0x0000,
 0x0000,
 0x0000,
 0x0000,
 0x0000,
 0x0000,
 0x0000,
 0x0000,
 0x0000,
 0x0000,
 0x0000,
 0x0000,
 0x0000,
 0x0000,
 0x0000,
 0x0747,
 0x0000,
 0x0000,
 0x0000,
 0x0000,
 0x0000,
 0x0000,
 0x0000,
 0x0000,
 0x0000,
 0x0000,
 0x0000,
 0x0000,
 0x0000,
 0x0000,
 0x0000,
 0x0000,
 0x0000,
 0x0000,
 0x0000,
 0x0000,
 0x0000,
 0x0000,
 0x0000,
 0x0000,
 0x0000,
 0x0000,
 0x0000,
 0x0000,
 0x0000,
 0x0000,
 0x0000,
 0x0000,
 0x0000,
 0x0000,
 0x0000,
 0x0000,
 0x0000,
 0x0000,
 0x0000,
 0x0000,
 0x0000,
 0x0000,
 0x0000,
 0x0000,
 0x0000,
 0x0000,
 0x0000,
 0x0000,
 0x0000,
 0x0000,
 0x0000,
 0x0000,
 0x0000,
 0x0000,
 0x0000,
 0x0000,
 0x0000,
 0x0000,
 0x0000,
 0x0000,
 0x0000,
 0x0000,
 0x0000,
 0x0000,
 0x0000,
 0x0000,
 0x0000,
 0x0000,
 0x0000,
 0x0000,
 0x0000,
 0x0000,
 0x0000,
 0x0000,
 0x0000,
 0x0000,
 0x0000,
 0x0000,
 0x0000,
 0x0000,
 0x0000,
 0x0000,
 0x0000,
 0x81b4,
 0x0000,
 0x0000,
 0x0000,
 0x816f,
 0x0000,
 0x0000,
 0x0000,
 0x0000,
 0x0000,
 0x0000,
 0x0000,
 0x0000,
 0x0000,
 0x0000,
 0x0000,
 0x0000,
 0x0000,
 0x0611,
 0x0000,
 0x0023,
 0x0000,
 0x021e,
 0x0000,
 0x0000,
 0x0000,
 0x0000,
 0x0000,
 0x0000,
 0x0000,
 0x0000,
 0x0000,
 0x0000,
 0x0000,
 0x0000,
 0x0000,
 0x0000,
 0x0000,
 0x0000,
 0x0000,
 0x0000,
 0x0978,
 0x0000,
 0x0000,
 0x0000,
 0x0000,
 0x0000,
 0x0000,
 0x0000,
 0x0000,
 0x0000,
 0x0000,
 0x0000,
 0x0000,
 0x0000,
 0x0000,
 0x0000,
 0x0000,
 0x0000,
 0x0000,
 0x060d,
 0x0000,
 0x0000,
 0x0000,
 0x0000,
 0x0000,
 0x0000,
 0x0000,
 0x0000,
 0x0000,
 0x0000,
 0x0000,
 0x0000,
 0x0000,
 0x0000,
 0x0000,
 0x0000,
 0x0000,
 0x0000,
 0x0000,
 0x0000,
 0x0000,
 0x0000,
 0x0000,
 0x0000,
 0x0000,
 0x0000,
 0x0000,
 0x0000,
 0x0000,
 0x0000,
 0x0000,
 0x0000,
 0x0000,
 0x0000,
 0x0000,
 0x0000,
 0x0000,
 0x0000,
 0x0000,
 0x0000,
 0x0000,
 0x0000,
 0x0000,
 0x0000,
 0x0000,
 0x0000,
 0x0000,
 0x0000,
 0x0000,
 0x0000,
 0x0000,
 0x0000,
 0x0000,
 0x0000,
 0x0000,
 0x0000,
 0x0000,
 0x0000,
 0x0000,
 0x0000,
 0x0000,
 0x0000,
 0x0000,
 0x0000,
 0x0000,
 0x0000,
 0x0000,
 0x0000,
 0x0000,
 0x01b6,
 0x0000,
 0x0000,
 0x0000,
 0x0000,
 0x0000,
 0x0000,
 0x0000,
 0x0000,
 0x0000,
 0x0000,
 0x0000,
 0x0000,
 0x0000,
 0x0000,
 0x0000,
 0x0000,
 0x0000,
 0x0000,
 0x0000,
 0x0000,
 0x0000,
 0x0000,
 0x0000,
 0x0000,
 0x0000,
 0x0000,
 0x0000,
 0x0000,
 0x0000,
 0x0000,
 0x0000,
 0x0000,
 0x0000,
 0x0000
};
#endif
